id,title,capacity,current_count,version,created_by,created_date,last_modified_by,last_modified_date
1,Course 0001,500,500,0,\N,\N,\N,\N
2,Course 0002,500,0,0,\N,\N,\N,\N
3,Course 0003,500,500,0,\N,\N,\N,\N
4,Course 0004,500,500,0,\N,\N,\N,\N
5,Course 0005,500,500,0,\N,\N,\N,\N
6,Course 0006,500,0,0,\N,\N,\N,\N
7,Course 0007,500,500,0,\N,\N,\N,\N
8,Course 0008,500,500,0,\N,\N,\N,\N
9,Course 0009,500,500,0,\N,\N,\N,\N
10,Course 0010,500,500,0,\N,\N,\N,\N
11,Course 0011,500,0,0,\N,\N,\N,\N
12,Course 0012,500,500,0,\N,\N,\N,\N
13,Course 0013,500,500,0,\N,\N,\N,\N
14,Course 0014,500,500,0,\N,\N,\N,\N
15,Course 0015,500,500,0,\N,\N,\N,\N
16,Course 0016,500,0,0,\N,\N,\N,\N
17,Course 0017,500,500,0,\N,\N,\N,\N
18,Course 0018,500,457,0,\N,\N,\N,\N
19,Course 0019,500,458,0,\N,\N,\N,\N
20,Course 0020,500,457,0,\N,\N,\N,\N
21,Course 0021,500,0,0,\N,\N,\N,\N
22,Course 0022,500,456,0,\N,\N,\N,\N
23,Course 0023,500,456,0,\N,\N,\N,\N
24,Course 0024,500,458,0,\N,\N,\N,\N
25,Course 0025,500,458,0,\N,\N,\N,\N
26,Course 0026,500,0,0,\N,\N,\N,\N
27,Course 0027,500,0,0,\N,\N,\N,\N
28,Course 0028,500,0,0,\N,\N,\N,\N
29,Course 0029,500,0,0,\N,\N,\N,\N
30,Course 0030,500,0,0,\N,\N,\N,\N
31,Course 0031,500,0,0,\N,\N,\N,\N
32,Course 0032,500,0,0,\N,\N,\N,\N
33,Course 0033,500,0,0,\N,\N,\N,\N
34,Course 0034,500,0,0,\N,\N,\N,\N
35,Course 0035,500,0,0,\N,\N,\N,\N
36,Course 0036,500,0,0,\N,\N,\N,\N
37,Course 0037,500,0,0,\N,\N,\N,\N
38,Course 0038,500,0,0,\N,\N,\N,\N
39,Course 0039,500,0,0,\N,\N,\N,\N
40,Course 0040,500,0,0,\N,\N,\N,\N
41,Course 0041,500,0,0,\N,\N,\N,\N
42,Course 0042,500,0,0,\N,\N,\N,\N
43,Course 0043,500,0,0,\N,\N,\N,\N
44,Course 0044,500,0,0,\N,\N,\N,\N
45,Course 0045,500,0,0,\N,\N,\N,\N
46,Course 0046,500,0,0,\N,\N,\N,\N
47,Course 0047,500,0,0,\N,\N,\N,\N
48,Course 0048,500,0,0,\N,\N,\N,\N
49,Course 0049,500,0,0,\N,\N,\N,\N
50,Course 0050,500,0,0,\N,\N,\N,\N
51,Course 0051,500,0,0,\N,\N,\N,\N
52,Course 0052,500,0,0,\N,\N,\N,\N
53,Course 0053,500,0,0,\N,\N,\N,\N
54,Course 0054,500,0,0,\N,\N,\N,\N
55,Course 0055,500,0,0,\N,\N,\N,\N
56,Course 0056,500,0,0,\N,\N,\N,\N
57,Course 0057,500,0,0,\N,\N,\N,\N
58,Course 0058,500,0,0,\N,\N,\N,\N
59,Course 0059,500,0,0,\N,\N,\N,\N
60,Course 0060,500,0,0,\N,\N,\N,\N
61,Course 0061,500,0,0,\N,\N,\N,\N
62,Course 0062,500,0,0,\N,\N,\N,\N
63,Course 0063,500,0,0,\N,\N,\N,\N
64,Course 0064,500,0,0,\N,\N,\N,\N
65,Course 0065,500,0,0,\N,\N,\N,\N
66,Course 0066,500,0,0,\N,\N,\N,\N
67,Course 0067,500,0,0,\N,\N,\N,\N
68,Course 0068,500,0,0,\N,\N,\N,\N
69,Course 0069,500,0,0,\N,\N,\N,\N
70,Course 0070,500,0,0,\N,\N,\N,\N
71,Course 0071,500,0,0,\N,\N,\N,\N
72,Course 0072,500,0,0,\N,\N,\N,\N
73,Course 0073,500,0,0,\N,\N,\N,\N
74,Course 0074,500,0,0,\N,\N,\N,\N
75,Course 0075,500,0,0,\N,\N,\N,\N
76,Course 0076,500,0,0,\N,\N,\N,\N
77,Course 0077,500,0,0,\N,\N,\N,\N
78,Course 0078,500,0,0,\N,\N,\N,\N
79,Course 0079,500,0,0,\N,\N,\N,\N
80,Course 0080,500,0,0,\N,\N,\N,\N
81,Course 0081,500,0,0,\N,\N,\N,\N
82,Course 0082,500,0,0,\N,\N,\N,\N
83,Course 0083,500,0,0,\N,\N,\N,\N
84,Course 0084,500,0,0,\N,\N,\N,\N
85,Course 0085,500,0,0,\N,\N,\N,\N
86,Course 0086,500,0,0,\N,\N,\N,\N
87,Course 0087,500,0,0,\N,\N,\N,\N
88,Course 0088,500,0,0,\N,\N,\N,\N
89,Course 0089,500,0,0,\N,\N,\N,\N
90,Course 0090,500,0,0,\N,\N,\N,\N
91,Course 0091,500,0,0,\N,\N,\N,\N
92,Course 0092,500,0,0,\N,\N,\N,\N
93,Course 0093,500,0,0,\N,\N,\N,\N
94,Course 0094,500,0,0,\N,\N,\N,\N
95,Course 0095,500,0,0,\N,\N,\N,\N
96,Course 0096,500,0,0,\N,\N,\N,\N
97,Course 0097,500,0,0,\N,\N,\N,\N
98,Course 0098,500,0,0,\N,\N,\N,\N
99,Course 0099,500,0,0,\N,\N,\N,\N
100,Course 0100,500,0,0,\N,\N,\N,\N
101,Course 0101,500,0,0,\N,\N,\N,\N
102,Course 0102,500,0,0,\N,\N,\N,\N
103,Course 0103,500,0,0,\N,\N,\N,\N
104,Course 0104,500,0,0,\N,\N,\N,\N
105,Course 0105,500,0,0,\N,\N,\N,\N
106,Course 0106,500,0,0,\N,\N,\N,\N
107,Course 0107,500,0,0,\N,\N,\N,\N
108,Course 0108,500,0,0,\N,\N,\N,\N
109,Course 0109,500,0,0,\N,\N,\N,\N
110,Course 0110,500,0,0,\N,\N,\N,\N
111,Course 0111,500,0,0,\N,\N,\N,\N
112,Course 0112,500,0,0,\N,\N,\N,\N
113,Course 0113,500,0,0,\N,\N,\N,\N
114,Course 0114,500,0,0,\N,\N,\N,\N
115,Course 0115,500,0,0,\N,\N,\N,\N
116,Course 0116,500,0,0,\N,\N,\N,\N
117,Course 0117,500,0,0,\N,\N,\N,\N
118,Course 0118,500,0,0,\N,\N,\N,\N
119,Course 0119,500,0,0,\N,\N,\N,\N
120,Course 0120,500,0,0,\N,\N,\N,\N
121,Course 0121,500,0,0,\N,\N,\N,\N
122,Course 0122,500,0,0,\N,\N,\N,\N
123,Course 0123,500,0,0,\N,\N,\N,\N
124,Course 0124,500,0,0,\N,\N,\N,\N
125,Course 0125,500,0,0,\N,\N,\N,\N
126,Course 0126,500,0,0,\N,\N,\N,\N
127,Course 0127,500,0,0,\N,\N,\N,\N
128,Course 0128,500,0,0,\N,\N,\N,\N
129,Course 0129,500,0,0,\N,\N,\N,\N
130,Course 0130,500,0,0,\N,\N,\N,\N
131,Course 0131,500,0,0,\N,\N,\N,\N
132,Course 0132,500,0,0,\N,\N,\N,\N
133,Course 0133,500,0,0,\N,\N,\N,\N
134,Course 0134,500,0,0,\N,\N,\N,\N
135,Course 0135,500,0,0,\N,\N,\N,\N
136,Course 0136,500,0,0,\N,\N,\N,\N
137,Course 0137,500,0,0,\N,\N,\N,\N
138,Course 0138,500,0,0,\N,\N,\N,\N
139,Course 0139,500,0,0,\N,\N,\N,\N
140,Course 0140,500,0,0,\N,\N,\N,\N
141,Course 0141,500,0,0,\N,\N,\N,\N
142,Course 0142,500,0,0,\N,\N,\N,\N
143,Course 0143,500,0,0,\N,\N,\N,\N
144,Course 0144,500,0,0,\N,\N,\N,\N
145,Course 0145,500,0,0,\N,\N,\N,\N
146,Course 0146,500,0,0,\N,\N,\N,\N
147,Course 0147,500,0,0,\N,\N,\N,\N
148,Course 0148,500,0,0,\N,\N,\N,\N
149,Course 0149,500,0,0,\N,\N,\N,\N
150,Course 0150,500,0,0,\N,\N,\N,\N
151,Course 0151,500,0,0,\N,\N,\N,\N
152,Course 0152,500,0,0,\N,\N,\N,\N
153,Course 0153,500,0,0,\N,\N,\N,\N
154,Course 0154,500,0,0,\N,\N,\N,\N
155,Course 0155,500,0,0,\N,\N,\N,\N
156,Course 0156,500,0,0,\N,\N,\N,\N
157,Course 0157,500,0,0,\N,\N,\N,\N
158,Course 0158,500,0,0,\N,\N,\N,\N
159,Course 0159,500,0,0,\N,\N,\N,\N
160,Course 0160,500,0,0,\N,\N,\N,\N
161,Course 0161,500,0,0,\N,\N,\N,\N
162,Course 0162,500,0,0,\N,\N,\N,\N
163,Course 0163,500,0,0,\N,\N,\N,\N
164,Course 0164,500,0,0,\N,\N,\N,\N
165,Course 0165,500,0,0,\N,\N,\N,\N
166,Course 0166,500,0,0,\N,\N,\N,\N
167,Course 0167,500,0,0,\N,\N,\N,\N
168,Course 0168,500,0,0,\N,\N,\N,\N
169,Course 0169,500,0,0,\N,\N,\N,\N
170,Course 0170,500,0,0,\N,\N,\N,\N
171,Course 0171,500,0,0,\N,\N,\N,\N
172,Course 0172,500,0,0,\N,\N,\N,\N
173,Course 0173,500,0,0,\N,\N,\N,\N
174,Course 0174,500,0,0,\N,\N,\N,\N
175,Course 0175,500,0,0,\N,\N,\N,\N
176,Course 0176,500,0,0,\N,\N,\N,\N
177,Course 0177,500,0,0,\N,\N,\N,\N
178,Course 0178,500,0,0,\N,\N,\N,\N
179,Course 0179,500,0,0,\N,\N,\N,\N
180,Course 0180,500,0,0,\N,\N,\N,\N
181,Course 0181,500,0,0,\N,\N,\N,\N
182,Course 0182,500,0,0,\N,\N,\N,\N
183,Course 0183,500,0,0,\N,\N,\N,\N
184,Course 0184,500,0,0,\N,\N,\N,\N
185,Course 0185,500,0,0,\N,\N,\N,\N
186,Course 0186,500,0,0,\N,\N,\N,\N
187,Course 0187,500,0,0,\N,\N,\N,\N
188,Course 0188,500,0,0,\N,\N,\N,\N
189,Course 0189,500,0,0,\N,\N,\N,\N
190,Course 0190,500,0,0,\N,\N,\N,\N
191,Course 0191,500,0,0,\N,\N,\N,\N
192,Course 0192,500,0,0,\N,\N,\N,\N
193,Course 0193,500,0,0,\N,\N,\N,\N
194,Course 0194,500,0,0,\N,\N,\N,\N
195,Course 0195,500,0,0,\N,\N,\N,\N
196,Course 0196,500,0,0,\N,\N,\N,\N
197,Course 0197,500,0,0,\N,\N,\N,\N
198,Course 0198,500,0,0,\N,\N,\N,\N
199,Course 0199,500,0,0,\N,\N,\N,\N
200,Course 0200,500,0,0,\N,\N,\N,\N
201,Course 0201,100,0,0,\N,\N,\N,\N
202,Course 0202,100,100,0,\N,\N,\N,\N
203,Course 0203,100,100,0,\N,\N,\N,\N
204,Course 0204,100,100,0,\N,\N,\N,\N
205,Course 0205,100,100,0,\N,\N,\N,\N
206,Course 0206,100,0,0,\N,\N,\N,\N
207,Course 0207,100,0,0,\N,\N,\N,\N
208,Course 0208,100,100,0,\N,\N,\N,\N
209,Course 0209,100,100,0,\N,\N,\N,\N
210,Course 0210,100,100,0,\N,\N,\N,\N
211,Course 0211,100,0,0,\N,\N,\N,\N
212,Course 0212,100,100,0,\N,\N,\N,\N
213,Course 0213,100,100,0,\N,\N,\N,\N
214,Course 0214,100,100,0,\N,\N,\N,\N
215,Course 0215,100,100,0,\N,\N,\N,\N
216,Course 0216,100,0,0,\N,\N,\N,\N
217,Course 0217,100,0,0,\N,\N,\N,\N
218,Course 0218,100,100,0,\N,\N,\N,\N
219,Course 0219,100,100,0,\N,\N,\N,\N
220,Course 0220,100,100,0,\N,\N,\N,\N
221,Course 0221,100,0,0,\N,\N,\N,\N
222,Course 0222,100,100,0,\N,\N,\N,\N
223,Course 0223,100,100,0,\N,\N,\N,\N
224,Course 0224,100,100,0,\N,\N,\N,\N
225,Course 0225,100,100,0,\N,\N,\N,\N
226,Course 0226,100,0,0,\N,\N,\N,\N
227,Course 0227,100,100,0,\N,\N,\N,\N
228,Course 0228,100,100,0,\N,\N,\N,\N
229,Course 0229,100,100,0,\N,\N,\N,\N
230,Course 0230,100,100,0,\N,\N,\N,\N
231,Course 0231,100,0,0,\N,\N,\N,\N
232,Course 0232,100,0,0,\N,\N,\N,\N
233,Course 0233,100,100,0,\N,\N,\N,\N
234,Course 0234,100,100,0,\N,\N,\N,\N
235,Course 0235,100,100,0,\N,\N,\N,\N
236,Course 0236,100,0,0,\N,\N,\N,\N
237,Course 0237,100,100,0,\N,\N,\N,\N
238,Course 0238,100,0,0,\N,\N,\N,\N
239,Course 0239,100,0,0,\N,\N,\N,\N
240,Course 0240,100,0,0,\N,\N,\N,\N
241,Course 0241,100,0,0,\N,\N,\N,\N
242,Course 0242,100,100,0,\N,\N,\N,\N
243,Course 0243,100,100,0,\N,\N,\N,\N
244,Course 0244,100,0,0,\N,\N,\N,\N
245,Course 0245,100,0,0,\N,\N,\N,\N
246,Course 0246,100,0,0,\N,\N,\N,\N
247,Course 0247,100,0,0,\N,\N,\N,\N
248,Course 0248,100,0,0,\N,\N,\N,\N
249,Course 0249,100,0,0,\N,\N,\N,\N
250,Course 0250,100,0,0,\N,\N,\N,\N
251,Course 0251,100,0,0,\N,\N,\N,\N
252,Course 0252,100,100,0,\N,\N,\N,\N
253,Course 0253,100,0,0,\N,\N,\N,\N
254,Course 0254,100,0,0,\N,\N,\N,\N
255,Course 0255,100,0,0,\N,\N,\N,\N
256,Course 0256,100,0,0,\N,\N,\N,\N
257,Course 0257,100,0,0,\N,\N,\N,\N
258,Course 0258,100,0,0,\N,\N,\N,\N
259,Course 0259,100,0,0,\N,\N,\N,\N
260,Course 0260,100,100,0,\N,\N,\N,\N
261,Course 0261,100,0,0,\N,\N,\N,\N
262,Course 0262,100,0,0,\N,\N,\N,\N
263,Course 0263,100,0,0,\N,\N,\N,\N
264,Course 0264,100,100,0,\N,\N,\N,\N
265,Course 0265,100,0,0,\N,\N,\N,\N
266,Course 0266,100,0,0,\N,\N,\N,\N
267,Course 0267,100,0,0,\N,\N,\N,\N
268,Course 0268,100,0,0,\N,\N,\N,\N
269,Course 0269,100,0,0,\N,\N,\N,\N
270,Course 0270,100,0,0,\N,\N,\N,\N
271,Course 0271,100,0,0,\N,\N,\N,\N
272,Course 0272,100,0,0,\N,\N,\N,\N
273,Course 0273,100,0,0,\N,\N,\N,\N
274,Course 0274,100,0,0,\N,\N,\N,\N
275,Course 0275,100,0,0,\N,\N,\N,\N
276,Course 0276,100,0,0,\N,\N,\N,\N
277,Course 0277,100,0,0,\N,\N,\N,\N
278,Course 0278,100,0,0,\N,\N,\N,\N
279,Course 0279,100,0,0,\N,\N,\N,\N
280,Course 0280,100,0,0,\N,\N,\N,\N
281,Course 0281,100,0,0,\N,\N,\N,\N
282,Course 0282,100,0,0,\N,\N,\N,\N
283,Course 0283,100,0,0,\N,\N,\N,\N
284,Course 0284,100,0,0,\N,\N,\N,\N
285,Course 0285,100,0,0,\N,\N,\N,\N
286,Course 0286,100,0,0,\N,\N,\N,\N
287,Course 0287,100,0,0,\N,\N,\N,\N
288,Course 0288,100,0,0,\N,\N,\N,\N
289,Course 0289,100,0,0,\N,\N,\N,\N
290,Course 0290,100,0,0,\N,\N,\N,\N
291,Course 0291,100,0,0,\N,\N,\N,\N
292,Course 0292,100,0,0,\N,\N,\N,\N
293,Course 0293,100,0,0,\N,\N,\N,\N
294,Course 0294,100,0,0,\N,\N,\N,\N
295,Course 0295,100,0,0,\N,\N,\N,\N
296,Course 0296,100,0,0,\N,\N,\N,\N
297,Course 0297,100,0,0,\N,\N,\N,\N
298,Course 0298,100,0,0,\N,\N,\N,\N
299,Course 0299,100,0,0,\N,\N,\N,\N
300,Course 0300,100,0,0,\N,\N,\N,\N
301,Course 0301,100,0,0,\N,\N,\N,\N
302,Course 0302,100,0,0,\N,\N,\N,\N
303,Course 0303,100,0,0,\N,\N,\N,\N
304,Course 0304,100,0,0,\N,\N,\N,\N
305,Course 0305,100,0,0,\N,\N,\N,\N
306,Course 0306,100,0,0,\N,\N,\N,\N
307,Course 0307,100,0,0,\N,\N,\N,\N
308,Course 0308,100,0,0,\N,\N,\N,\N
309,Course 0309,100,0,0,\N,\N,\N,\N
310,Course 0310,100,0,0,\N,\N,\N,\N
311,Course 0311,100,0,0,\N,\N,\N,\N
312,Course 0312,100,100,0,\N,\N,\N,\N
313,Course 0313,100,0,0,\N,\N,\N,\N
314,Course 0314,100,0,0,\N,\N,\N,\N
315,Course 0315,100,0,0,\N,\N,\N,\N
316,Course 0316,100,0,0,\N,\N,\N,\N
317,Course 0317,100,0,0,\N,\N,\N,\N
318,Course 0318,100,0,0,\N,\N,\N,\N
319,Course 0319,100,0,0,\N,\N,\N,\N
320,Course 0320,100,0,0,\N,\N,\N,\N
321,Course 0321,100,0,0,\N,\N,\N,\N
322,Course 0322,100,0,0,\N,\N,\N,\N
323,Course 0323,100,0,0,\N,\N,\N,\N
324,Course 0324,100,0,0,\N,\N,\N,\N
325,Course 0325,100,0,0,\N,\N,\N,\N
326,Course 0326,100,0,0,\N,\N,\N,\N
327,Course 0327,100,0,0,\N,\N,\N,\N
328,Course 0328,100,0,0,\N,\N,\N,\N
329,Course 0329,100,0,0,\N,\N,\N,\N
330,Course 0330,100,0,0,\N,\N,\N,\N
331,Course 0331,100,0,0,\N,\N,\N,\N
332,Course 0332,100,0,0,\N,\N,\N,\N
333,Course 0333,100,0,0,\N,\N,\N,\N
334,Course 0334,100,0,0,\N,\N,\N,\N
335,Course 0335,100,0,0,\N,\N,\N,\N
336,Course 0336,100,0,0,\N,\N,\N,\N
337,Course 0337,100,0,0,\N,\N,\N,\N
338,Course 0338,100,0,0,\N,\N,\N,\N
339,Course 0339,100,0,0,\N,\N,\N,\N
340,Course 0340,100,0,0,\N,\N,\N,\N
341,Course 0341,100,0,0,\N,\N,\N,\N
342,Course 0342,100,0,0,\N,\N,\N,\N
343,Course 0343,100,0,0,\N,\N,\N,\N
344,Course 0344,100,0,0,\N,\N,\N,\N
345,Course 0345,100,0,0,\N,\N,\N,\N
346,Course 0346,100,0,0,\N,\N,\N,\N
347,Course 0347,100,0,0,\N,\N,\N,\N
348,Course 0348,100,0,0,\N,\N,\N,\N
349,Course 0349,100,0,0,\N,\N,\N,\N
350,Course 0350,100,0,0,\N,\N,\N,\N
351,Course 0351,100,0,0,\N,\N,\N,\N
352,Course 0352,100,0,0,\N,\N,\N,\N
353,Course 0353,100,0,0,\N,\N,\N,\N
354,Course 0354,100,0,0,\N,\N,\N,\N
355,Course 0355,100,0,0,\N,\N,\N,\N
356,Course 0356,100,0,0,\N,\N,\N,\N
357,Course 0357,100,0,0,\N,\N,\N,\N
358,Course 0358,100,0,0,\N,\N,\N,\N
359,Course 0359,100,0,0,\N,\N,\N,\N
360,Course 0360,100,0,0,\N,\N,\N,\N
361,Course 0361,100,0,0,\N,\N,\N,\N
362,Course 0362,100,0,0,\N,\N,\N,\N
363,Course 0363,100,0,0,\N,\N,\N,\N
364,Course 0364,100,0,0,\N,\N,\N,\N
365,Course 0365,100,0,0,\N,\N,\N,\N
366,Course 0366,100,0,0,\N,\N,\N,\N
367,Course 0367,100,0,0,\N,\N,\N,\N
368,Course 0368,100,0,0,\N,\N,\N,\N
369,Course 0369,100,0,0,\N,\N,\N,\N
370,Course 0370,100,0,0,\N,\N,\N,\N
371,Course 0371,100,0,0,\N,\N,\N,\N
372,Course 0372,100,0,0,\N,\N,\N,\N
373,Course 0373,100,0,0,\N,\N,\N,\N
374,Course 0374,100,0,0,\N,\N,\N,\N
375,Course 0375,100,0,0,\N,\N,\N,\N
376,Course 0376,100,0,0,\N,\N,\N,\N
377,Course 0377,100,0,0,\N,\N,\N,\N
378,Course 0378,100,0,0,\N,\N,\N,\N
379,Course 0379,100,0,0,\N,\N,\N,\N
380,Course 0380,100,0,0,\N,\N,\N,\N
381,Course 0381,100,0,0,\N,\N,\N,\N
382,Course 0382,100,0,0,\N,\N,\N,\N
383,Course 0383,100,0,0,\N,\N,\N,\N
384,Course 0384,100,0,0,\N,\N,\N,\N
385,Course 0385,100,0,0,\N,\N,\N,\N
386,Course 0386,100,0,0,\N,\N,\N,\N
387,Course 0387,100,0,0,\N,\N,\N,\N
388,Course 0388,100,0,0,\N,\N,\N,\N
389,Course 0389,100,0,0,\N,\N,\N,\N
390,Course 0390,100,0,0,\N,\N,\N,\N
391,Course 0391,100,0,0,\N,\N,\N,\N
392,Course 0392,100,0,0,\N,\N,\N,\N
393,Course 0393,100,0,0,\N,\N,\N,\N
394,Course 0394,100,0,0,\N,\N,\N,\N
395,Course 0395,100,0,0,\N,\N,\N,\N
396,Course 0396,100,0,0,\N,\N,\N,\N
397,Course 0397,100,0,0,\N,\N,\N,\N
398,Course 0398,100,0,0,\N,\N,\N,\N
399,Course 0399,100,0,0,\N,\N,\N,\N
400,Course 0400,100,0,0,\N,\N,\N,\N
401,Course 0401,100,0,0,\N,\N,\N,\N
402,Course 0402,100,0,0,\N,\N,\N,\N
403,Course 0403,100,0,0,\N,\N,\N,\N
404,Course 0404,100,0,0,\N,\N,\N,\N
405,Course 0405,100,0,0,\N,\N,\N,\N
406,Course 0406,100,0,0,\N,\N,\N,\N
407,Course 0407,100,0,0,\N,\N,\N,\N
408,Course 0408,100,0,0,\N,\N,\N,\N
409,Course 0409,100,0,0,\N,\N,\N,\N
410,Course 0410,100,0,0,\N,\N,\N,\N
411,Course 0411,100,0,0,\N,\N,\N,\N
412,Course 0412,100,0,0,\N,\N,\N,\N
413,Course 0413,100,0,0,\N,\N,\N,\N
414,Course 0414,100,0,0,\N,\N,\N,\N
415,Course 0415,100,0,0,\N,\N,\N,\N
416,Course 0416,100,0,0,\N,\N,\N,\N
417,Course 0417,100,0,0,\N,\N,\N,\N
418,Course 0418,100,0,0,\N,\N,\N,\N
419,Course 0419,100,0,0,\N,\N,\N,\N
420,Course 0420,100,0,0,\N,\N,\N,\N
421,Course 0421,100,0,0,\N,\N,\N,\N
422,Course 0422,100,0,0,\N,\N,\N,\N
423,Course 0423,100,0,0,\N,\N,\N,\N
424,Course 0424,100,0,0,\N,\N,\N,\N
425,Course 0425,100,0,0,\N,\N,\N,\N
426,Course 0426,100,0,0,\N,\N,\N,\N
427,Course 0427,100,0,0,\N,\N,\N,\N
428,Course 0428,100,0,0,\N,\N,\N,\N
429,Course 0429,100,0,0,\N,\N,\N,\N
430,Course 0430,100,0,0,\N,\N,\N,\N
431,Course 0431,100,0,0,\N,\N,\N,\N
432,Course 0432,100,0,0,\N,\N,\N,\N
433,Course 0433,100,0,0,\N,\N,\N,\N
434,Course 0434,100,0,0,\N,\N,\N,\N
435,Course 0435,100,0,0,\N,\N,\N,\N
436,Course 0436,100,0,0,\N,\N,\N,\N
437,Course 0437,100,0,0,\N,\N,\N,\N
438,Course 0438,100,0,0,\N,\N,\N,\N
439,Course 0439,100,0,0,\N,\N,\N,\N
440,Course 0440,100,0,0,\N,\N,\N,\N
441,Course 0441,100,0,0,\N,\N,\N,\N
442,Course 0442,100,0,0,\N,\N,\N,\N
443,Course 0443,100,0,0,\N,\N,\N,\N
444,Course 0444,100,0,0,\N,\N,\N,\N
445,Course 0445,100,0,0,\N,\N,\N,\N
446,Course 0446,100,0,0,\N,\N,\N,\N
447,Course 0447,100,0,0,\N,\N,\N,\N
448,Course 0448,100,0,0,\N,\N,\N,\N
449,Course 0449,100,0,0,\N,\N,\N,\N
450,Course 0450,100,0,0,\N,\N,\N,\N
451,Course 0451,100,0,0,\N,\N,\N,\N
452,Course 0452,100,0,0,\N,\N,\N,\N
453,Course 0453,100,0,0,\N,\N,\N,\N
454,Course 0454,100,0,0,\N,\N,\N,\N
455,Course 0455,100,0,0,\N,\N,\N,\N
456,Course 0456,100,0,0,\N,\N,\N,\N
457,Course 0457,100,0,0,\N,\N,\N,\N
458,Course 0458,100,0,0,\N,\N,\N,\N
459,Course 0459,100,0,0,\N,\N,\N,\N
460,Course 0460,100,0,0,\N,\N,\N,\N
461,Course 0461,100,0,0,\N,\N,\N,\N
462,Course 0462,100,0,0,\N,\N,\N,\N
463,Course 0463,100,0,0,\N,\N,\N,\N
464,Course 0464,100,0,0,\N,\N,\N,\N
465,Course 0465,100,0,0,\N,\N,\N,\N
466,Course 0466,100,0,0,\N,\N,\N,\N
467,Course 0467,100,0,0,\N,\N,\N,\N
468,Course 0468,100,0,0,\N,\N,\N,\N
469,Course 0469,100,0,0,\N,\N,\N,\N
470,Course 0470,100,0,0,\N,\N,\N,\N
471,Course 0471,100,0,0,\N,\N,\N,\N
472,Course 0472,100,0,0,\N,\N,\N,\N
473,Course 0473,100,0,0,\N,\N,\N,\N
474,Course 0474,100,0,0,\N,\N,\N,\N
475,Course 0475,100,0,0,\N,\N,\N,\N
476,Course 0476,100,0,0,\N,\N,\N,\N
477,Course 0477,100,0,0,\N,\N,\N,\N
478,Course 0478,100,0,0,\N,\N,\N,\N
479,Course 0479,100,0,0,\N,\N,\N,\N
480,Course 0480,100,0,0,\N,\N,\N,\N
481,Course 0481,100,0,0,\N,\N,\N,\N
482,Course 0482,100,0,0,\N,\N,\N,\N
483,Course 0483,100,0,0,\N,\N,\N,\N
484,Course 0484,100,0,0,\N,\N,\N,\N
485,Course 0485,100,0,0,\N,\N,\N,\N
486,Course 0486,100,0,0,\N,\N,\N,\N
487,Course 0487,100,0,0,\N,\N,\N,\N
488,Course 0488,100,0,0,\N,\N,\N,\N
489,Course 0489,100,0,0,\N,\N,\N,\N
490,Course 0490,100,0,0,\N,\N,\N,\N
491,Course 0491,100,0,0,\N,\N,\N,\N
492,Course 0492,100,0,0,\N,\N,\N,\N
493,Course 0493,100,0,0,\N,\N,\N,\N
494,Course 0494,100,0,0,\N,\N,\N,\N
495,Course 0495,100,0,0,\N,\N,\N,\N
496,Course 0496,100,0,0,\N,\N,\N,\N
497,Course 0497,100,0,0,\N,\N,\N,\N
498,Course 0498,100,0,0,\N,\N,\N,\N
499,Course 0499,100,0,0,\N,\N,\N,\N
500,Course 0500,100,0,0,\N,\N,\N,\N
501,Course 0501,100,0,0,\N,\N,\N,\N
502,Course 0502,100,0,0,\N,\N,\N,\N
503,Course 0503,100,0,0,\N,\N,\N,\N
504,Course 0504,100,0,0,\N,\N,\N,\N
505,Course 0505,100,0,0,\N,\N,\N,\N
506,Course 0506,100,0,0,\N,\N,\N,\N
507,Course 0507,100,0,0,\N,\N,\N,\N
508,Course 0508,100,0,0,\N,\N,\N,\N
509,Course 0509,100,0,0,\N,\N,\N,\N
510,Course 0510,100,0,0,\N,\N,\N,\N
511,Course 0511,100,0,0,\N,\N,\N,\N
512,Course 0512,100,0,0,\N,\N,\N,\N
513,Course 0513,100,0,0,\N,\N,\N,\N
514,Course 0514,100,0,0,\N,\N,\N,\N
515,Course 0515,100,0,0,\N,\N,\N,\N
516,Course 0516,100,0,0,\N,\N,\N,\N
517,Course 0517,100,0,0,\N,\N,\N,\N
518,Course 0518,100,0,0,\N,\N,\N,\N
519,Course 0519,100,0,0,\N,\N,\N,\N
520,Course 0520,100,0,0,\N,\N,\N,\N
521,Course 0521,100,0,0,\N,\N,\N,\N
522,Course 0522,100,0,0,\N,\N,\N,\N
523,Course 0523,100,0,0,\N,\N,\N,\N
524,Course 0524,100,0,0,\N,\N,\N,\N
525,Course 0525,100,0,0,\N,\N,\N,\N
526,Course 0526,100,0,0,\N,\N,\N,\N
527,Course 0527,100,0,0,\N,\N,\N,\N
528,Course 0528,100,0,0,\N,\N,\N,\N
529,Course 0529,100,0,0,\N,\N,\N,\N
530,Course 0530,100,0,0,\N,\N,\N,\N
531,Course 0531,100,0,0,\N,\N,\N,\N
532,Course 0532,100,0,0,\N,\N,\N,\N
533,Course 0533,100,0,0,\N,\N,\N,\N
534,Course 0534,100,0,0,\N,\N,\N,\N
535,Course 0535,100,0,0,\N,\N,\N,\N
536,Course 0536,100,0,0,\N,\N,\N,\N
537,Course 0537,100,0,0,\N,\N,\N,\N
538,Course 0538,100,0,0,\N,\N,\N,\N
539,Course 0539,100,0,0,\N,\N,\N,\N
540,Course 0540,100,0,0,\N,\N,\N,\N
541,Course 0541,100,0,0,\N,\N,\N,\N
542,Course 0542,100,0,0,\N,\N,\N,\N
543,Course 0543,100,0,0,\N,\N,\N,\N
544,Course 0544,100,0,0,\N,\N,\N,\N
545,Course 0545,100,0,0,\N,\N,\N,\N
546,Course 0546,100,0,0,\N,\N,\N,\N
547,Course 0547,100,0,0,\N,\N,\N,\N
548,Course 0548,100,0,0,\N,\N,\N,\N
549,Course 0549,100,0,0,\N,\N,\N,\N
550,Course 0550,100,0,0,\N,\N,\N,\N
551,Course 0551,100,0,0,\N,\N,\N,\N
552,Course 0552,100,0,0,\N,\N,\N,\N
553,Course 0553,100,0,0,\N,\N,\N,\N
554,Course 0554,100,0,0,\N,\N,\N,\N
555,Course 0555,100,0,0,\N,\N,\N,\N
556,Course 0556,100,0,0,\N,\N,\N,\N
557,Course 0557,100,0,0,\N,\N,\N,\N
558,Course 0558,100,0,0,\N,\N,\N,\N
559,Course 0559,100,0,0,\N,\N,\N,\N
560,Course 0560,100,0,0,\N,\N,\N,\N
561,Course 0561,100,0,0,\N,\N,\N,\N
562,Course 0562,100,0,0,\N,\N,\N,\N
563,Course 0563,100,0,0,\N,\N,\N,\N
564,Course 0564,100,0,0,\N,\N,\N,\N
565,Course 0565,100,0,0,\N,\N,\N,\N
566,Course 0566,100,0,0,\N,\N,\N,\N
567,Course 0567,100,0,0,\N,\N,\N,\N
568,Course 0568,100,0,0,\N,\N,\N,\N
569,Course 0569,100,0,0,\N,\N,\N,\N
570,Course 0570,100,0,0,\N,\N,\N,\N
571,Course 0571,100,0,0,\N,\N,\N,\N
572,Course 0572,100,0,0,\N,\N,\N,\N
573,Course 0573,100,0,0,\N,\N,\N,\N
574,Course 0574,100,0,0,\N,\N,\N,\N
575,Course 0575,100,0,0,\N,\N,\N,\N
576,Course 0576,100,0,0,\N,\N,\N,\N
577,Course 0577,100,0,0,\N,\N,\N,\N
578,Course 0578,100,0,0,\N,\N,\N,\N
579,Course 0579,100,0,0,\N,\N,\N,\N
580,Course 0580,100,0,0,\N,\N,\N,\N
581,Course 0581,100,0,0,\N,\N,\N,\N
582,Course 0582,100,0,0,\N,\N,\N,\N
583,Course 0583,100,0,0,\N,\N,\N,\N
584,Course 0584,100,0,0,\N,\N,\N,\N
585,Course 0585,100,0,0,\N,\N,\N,\N
586,Course 0586,100,0,0,\N,\N,\N,\N
587,Course 0587,100,0,0,\N,\N,\N,\N
588,Course 0588,100,0,0,\N,\N,\N,\N
589,Course 0589,100,0,0,\N,\N,\N,\N
590,Course 0590,100,0,0,\N,\N,\N,\N
591,Course 0591,100,0,0,\N,\N,\N,\N
592,Course 0592,100,0,0,\N,\N,\N,\N
593,Course 0593,100,0,0,\N,\N,\N,\N
594,Course 0594,100,0,0,\N,\N,\N,\N
595,Course 0595,100,0,0,\N,\N,\N,\N
596,Course 0596,100,0,0,\N,\N,\N,\N
597,Course 0597,100,0,0,\N,\N,\N,\N
598,Course 0598,100,0,0,\N,\N,\N,\N
599,Course 0599,100,0,0,\N,\N,\N,\N
600,Course 0600,100,0,0,\N,\N,\N,\N
601,Course 0601,100,0,0,\N,\N,\N,\N
602,Course 0602,100,0,0,\N,\N,\N,\N
603,Course 0603,100,0,0,\N,\N,\N,\N
604,Course 0604,100,0,0,\N,\N,\N,\N
605,Course 0605,100,0,0,\N,\N,\N,\N
606,Course 0606,100,0,0,\N,\N,\N,\N
607,Course 0607,100,0,0,\N,\N,\N,\N
608,Course 0608,100,0,0,\N,\N,\N,\N
609,Course 0609,100,0,0,\N,\N,\N,\N
610,Course 0610,100,0,0,\N,\N,\N,\N
611,Course 0611,100,0,0,\N,\N,\N,\N
612,Course 0612,100,0,0,\N,\N,\N,\N
613,Course 0613,100,0,0,\N,\N,\N,\N
614,Course 0614,100,0,0,\N,\N,\N,\N
615,Course 0615,100,0,0,\N,\N,\N,\N
616,Course 0616,100,0,0,\N,\N,\N,\N
617,Course 0617,100,0,0,\N,\N,\N,\N
618,Course 0618,100,0,0,\N,\N,\N,\N
619,Course 0619,100,0,0,\N,\N,\N,\N
620,Course 0620,100,0,0,\N,\N,\N,\N
621,Course 0621,100,0,0,\N,\N,\N,\N
622,Course 0622,100,0,0,\N,\N,\N,\N
623,Course 0623,100,0,0,\N,\N,\N,\N
624,Course 0624,100,0,0,\N,\N,\N,\N
625,Course 0625,100,0,0,\N,\N,\N,\N
626,Course 0626,100,0,0,\N,\N,\N,\N
627,Course 0627,100,0,0,\N,\N,\N,\N
628,Course 0628,100,0,0,\N,\N,\N,\N
629,Course 0629,100,0,0,\N,\N,\N,\N
630,Course 0630,100,0,0,\N,\N,\N,\N
631,Course 0631,100,0,0,\N,\N,\N,\N
632,Course 0632,100,0,0,\N,\N,\N,\N
633,Course 0633,100,0,0,\N,\N,\N,\N
634,Course 0634,100,0,0,\N,\N,\N,\N
635,Course 0635,100,0,0,\N,\N,\N,\N
636,Course 0636,100,0,0,\N,\N,\N,\N
637,Course 0637,100,0,0,\N,\N,\N,\N
638,Course 0638,100,0,0,\N,\N,\N,\N
639,Course 0639,100,0,0,\N,\N,\N,\N
640,Course 0640,100,0,0,\N,\N,\N,\N
641,Course 0641,100,0,0,\N,\N,\N,\N
642,Course 0642,100,0,0,\N,\N,\N,\N
643,Course 0643,100,0,0,\N,\N,\N,\N
644,Course 0644,100,0,0,\N,\N,\N,\N
645,Course 0645,100,0,0,\N,\N,\N,\N
646,Course 0646,100,0,0,\N,\N,\N,\N
647,Course 0647,100,0,0,\N,\N,\N,\N
648,Course 0648,100,0,0,\N,\N,\N,\N
649,Course 0649,100,0,0,\N,\N,\N,\N
650,Course 0650,100,0,0,\N,\N,\N,\N
651,Course 0651,100,0,0,\N,\N,\N,\N
652,Course 0652,100,0,0,\N,\N,\N,\N
653,Course 0653,100,0,0,\N,\N,\N,\N
654,Course 0654,100,0,0,\N,\N,\N,\N
655,Course 0655,100,0,0,\N,\N,\N,\N
656,Course 0656,100,0,0,\N,\N,\N,\N
657,Course 0657,100,0,0,\N,\N,\N,\N
658,Course 0658,100,0,0,\N,\N,\N,\N
659,Course 0659,100,0,0,\N,\N,\N,\N
660,Course 0660,100,0,0,\N,\N,\N,\N
661,Course 0661,100,0,0,\N,\N,\N,\N
662,Course 0662,100,0,0,\N,\N,\N,\N
663,Course 0663,100,0,0,\N,\N,\N,\N
664,Course 0664,100,0,0,\N,\N,\N,\N
665,Course 0665,100,0,0,\N,\N,\N,\N
666,Course 0666,100,0,0,\N,\N,\N,\N
667,Course 0667,100,0,0,\N,\N,\N,\N
668,Course 0668,100,0,0,\N,\N,\N,\N
669,Course 0669,100,0,0,\N,\N,\N,\N
670,Course 0670,100,0,0,\N,\N,\N,\N
671,Course 0671,100,0,0,\N,\N,\N,\N
672,Course 0672,100,0,0,\N,\N,\N,\N
673,Course 0673,100,0,0,\N,\N,\N,\N
674,Course 0674,100,0,0,\N,\N,\N,\N
675,Course 0675,100,0,0,\N,\N,\N,\N
676,Course 0676,100,0,0,\N,\N,\N,\N
677,Course 0677,100,0,0,\N,\N,\N,\N
678,Course 0678,100,0,0,\N,\N,\N,\N
679,Course 0679,100,0,0,\N,\N,\N,\N
680,Course 0680,100,0,0,\N,\N,\N,\N
681,Course 0681,100,0,0,\N,\N,\N,\N
682,Course 0682,100,0,0,\N,\N,\N,\N
683,Course 0683,100,0,0,\N,\N,\N,\N
684,Course 0684,100,0,0,\N,\N,\N,\N
685,Course 0685,100,0,0,\N,\N,\N,\N
686,Course 0686,100,0,0,\N,\N,\N,\N
687,Course 0687,100,0,0,\N,\N,\N,\N
688,Course 0688,100,0,0,\N,\N,\N,\N
689,Course 0689,100,0,0,\N,\N,\N,\N
690,Course 0690,100,0,0,\N,\N,\N,\N
691,Course 0691,100,0,0,\N,\N,\N,\N
692,Course 0692,100,0,0,\N,\N,\N,\N
693,Course 0693,100,0,0,\N,\N,\N,\N
694,Course 0694,100,0,0,\N,\N,\N,\N
695,Course 0695,100,0,0,\N,\N,\N,\N
696,Course 0696,100,0,0,\N,\N,\N,\N
697,Course 0697,100,0,0,\N,\N,\N,\N
698,Course 0698,100,0,0,\N,\N,\N,\N
699,Course 0699,100,0,0,\N,\N,\N,\N
700,Course 0700,100,0,0,\N,\N,\N,\N
701,Course 0701,100,0,0,\N,\N,\N,\N
702,Course 0702,100,0,0,\N,\N,\N,\N
703,Course 0703,100,0,0,\N,\N,\N,\N
704,Course 0704,100,0,0,\N,\N,\N,\N
705,Course 0705,100,0,0,\N,\N,\N,\N
706,Course 0706,100,0,0,\N,\N,\N,\N
707,Course 0707,100,0,0,\N,\N,\N,\N
708,Course 0708,100,0,0,\N,\N,\N,\N
709,Course 0709,100,0,0,\N,\N,\N,\N
710,Course 0710,100,0,0,\N,\N,\N,\N
711,Course 0711,100,0,0,\N,\N,\N,\N
712,Course 0712,100,0,0,\N,\N,\N,\N
713,Course 0713,100,0,0,\N,\N,\N,\N
714,Course 0714,100,0,0,\N,\N,\N,\N
715,Course 0715,100,0,0,\N,\N,\N,\N
716,Course 0716,100,0,0,\N,\N,\N,\N
717,Course 0717,100,0,0,\N,\N,\N,\N
718,Course 0718,100,0,0,\N,\N,\N,\N
719,Course 0719,100,0,0,\N,\N,\N,\N
720,Course 0720,100,0,0,\N,\N,\N,\N
721,Course 0721,100,0,0,\N,\N,\N,\N
722,Course 0722,100,0,0,\N,\N,\N,\N
723,Course 0723,100,0,0,\N,\N,\N,\N
724,Course 0724,100,0,0,\N,\N,\N,\N
725,Course 0725,100,0,0,\N,\N,\N,\N
726,Course 0726,100,0,0,\N,\N,\N,\N
727,Course 0727,100,0,0,\N,\N,\N,\N
728,Course 0728,100,0,0,\N,\N,\N,\N
729,Course 0729,100,0,0,\N,\N,\N,\N
730,Course 0730,100,0,0,\N,\N,\N,\N
731,Course 0731,100,0,0,\N,\N,\N,\N
732,Course 0732,100,0,0,\N,\N,\N,\N
733,Course 0733,100,0,0,\N,\N,\N,\N
734,Course 0734,100,0,0,\N,\N,\N,\N
735,Course 0735,100,0,0,\N,\N,\N,\N
736,Course 0736,100,0,0,\N,\N,\N,\N
737,Course 0737,100,0,0,\N,\N,\N,\N
738,Course 0738,100,0,0,\N,\N,\N,\N
739,Course 0739,100,0,0,\N,\N,\N,\N
740,Course 0740,100,0,0,\N,\N,\N,\N
741,Course 0741,100,0,0,\N,\N,\N,\N
742,Course 0742,100,0,0,\N,\N,\N,\N
743,Course 0743,100,0,0,\N,\N,\N,\N
744,Course 0744,100,0,0,\N,\N,\N,\N
745,Course 0745,100,0,0,\N,\N,\N,\N
746,Course 0746,100,0,0,\N,\N,\N,\N
747,Course 0747,100,0,0,\N,\N,\N,\N
748,Course 0748,100,0,0,\N,\N,\N,\N
749,Course 0749,100,0,0,\N,\N,\N,\N
750,Course 0750,100,0,0,\N,\N,\N,\N
751,Course 0751,100,0,0,\N,\N,\N,\N
752,Course 0752,100,0,0,\N,\N,\N,\N
753,Course 0753,100,0,0,\N,\N,\N,\N
754,Course 0754,100,0,0,\N,\N,\N,\N
755,Course 0755,100,0,0,\N,\N,\N,\N
756,Course 0756,100,0,0,\N,\N,\N,\N
757,Course 0757,100,0,0,\N,\N,\N,\N
758,Course 0758,100,0,0,\N,\N,\N,\N
759,Course 0759,100,0,0,\N,\N,\N,\N
760,Course 0760,100,0,0,\N,\N,\N,\N
761,Course 0761,100,0,0,\N,\N,\N,\N
762,Course 0762,100,0,0,\N,\N,\N,\N
763,Course 0763,100,0,0,\N,\N,\N,\N
764,Course 0764,100,0,0,\N,\N,\N,\N
765,Course 0765,100,0,0,\N,\N,\N,\N
766,Course 0766,100,0,0,\N,\N,\N,\N
767,Course 0767,100,0,0,\N,\N,\N,\N
768,Course 0768,100,0,0,\N,\N,\N,\N
769,Course 0769,100,0,0,\N,\N,\N,\N
770,Course 0770,100,0,0,\N,\N,\N,\N
771,Course 0771,100,0,0,\N,\N,\N,\N
772,Course 0772,100,0,0,\N,\N,\N,\N
773,Course 0773,100,0,0,\N,\N,\N,\N
774,Course 0774,100,0,0,\N,\N,\N,\N
775,Course 0775,100,0,0,\N,\N,\N,\N
776,Course 0776,100,0,0,\N,\N,\N,\N
777,Course 0777,100,0,0,\N,\N,\N,\N
778,Course 0778,100,0,0,\N,\N,\N,\N
779,Course 0779,100,0,0,\N,\N,\N,\N
780,Course 0780,100,0,0,\N,\N,\N,\N
781,Course 0781,100,0,0,\N,\N,\N,\N
782,Course 0782,100,0,0,\N,\N,\N,\N
783,Course 0783,100,0,0,\N,\N,\N,\N
784,Course 0784,100,0,0,\N,\N,\N,\N
785,Course 0785,100,0,0,\N,\N,\N,\N
786,Course 0786,100,0,0,\N,\N,\N,\N
787,Course 0787,100,0,0,\N,\N,\N,\N
788,Course 0788,100,0,0,\N,\N,\N,\N
789,Course 0789,100,0,0,\N,\N,\N,\N
790,Course 0790,100,0,0,\N,\N,\N,\N
791,Course 0791,100,0,0,\N,\N,\N,\N
792,Course 0792,100,0,0,\N,\N,\N,\N
793,Course 0793,100,0,0,\N,\N,\N,\N
794,Course 0794,100,0,0,\N,\N,\N,\N
795,Course 0795,100,0,0,\N,\N,\N,\N
796,Course 0796,100,0,0,\N,\N,\N,\N
797,Course 0797,100,0,0,\N,\N,\N,\N
798,Course 0798,100,0,0,\N,\N,\N,\N
799,Course 0799,100,0,0,\N,\N,\N,\N
800,Course 0800,100,0,0,\N,\N,\N,\N
801,Course 0801,100,0,0,\N,\N,\N,\N
802,Course 0802,100,0,0,\N,\N,\N,\N
803,Course 0803,100,0,0,\N,\N,\N,\N
804,Course 0804,100,0,0,\N,\N,\N,\N
805,Course 0805,100,0,0,\N,\N,\N,\N
806,Course 0806,100,0,0,\N,\N,\N,\N
807,Course 0807,100,0,0,\N,\N,\N,\N
808,Course 0808,100,0,0,\N,\N,\N,\N
809,Course 0809,100,0,0,\N,\N,\N,\N
810,Course 0810,100,0,0,\N,\N,\N,\N
811,Course 0811,100,0,0,\N,\N,\N,\N
812,Course 0812,100,0,0,\N,\N,\N,\N
813,Course 0813,100,0,0,\N,\N,\N,\N
814,Course 0814,100,0,0,\N,\N,\N,\N
815,Course 0815,100,0,0,\N,\N,\N,\N
816,Course 0816,100,0,0,\N,\N,\N,\N
817,Course 0817,100,0,0,\N,\N,\N,\N
818,Course 0818,100,0,0,\N,\N,\N,\N
819,Course 0819,100,0,0,\N,\N,\N,\N
820,Course 0820,100,0,0,\N,\N,\N,\N
821,Course 0821,100,0,0,\N,\N,\N,\N
822,Course 0822,100,0,0,\N,\N,\N,\N
823,Course 0823,100,0,0,\N,\N,\N,\N
824,Course 0824,100,0,0,\N,\N,\N,\N
825,Course 0825,100,0,0,\N,\N,\N,\N
826,Course 0826,100,0,0,\N,\N,\N,\N
827,Course 0827,100,0,0,\N,\N,\N,\N
828,Course 0828,100,0,0,\N,\N,\N,\N
829,Course 0829,100,0,0,\N,\N,\N,\N
830,Course 0830,100,0,0,\N,\N,\N,\N
831,Course 0831,100,0,0,\N,\N,\N,\N
832,Course 0832,100,0,0,\N,\N,\N,\N
833,Course 0833,100,0,0,\N,\N,\N,\N
834,Course 0834,100,0,0,\N,\N,\N,\N
835,Course 0835,100,0,0,\N,\N,\N,\N
836,Course 0836,100,0,0,\N,\N,\N,\N
837,Course 0837,100,0,0,\N,\N,\N,\N
838,Course 0838,100,0,0,\N,\N,\N,\N
839,Course 0839,100,0,0,\N,\N,\N,\N
840,Course 0840,100,0,0,\N,\N,\N,\N
841,Course 0841,100,0,0,\N,\N,\N,\N
842,Course 0842,100,0,0,\N,\N,\N,\N
843,Course 0843,100,0,0,\N,\N,\N,\N
844,Course 0844,100,0,0,\N,\N,\N,\N
845,Course 0845,100,0,0,\N,\N,\N,\N
846,Course 0846,100,0,0,\N,\N,\N,\N
847,Course 0847,100,0,0,\N,\N,\N,\N
848,Course 0848,100,0,0,\N,\N,\N,\N
849,Course 0849,100,0,0,\N,\N,\N,\N
850,Course 0850,100,0,0,\N,\N,\N,\N
851,Course 0851,100,0,0,\N,\N,\N,\N
852,Course 0852,100,0,0,\N,\N,\N,\N
853,Course 0853,100,0,0,\N,\N,\N,\N
854,Course 0854,100,0,0,\N,\N,\N,\N
855,Course 0855,100,0,0,\N,\N,\N,\N
856,Course 0856,100,0,0,\N,\N,\N,\N
857,Course 0857,100,0,0,\N,\N,\N,\N
858,Course 0858,100,0,0,\N,\N,\N,\N
859,Course 0859,100,0,0,\N,\N,\N,\N
860,Course 0860,100,0,0,\N,\N,\N,\N
861,Course 0861,100,0,0,\N,\N,\N,\N
862,Course 0862,100,0,0,\N,\N,\N,\N
863,Course 0863,100,0,0,\N,\N,\N,\N
864,Course 0864,100,0,0,\N,\N,\N,\N
865,Course 0865,100,0,0,\N,\N,\N,\N
866,Course 0866,100,0,0,\N,\N,\N,\N
867,Course 0867,100,0,0,\N,\N,\N,\N
868,Course 0868,100,0,0,\N,\N,\N,\N
869,Course 0869,100,0,0,\N,\N,\N,\N
870,Course 0870,100,0,0,\N,\N,\N,\N
871,Course 0871,100,0,0,\N,\N,\N,\N
872,Course 0872,100,0,0,\N,\N,\N,\N
873,Course 0873,100,0,0,\N,\N,\N,\N
874,Course 0874,100,0,0,\N,\N,\N,\N
875,Course 0875,100,0,0,\N,\N,\N,\N
876,Course 0876,100,0,0,\N,\N,\N,\N
877,Course 0877,100,0,0,\N,\N,\N,\N
878,Course 0878,100,0,0,\N,\N,\N,\N
879,Course 0879,100,0,0,\N,\N,\N,\N
880,Course 0880,100,0,0,\N,\N,\N,\N
881,Course 0881,100,0,0,\N,\N,\N,\N
882,Course 0882,100,0,0,\N,\N,\N,\N
883,Course 0883,100,0,0,\N,\N,\N,\N
884,Course 0884,100,0,0,\N,\N,\N,\N
885,Course 0885,100,0,0,\N,\N,\N,\N
886,Course 0886,100,0,0,\N,\N,\N,\N
887,Course 0887,100,0,0,\N,\N,\N,\N
888,Course 0888,100,0,0,\N,\N,\N,\N
889,Course 0889,100,0,0,\N,\N,\N,\N
890,Course 0890,100,0,0,\N,\N,\N,\N
891,Course 0891,100,0,0,\N,\N,\N,\N
892,Course 0892,100,0,0,\N,\N,\N,\N
893,Course 0893,100,0,0,\N,\N,\N,\N
894,Course 0894,100,0,0,\N,\N,\N,\N
895,Course 0895,100,0,0,\N,\N,\N,\N
896,Course 0896,100,0,0,\N,\N,\N,\N
897,Course 0897,100,0,0,\N,\N,\N,\N
898,Course 0898,100,0,0,\N,\N,\N,\N
899,Course 0899,100,0,0,\N,\N,\N,\N
900,Course 0900,100,0,0,\N,\N,\N,\N
901,Course 0901,100,0,0,\N,\N,\N,\N
902,Course 0902,100,0,0,\N,\N,\N,\N
903,Course 0903,100,0,0,\N,\N,\N,\N
904,Course 0904,100,0,0,\N,\N,\N,\N
905,Course 0905,100,0,0,\N,\N,\N,\N
906,Course 0906,100,0,0,\N,\N,\N,\N
907,Course 0907,100,0,0,\N,\N,\N,\N
908,Course 0908,100,0,0,\N,\N,\N,\N
909,Course 0909,100,0,0,\N,\N,\N,\N
910,Course 0910,100,0,0,\N,\N,\N,\N
911,Course 0911,100,0,0,\N,\N,\N,\N
912,Course 0912,100,0,0,\N,\N,\N,\N
913,Course 0913,100,0,0,\N,\N,\N,\N
914,Course 0914,100,0,0,\N,\N,\N,\N
915,Course 0915,100,0,0,\N,\N,\N,\N
916,Course 0916,100,0,0,\N,\N,\N,\N
917,Course 0917,100,0,0,\N,\N,\N,\N
918,Course 0918,100,0,0,\N,\N,\N,\N
919,Course 0919,100,0,0,\N,\N,\N,\N
920,Course 0920,100,0,0,\N,\N,\N,\N
921,Course 0921,100,0,0,\N,\N,\N,\N
922,Course 0922,100,0,0,\N,\N,\N,\N
923,Course 0923,100,0,0,\N,\N,\N,\N
924,Course 0924,100,0,0,\N,\N,\N,\N
925,Course 0925,100,0,0,\N,\N,\N,\N
926,Course 0926,100,0,0,\N,\N,\N,\N
927,Course 0927,100,0,0,\N,\N,\N,\N
928,Course 0928,100,0,0,\N,\N,\N,\N
929,Course 0929,100,0,0,\N,\N,\N,\N
930,Course 0930,100,0,0,\N,\N,\N,\N
931,Course 0931,100,0,0,\N,\N,\N,\N
932,Course 0932,100,0,0,\N,\N,\N,\N
933,Course 0933,100,0,0,\N,\N,\N,\N
934,Course 0934,100,0,0,\N,\N,\N,\N
935,Course 0935,100,0,0,\N,\N,\N,\N
936,Course 0936,100,0,0,\N,\N,\N,\N
937,Course 0937,100,0,0,\N,\N,\N,\N
938,Course 0938,100,0,0,\N,\N,\N,\N
939,Course 0939,100,0,0,\N,\N,\N,\N
940,Course 0940,100,0,0,\N,\N,\N,\N
941,Course 0941,100,0,0,\N,\N,\N,\N
942,Course 0942,100,0,0,\N,\N,\N,\N
943,Course 0943,100,0,0,\N,\N,\N,\N
944,Course 0944,100,0,0,\N,\N,\N,\N
945,Course 0945,100,0,0,\N,\N,\N,\N
946,Course 0946,100,0,0,\N,\N,\N,\N
947,Course 0947,100,0,0,\N,\N,\N,\N
948,Course 0948,100,0,0,\N,\N,\N,\N
949,Course 0949,100,0,0,\N,\N,\N,\N
950,Course 0950,100,0,0,\N,\N,\N,\N
951,Course 0951,100,0,0,\N,\N,\N,\N
952,Course 0952,100,0,0,\N,\N,\N,\N
953,Course 0953,100,0,0,\N,\N,\N,\N
954,Course 0954,100,0,0,\N,\N,\N,\N
955,Course 0955,100,0,0,\N,\N,\N,\N
956,Course 0956,100,0,0,\N,\N,\N,\N
957,Course 0957,100,0,0,\N,\N,\N,\N
958,Course 0958,100,0,0,\N,\N,\N,\N
959,Course 0959,100,0,0,\N,\N,\N,\N
960,Course 0960,100,0,0,\N,\N,\N,\N
961,Course 0961,100,0,0,\N,\N,\N,\N
962,Course 0962,100,0,0,\N,\N,\N,\N
963,Course 0963,100,0,0,\N,\N,\N,\N
964,Course 0964,100,0,0,\N,\N,\N,\N
965,Course 0965,100,0,0,\N,\N,\N,\N
966,Course 0966,100,0,0,\N,\N,\N,\N
967,Course 0967,100,0,0,\N,\N,\N,\N
968,Course 0968,100,0,0,\N,\N,\N,\N
969,Course 0969,100,0,0,\N,\N,\N,\N
970,Course 0970,100,0,0,\N,\N,\N,\N
971,Course 0971,100,0,0,\N,\N,\N,\N
972,Course 0972,100,0,0,\N,\N,\N,\N
973,Course 0973,100,0,0,\N,\N,\N,\N
974,Course 0974,100,0,0,\N,\N,\N,\N
975,Course 0975,100,0,0,\N,\N,\N,\N
976,Course 0976,100,0,0,\N,\N,\N,\N
977,Course 0977,100,0,0,\N,\N,\N,\N
978,Course 0978,100,0,0,\N,\N,\N,\N
979,Course 0979,100,0,0,\N,\N,\N,\N
980,Course 0980,100,0,0,\N,\N,\N,\N
981,Course 0981,100,0,0,\N,\N,\N,\N
982,Course 0982,100,0,0,\N,\N,\N,\N
983,Course 0983,100,0,0,\N,\N,\N,\N
984,Course 0984,100,0,0,\N,\N,\N,\N
985,Course 0985,100,0,0,\N,\N,\N,\N
986,Course 0986,100,0,0,\N,\N,\N,\N
987,Course 0987,100,0,0,\N,\N,\N,\N
988,Course 0988,100,0,0,\N,\N,\N,\N
989,Course 0989,100,0,0,\N,\N,\N,\N
990,Course 0990,100,0,0,\N,\N,\N,\N
991,Course 0991,100,0,0,\N,\N,\N,\N
992,Course 0992,100,0,0,\N,\N,\N,\N
993,Course 0993,100,0,0,\N,\N,\N,\N
994,Course 0994,100,0,0,\N,\N,\N,\N
995,Course 0995,100,0,0,\N,\N,\N,\N
996,Course 0996,100,0,0,\N,\N,\N,\N
997,Course 0997,100,0,0,\N,\N,\N,\N
998,Course 0998,100,0,0,\N,\N,\N,\N
999,Course 0999,100,0,0,\N,\N,\N,\N
1000,Course 1000,100,0,0,\N,\N,\N,\N
1001,Course 1001,100,0,0,\N,\N,\N,\N
1002,Course 1002,100,0,0,\N,\N,\N,\N
1003,Course 1003,100,0,0,\N,\N,\N,\N
1004,Course 1004,100,0,0,\N,\N,\N,\N
1005,Course 1005,100,0,0,\N,\N,\N,\N
1006,Course 1006,100,0,0,\N,\N,\N,\N
1007,Course 1007,100,0,0,\N,\N,\N,\N
1008,Course 1008,100,0,0,\N,\N,\N,\N
1009,Course 1009,100,0,0,\N,\N,\N,\N
1010,Course 1010,100,0,0,\N,\N,\N,\N
1011,Course 1011,100,0,0,\N,\N,\N,\N
1012,Course 1012,100,0,0,\N,\N,\N,\N
1013,Course 1013,100,0,0,\N,\N,\N,\N
1014,Course 1014,100,0,0,\N,\N,\N,\N
1015,Course 1015,100,0,0,\N,\N,\N,\N
1016,Course 1016,100,0,0,\N,\N,\N,\N
1017,Course 1017,100,0,0,\N,\N,\N,\N
1018,Course 1018,100,0,0,\N,\N,\N,\N
1019,Course 1019,100,0,0,\N,\N,\N,\N
1020,Course 1020,100,0,0,\N,\N,\N,\N
1021,Course 1021,100,0,0,\N,\N,\N,\N
1022,Course 1022,100,0,0,\N,\N,\N,\N
1023,Course 1023,100,0,0,\N,\N,\N,\N
1024,Course 1024,100,0,0,\N,\N,\N,\N
1025,Course 1025,100,0,0,\N,\N,\N,\N
1026,Course 1026,100,0,0,\N,\N,\N,\N
1027,Course 1027,100,0,0,\N,\N,\N,\N
1028,Course 1028,100,0,0,\N,\N,\N,\N
1029,Course 1029,100,0,0,\N,\N,\N,\N
1030,Course 1030,100,0,0,\N,\N,\N,\N
1031,Course 1031,100,0,0,\N,\N,\N,\N
1032,Course 1032,100,0,0,\N,\N,\N,\N
1033,Course 1033,100,0,0,\N,\N,\N,\N
1034,Course 1034,100,0,0,\N,\N,\N,\N
1035,Course 1035,100,0,0,\N,\N,\N,\N
1036,Course 1036,100,0,0,\N,\N,\N,\N
1037,Course 1037,100,0,0,\N,\N,\N,\N
1038,Course 1038,100,0,0,\N,\N,\N,\N
1039,Course 1039,100,0,0,\N,\N,\N,\N
1040,Course 1040,100,0,0,\N,\N,\N,\N
1041,Course 1041,100,0,0,\N,\N,\N,\N
1042,Course 1042,100,0,0,\N,\N,\N,\N
1043,Course 1043,100,0,0,\N,\N,\N,\N
1044,Course 1044,100,0,0,\N,\N,\N,\N
1045,Course 1045,100,0,0,\N,\N,\N,\N
1046,Course 1046,100,0,0,\N,\N,\N,\N
1047,Course 1047,100,0,0,\N,\N,\N,\N
1048,Course 1048,100,0,0,\N,\N,\N,\N
1049,Course 1049,100,0,0,\N,\N,\N,\N
1050,Course 1050,100,0,0,\N,\N,\N,\N
1051,Course 1051,100,0,0,\N,\N,\N,\N
1052,Course 1052,100,0,0,\N,\N,\N,\N
1053,Course 1053,100,0,0,\N,\N,\N,\N
1054,Course 1054,100,0,0,\N,\N,\N,\N
1055,Course 1055,100,0,0,\N,\N,\N,\N
1056,Course 1056,100,0,0,\N,\N,\N,\N
1057,Course 1057,100,0,0,\N,\N,\N,\N
1058,Course 1058,100,0,0,\N,\N,\N,\N
1059,Course 1059,100,0,0,\N,\N,\N,\N
1060,Course 1060,100,0,0,\N,\N,\N,\N
1061,Course 1061,100,0,0,\N,\N,\N,\N
1062,Course 1062,100,0,0,\N,\N,\N,\N
1063,Course 1063,100,0,0,\N,\N,\N,\N
1064,Course 1064,100,0,0,\N,\N,\N,\N
1065,Course 1065,100,0,0,\N,\N,\N,\N
1066,Course 1066,100,0,0,\N,\N,\N,\N
1067,Course 1067,100,0,0,\N,\N,\N,\N
1068,Course 1068,100,0,0,\N,\N,\N,\N
1069,Course 1069,100,0,0,\N,\N,\N,\N
1070,Course 1070,100,0,0,\N,\N,\N,\N
1071,Course 1071,100,0,0,\N,\N,\N,\N
1072,Course 1072,100,0,0,\N,\N,\N,\N
1073,Course 1073,100,0,0,\N,\N,\N,\N
1074,Course 1074,100,0,0,\N,\N,\N,\N
1075,Course 1075,100,0,0,\N,\N,\N,\N
1076,Course 1076,100,0,0,\N,\N,\N,\N
1077,Course 1077,100,0,0,\N,\N,\N,\N
1078,Course 1078,100,0,0,\N,\N,\N,\N
1079,Course 1079,100,0,0,\N,\N,\N,\N
1080,Course 1080,100,0,0,\N,\N,\N,\N
1081,Course 1081,100,0,0,\N,\N,\N,\N
1082,Course 1082,100,0,0,\N,\N,\N,\N
1083,Course 1083,100,0,0,\N,\N,\N,\N
1084,Course 1084,100,0,0,\N,\N,\N,\N
1085,Course 1085,100,0,0,\N,\N,\N,\N
1086,Course 1086,100,0,0,\N,\N,\N,\N
1087,Course 1087,100,0,0,\N,\N,\N,\N
1088,Course 1088,100,0,0,\N,\N,\N,\N
1089,Course 1089,100,0,0,\N,\N,\N,\N
1090,Course 1090,100,0,0,\N,\N,\N,\N
1091,Course 1091,100,0,0,\N,\N,\N,\N
1092,Course 1092,100,0,0,\N,\N,\N,\N
1093,Course 1093,100,0,0,\N,\N,\N,\N
1094,Course 1094,100,0,0,\N,\N,\N,\N
1095,Course 1095,100,0,0,\N,\N,\N,\N
1096,Course 1096,100,0,0,\N,\N,\N,\N
1097,Course 1097,100,0,0,\N,\N,\N,\N
1098,Course 1098,100,0,0,\N,\N,\N,\N
1099,Course 1099,100,0,0,\N,\N,\N,\N
1100,Course 1100,100,0,0,\N,\N,\N,\N
1101,Course 1101,100,0,0,\N,\N,\N,\N
1102,Course 1102,100,0,0,\N,\N,\N,\N
1103,Course 1103,100,0,0,\N,\N,\N,\N
1104,Course 1104,100,0,0,\N,\N,\N,\N
1105,Course 1105,100,0,0,\N,\N,\N,\N
1106,Course 1106,100,0,0,\N,\N,\N,\N
1107,Course 1107,100,0,0,\N,\N,\N,\N
1108,Course 1108,100,0,0,\N,\N,\N,\N
1109,Course 1109,100,0,0,\N,\N,\N,\N
1110,Course 1110,100,0,0,\N,\N,\N,\N
1111,Course 1111,100,0,0,\N,\N,\N,\N
1112,Course 1112,100,0,0,\N,\N,\N,\N
1113,Course 1113,100,0,0,\N,\N,\N,\N
1114,Course 1114,100,0,0,\N,\N,\N,\N
1115,Course 1115,100,0,0,\N,\N,\N,\N
1116,Course 1116,100,0,0,\N,\N,\N,\N
1117,Course 1117,100,0,0,\N,\N,\N,\N
1118,Course 1118,100,0,0,\N,\N,\N,\N
1119,Course 1119,100,0,0,\N,\N,\N,\N
1120,Course 1120,100,0,0,\N,\N,\N,\N
1121,Course 1121,100,0,0,\N,\N,\N,\N
1122,Course 1122,100,0,0,\N,\N,\N,\N
1123,Course 1123,100,0,0,\N,\N,\N,\N
1124,Course 1124,100,0,0,\N,\N,\N,\N
1125,Course 1125,100,0,0,\N,\N,\N,\N
1126,Course 1126,100,0,0,\N,\N,\N,\N
1127,Course 1127,100,0,0,\N,\N,\N,\N
1128,Course 1128,100,0,0,\N,\N,\N,\N
1129,Course 1129,100,0,0,\N,\N,\N,\N
1130,Course 1130,100,0,0,\N,\N,\N,\N
1131,Course 1131,100,0,0,\N,\N,\N,\N
1132,Course 1132,100,0,0,\N,\N,\N,\N
1133,Course 1133,100,0,0,\N,\N,\N,\N
1134,Course 1134,100,0,0,\N,\N,\N,\N
1135,Course 1135,100,0,0,\N,\N,\N,\N
1136,Course 1136,100,0,0,\N,\N,\N,\N
1137,Course 1137,100,0,0,\N,\N,\N,\N
1138,Course 1138,100,0,0,\N,\N,\N,\N
1139,Course 1139,100,0,0,\N,\N,\N,\N
1140,Course 1140,100,0,0,\N,\N,\N,\N
1141,Course 1141,100,0,0,\N,\N,\N,\N
1142,Course 1142,100,0,0,\N,\N,\N,\N
1143,Course 1143,100,0,0,\N,\N,\N,\N
1144,Course 1144,100,0,0,\N,\N,\N,\N
1145,Course 1145,100,0,0,\N,\N,\N,\N
1146,Course 1146,100,0,0,\N,\N,\N,\N
1147,Course 1147,100,0,0,\N,\N,\N,\N
1148,Course 1148,100,0,0,\N,\N,\N,\N
1149,Course 1149,100,0,0,\N,\N,\N,\N
1150,Course 1150,100,0,0,\N,\N,\N,\N
1151,Course 1151,100,0,0,\N,\N,\N,\N
1152,Course 1152,100,0,0,\N,\N,\N,\N
1153,Course 1153,100,0,0,\N,\N,\N,\N
1154,Course 1154,100,0,0,\N,\N,\N,\N
1155,Course 1155,100,0,0,\N,\N,\N,\N
1156,Course 1156,100,0,0,\N,\N,\N,\N
1157,Course 1157,100,0,0,\N,\N,\N,\N
1158,Course 1158,100,0,0,\N,\N,\N,\N
1159,Course 1159,100,0,0,\N,\N,\N,\N
1160,Course 1160,100,0,0,\N,\N,\N,\N
1161,Course 1161,100,0,0,\N,\N,\N,\N
1162,Course 1162,100,0,0,\N,\N,\N,\N
1163,Course 1163,100,0,0,\N,\N,\N,\N
1164,Course 1164,100,0,0,\N,\N,\N,\N
1165,Course 1165,100,0,0,\N,\N,\N,\N
1166,Course 1166,100,0,0,\N,\N,\N,\N
1167,Course 1167,100,0,0,\N,\N,\N,\N
1168,Course 1168,100,0,0,\N,\N,\N,\N
1169,Course 1169,100,0,0,\N,\N,\N,\N
1170,Course 1170,100,0,0,\N,\N,\N,\N
1171,Course 1171,100,0,0,\N,\N,\N,\N
1172,Course 1172,100,0,0,\N,\N,\N,\N
1173,Course 1173,100,0,0,\N,\N,\N,\N
1174,Course 1174,100,0,0,\N,\N,\N,\N
1175,Course 1175,100,0,0,\N,\N,\N,\N
1176,Course 1176,100,0,0,\N,\N,\N,\N
1177,Course 1177,100,0,0,\N,\N,\N,\N
1178,Course 1178,100,0,0,\N,\N,\N,\N
1179,Course 1179,100,0,0,\N,\N,\N,\N
1180,Course 1180,100,0,0,\N,\N,\N,\N
1181,Course 1181,100,0,0,\N,\N,\N,\N
1182,Course 1182,100,0,0,\N,\N,\N,\N
1183,Course 1183,100,0,0,\N,\N,\N,\N
1184,Course 1184,100,0,0,\N,\N,\N,\N
1185,Course 1185,100,0,0,\N,\N,\N,\N
1186,Course 1186,100,0,0,\N,\N,\N,\N
1187,Course 1187,100,0,0,\N,\N,\N,\N
1188,Course 1188,100,0,0,\N,\N,\N,\N
1189,Course 1189,100,0,0,\N,\N,\N,\N
1190,Course 1190,100,0,0,\N,\N,\N,\N
1191,Course 1191,100,0,0,\N,\N,\N,\N
1192,Course 1192,100,0,0,\N,\N,\N,\N
1193,Course 1193,100,0,0,\N,\N,\N,\N
1194,Course 1194,100,0,0,\N,\N,\N,\N
1195,Course 1195,100,0,0,\N,\N,\N,\N
1196,Course 1196,100,0,0,\N,\N,\N,\N
1197,Course 1197,100,0,0,\N,\N,\N,\N
1198,Course 1198,100,0,0,\N,\N,\N,\N
1199,Course 1199,100,0,0,\N,\N,\N,\N
1200,Course 1200,100,0,0,\N,\N,\N,\N
1201,Course 1201,100,0,0,\N,\N,\N,\N
1202,Course 1202,100,0,0,\N,\N,\N,\N
1203,Course 1203,100,0,0,\N,\N,\N,\N
1204,Course 1204,100,0,0,\N,\N,\N,\N
1205,Course 1205,100,0,0,\N,\N,\N,\N
1206,Course 1206,100,0,0,\N,\N,\N,\N
1207,Course 1207,100,0,0,\N,\N,\N,\N
1208,Course 1208,100,0,0,\N,\N,\N,\N
1209,Course 1209,100,0,0,\N,\N,\N,\N
1210,Course 1210,100,0,0,\N,\N,\N,\N
1211,Course 1211,100,0,0,\N,\N,\N,\N
1212,Course 1212,100,0,0,\N,\N,\N,\N
1213,Course 1213,100,0,0,\N,\N,\N,\N
1214,Course 1214,100,0,0,\N,\N,\N,\N
1215,Course 1215,100,0,0,\N,\N,\N,\N
1216,Course 1216,100,0,0,\N,\N,\N,\N
1217,Course 1217,100,0,0,\N,\N,\N,\N
1218,Course 1218,100,0,0,\N,\N,\N,\N
1219,Course 1219,100,0,0,\N,\N,\N,\N
1220,Course 1220,100,0,0,\N,\N,\N,\N
1221,Course 1221,100,0,0,\N,\N,\N,\N
1222,Course 1222,100,0,0,\N,\N,\N,\N
1223,Course 1223,100,0,0,\N,\N,\N,\N
1224,Course 1224,100,0,0,\N,\N,\N,\N
1225,Course 1225,100,0,0,\N,\N,\N,\N
1226,Course 1226,100,0,0,\N,\N,\N,\N
1227,Course 1227,100,0,0,\N,\N,\N,\N
1228,Course 1228,100,0,0,\N,\N,\N,\N
1229,Course 1229,100,0,0,\N,\N,\N,\N
1230,Course 1230,100,0,0,\N,\N,\N,\N
1231,Course 1231,100,0,0,\N,\N,\N,\N
1232,Course 1232,100,0,0,\N,\N,\N,\N
1233,Course 1233,100,0,0,\N,\N,\N,\N
1234,Course 1234,100,0,0,\N,\N,\N,\N
1235,Course 1235,100,0,0,\N,\N,\N,\N
1236,Course 1236,100,0,0,\N,\N,\N,\N
1237,Course 1237,100,0,0,\N,\N,\N,\N
1238,Course 1238,100,0,0,\N,\N,\N,\N
1239,Course 1239,100,0,0,\N,\N,\N,\N
1240,Course 1240,100,0,0,\N,\N,\N,\N
1241,Course 1241,100,0,0,\N,\N,\N,\N
1242,Course 1242,100,0,0,\N,\N,\N,\N
1243,Course 1243,100,0,0,\N,\N,\N,\N
1244,Course 1244,100,0,0,\N,\N,\N,\N
1245,Course 1245,100,0,0,\N,\N,\N,\N
1246,Course 1246,100,0,0,\N,\N,\N,\N
1247,Course 1247,100,0,0,\N,\N,\N,\N
1248,Course 1248,100,0,0,\N,\N,\N,\N
1249,Course 1249,100,0,0,\N,\N,\N,\N
1250,Course 1250,100,0,0,\N,\N,\N,\N
1251,Course 1251,100,0,0,\N,\N,\N,\N
1252,Course 1252,100,0,0,\N,\N,\N,\N
1253,Course 1253,100,0,0,\N,\N,\N,\N
1254,Course 1254,100,0,0,\N,\N,\N,\N
1255,Course 1255,100,0,0,\N,\N,\N,\N
1256,Course 1256,100,0,0,\N,\N,\N,\N
1257,Course 1257,100,0,0,\N,\N,\N,\N
1258,Course 1258,100,0,0,\N,\N,\N,\N
1259,Course 1259,100,0,0,\N,\N,\N,\N
1260,Course 1260,100,0,0,\N,\N,\N,\N
1261,Course 1261,100,0,0,\N,\N,\N,\N
1262,Course 1262,100,0,0,\N,\N,\N,\N
1263,Course 1263,100,0,0,\N,\N,\N,\N
1264,Course 1264,100,0,0,\N,\N,\N,\N
1265,Course 1265,100,0,0,\N,\N,\N,\N
1266,Course 1266,100,0,0,\N,\N,\N,\N
1267,Course 1267,100,0,0,\N,\N,\N,\N
1268,Course 1268,100,0,0,\N,\N,\N,\N
1269,Course 1269,100,0,0,\N,\N,\N,\N
1270,Course 1270,100,0,0,\N,\N,\N,\N
1271,Course 1271,100,0,0,\N,\N,\N,\N
1272,Course 1272,100,0,0,\N,\N,\N,\N
1273,Course 1273,100,0,0,\N,\N,\N,\N
1274,Course 1274,100,0,0,\N,\N,\N,\N
1275,Course 1275,100,0,0,\N,\N,\N,\N
1276,Course 1276,100,0,0,\N,\N,\N,\N
1277,Course 1277,100,0,0,\N,\N,\N,\N
1278,Course 1278,100,0,0,\N,\N,\N,\N
1279,Course 1279,100,0,0,\N,\N,\N,\N
1280,Course 1280,100,0,0,\N,\N,\N,\N
1281,Course 1281,100,0,0,\N,\N,\N,\N
1282,Course 1282,100,0,0,\N,\N,\N,\N
1283,Course 1283,100,0,0,\N,\N,\N,\N
1284,Course 1284,100,0,0,\N,\N,\N,\N
1285,Course 1285,100,0,0,\N,\N,\N,\N
1286,Course 1286,100,0,0,\N,\N,\N,\N
1287,Course 1287,100,0,0,\N,\N,\N,\N
1288,Course 1288,100,0,0,\N,\N,\N,\N
1289,Course 1289,100,0,0,\N,\N,\N,\N
1290,Course 1290,100,0,0,\N,\N,\N,\N
1291,Course 1291,100,0,0,\N,\N,\N,\N
1292,Course 1292,100,0,0,\N,\N,\N,\N
1293,Course 1293,100,0,0,\N,\N,\N,\N
1294,Course 1294,100,0,0,\N,\N,\N,\N
1295,Course 1295,100,0,0,\N,\N,\N,\N
1296,Course 1296,100,0,0,\N,\N,\N,\N
1297,Course 1297,100,0,0,\N,\N,\N,\N
1298,Course 1298,100,0,0,\N,\N,\N,\N
1299,Course 1299,100,0,0,\N,\N,\N,\N
1300,Course 1300,100,0,0,\N,\N,\N,\N
1301,Course 1301,100,0,0,\N,\N,\N,\N
1302,Course 1302,100,0,0,\N,\N,\N,\N
1303,Course 1303,100,0,0,\N,\N,\N,\N
1304,Course 1304,100,0,0,\N,\N,\N,\N
1305,Course 1305,100,0,0,\N,\N,\N,\N
1306,Course 1306,100,0,0,\N,\N,\N,\N
1307,Course 1307,100,0,0,\N,\N,\N,\N
1308,Course 1308,100,0,0,\N,\N,\N,\N
1309,Course 1309,100,0,0,\N,\N,\N,\N
1310,Course 1310,100,0,0,\N,\N,\N,\N
1311,Course 1311,100,0,0,\N,\N,\N,\N
1312,Course 1312,100,0,0,\N,\N,\N,\N
1313,Course 1313,100,0,0,\N,\N,\N,\N
1314,Course 1314,100,0,0,\N,\N,\N,\N
1315,Course 1315,100,0,0,\N,\N,\N,\N
1316,Course 1316,100,0,0,\N,\N,\N,\N
1317,Course 1317,100,0,0,\N,\N,\N,\N
1318,Course 1318,100,0,0,\N,\N,\N,\N
1319,Course 1319,100,0,0,\N,\N,\N,\N
1320,Course 1320,100,0,0,\N,\N,\N,\N
1321,Course 1321,100,0,0,\N,\N,\N,\N
1322,Course 1322,100,0,0,\N,\N,\N,\N
1323,Course 1323,100,0,0,\N,\N,\N,\N
1324,Course 1324,100,0,0,\N,\N,\N,\N
1325,Course 1325,100,0,0,\N,\N,\N,\N
1326,Course 1326,100,0,0,\N,\N,\N,\N
1327,Course 1327,100,0,0,\N,\N,\N,\N
1328,Course 1328,100,0,0,\N,\N,\N,\N
1329,Course 1329,100,0,0,\N,\N,\N,\N
1330,Course 1330,100,0,0,\N,\N,\N,\N
1331,Course 1331,100,0,0,\N,\N,\N,\N
1332,Course 1332,100,0,0,\N,\N,\N,\N
1333,Course 1333,100,0,0,\N,\N,\N,\N
1334,Course 1334,100,0,0,\N,\N,\N,\N
1335,Course 1335,100,0,0,\N,\N,\N,\N
1336,Course 1336,100,0,0,\N,\N,\N,\N
1337,Course 1337,100,0,0,\N,\N,\N,\N
1338,Course 1338,100,0,0,\N,\N,\N,\N
1339,Course 1339,100,0,0,\N,\N,\N,\N
1340,Course 1340,100,0,0,\N,\N,\N,\N
1341,Course 1341,100,0,0,\N,\N,\N,\N
1342,Course 1342,100,0,0,\N,\N,\N,\N
1343,Course 1343,100,0,0,\N,\N,\N,\N
1344,Course 1344,100,0,0,\N,\N,\N,\N
1345,Course 1345,100,0,0,\N,\N,\N,\N
1346,Course 1346,100,0,0,\N,\N,\N,\N
1347,Course 1347,100,0,0,\N,\N,\N,\N
1348,Course 1348,100,0,0,\N,\N,\N,\N
1349,Course 1349,100,0,0,\N,\N,\N,\N
1350,Course 1350,100,0,0,\N,\N,\N,\N
1351,Course 1351,100,0,0,\N,\N,\N,\N
1352,Course 1352,100,0,0,\N,\N,\N,\N
1353,Course 1353,100,0,0,\N,\N,\N,\N
1354,Course 1354,100,0,0,\N,\N,\N,\N
1355,Course 1355,100,0,0,\N,\N,\N,\N
1356,Course 1356,100,0,0,\N,\N,\N,\N
1357,Course 1357,100,0,0,\N,\N,\N,\N
1358,Course 1358,100,0,0,\N,\N,\N,\N
1359,Course 1359,100,0,0,\N,\N,\N,\N
1360,Course 1360,100,0,0,\N,\N,\N,\N
1361,Course 1361,100,0,0,\N,\N,\N,\N
1362,Course 1362,100,0,0,\N,\N,\N,\N
1363,Course 1363,100,0,0,\N,\N,\N,\N
1364,Course 1364,100,0,0,\N,\N,\N,\N
1365,Course 1365,100,0,0,\N,\N,\N,\N
1366,Course 1366,100,0,0,\N,\N,\N,\N
1367,Course 1367,100,0,0,\N,\N,\N,\N
1368,Course 1368,100,0,0,\N,\N,\N,\N
1369,Course 1369,100,0,0,\N,\N,\N,\N
1370,Course 1370,100,0,0,\N,\N,\N,\N
1371,Course 1371,100,0,0,\N,\N,\N,\N
1372,Course 1372,100,0,0,\N,\N,\N,\N
1373,Course 1373,100,0,0,\N,\N,\N,\N
1374,Course 1374,100,0,0,\N,\N,\N,\N
1375,Course 1375,100,0,0,\N,\N,\N,\N
1376,Course 1376,100,0,0,\N,\N,\N,\N
1377,Course 1377,100,0,0,\N,\N,\N,\N
1378,Course 1378,100,0,0,\N,\N,\N,\N
1379,Course 1379,100,0,0,\N,\N,\N,\N
1380,Course 1380,100,0,0,\N,\N,\N,\N
1381,Course 1381,100,0,0,\N,\N,\N,\N
1382,Course 1382,100,0,0,\N,\N,\N,\N
1383,Course 1383,100,0,0,\N,\N,\N,\N
1384,Course 1384,100,0,0,\N,\N,\N,\N
1385,Course 1385,100,0,0,\N,\N,\N,\N
1386,Course 1386,100,0,0,\N,\N,\N,\N
1387,Course 1387,100,0,0,\N,\N,\N,\N
1388,Course 1388,100,0,0,\N,\N,\N,\N
1389,Course 1389,100,0,0,\N,\N,\N,\N
1390,Course 1390,100,0,0,\N,\N,\N,\N
1391,Course 1391,100,0,0,\N,\N,\N,\N
1392,Course 1392,100,0,0,\N,\N,\N,\N
1393,Course 1393,100,0,0,\N,\N,\N,\N
1394,Course 1394,100,0,0,\N,\N,\N,\N
1395,Course 1395,100,0,0,\N,\N,\N,\N
1396,Course 1396,100,0,0,\N,\N,\N,\N
1397,Course 1397,100,0,0,\N,\N,\N,\N
1398,Course 1398,100,0,0,\N,\N,\N,\N
1399,Course 1399,100,0,0,\N,\N,\N,\N
1400,Course 1400,100,0,0,\N,\N,\N,\N
1401,Course 1401,100,0,0,\N,\N,\N,\N
1402,Course 1402,100,0,0,\N,\N,\N,\N
1403,Course 1403,100,0,0,\N,\N,\N,\N
1404,Course 1404,100,0,0,\N,\N,\N,\N
1405,Course 1405,100,0,0,\N,\N,\N,\N
1406,Course 1406,100,0,0,\N,\N,\N,\N
1407,Course 1407,100,0,0,\N,\N,\N,\N
1408,Course 1408,100,0,0,\N,\N,\N,\N
1409,Course 1409,100,0,0,\N,\N,\N,\N
1410,Course 1410,100,0,0,\N,\N,\N,\N
1411,Course 1411,100,0,0,\N,\N,\N,\N
1412,Course 1412,100,0,0,\N,\N,\N,\N
1413,Course 1413,100,0,0,\N,\N,\N,\N
1414,Course 1414,100,0,0,\N,\N,\N,\N
1415,Course 1415,100,0,0,\N,\N,\N,\N
1416,Course 1416,100,0,0,\N,\N,\N,\N
1417,Course 1417,100,0,0,\N,\N,\N,\N
1418,Course 1418,100,0,0,\N,\N,\N,\N
1419,Course 1419,100,0,0,\N,\N,\N,\N
1420,Course 1420,100,0,0,\N,\N,\N,\N
1421,Course 1421,100,0,0,\N,\N,\N,\N
1422,Course 1422,100,0,0,\N,\N,\N,\N
1423,Course 1423,100,0,0,\N,\N,\N,\N
1424,Course 1424,100,0,0,\N,\N,\N,\N
1425,Course 1425,100,0,0,\N,\N,\N,\N
1426,Course 1426,100,0,0,\N,\N,\N,\N
1427,Course 1427,100,0,0,\N,\N,\N,\N
1428,Course 1428,100,0,0,\N,\N,\N,\N
1429,Course 1429,100,0,0,\N,\N,\N,\N
1430,Course 1430,100,0,0,\N,\N,\N,\N
1431,Course 1431,100,0,0,\N,\N,\N,\N
1432,Course 1432,100,0,0,\N,\N,\N,\N
1433,Course 1433,100,0,0,\N,\N,\N,\N
1434,Course 1434,100,0,0,\N,\N,\N,\N
1435,Course 1435,100,0,0,\N,\N,\N,\N
1436,Course 1436,100,0,0,\N,\N,\N,\N
1437,Course 1437,100,0,0,\N,\N,\N,\N
1438,Course 1438,100,0,0,\N,\N,\N,\N
1439,Course 1439,100,0,0,\N,\N,\N,\N
1440,Course 1440,100,0,0,\N,\N,\N,\N
1441,Course 1441,100,0,0,\N,\N,\N,\N
1442,Course 1442,100,0,0,\N,\N,\N,\N
1443,Course 1443,100,0,0,\N,\N,\N,\N
1444,Course 1444,100,0,0,\N,\N,\N,\N
1445,Course 1445,100,0,0,\N,\N,\N,\N
1446,Course 1446,100,0,0,\N,\N,\N,\N
1447,Course 1447,100,0,0,\N,\N,\N,\N
1448,Course 1448,100,0,0,\N,\N,\N,\N
1449,Course 1449,100,0,0,\N,\N,\N,\N
1450,Course 1450,100,0,0,\N,\N,\N,\N
1451,Course 1451,100,0,0,\N,\N,\N,\N
1452,Course 1452,100,0,0,\N,\N,\N,\N
1453,Course 1453,100,0,0,\N,\N,\N,\N
1454,Course 1454,100,0,0,\N,\N,\N,\N
1455,Course 1455,100,0,0,\N,\N,\N,\N
1456,Course 1456,100,0,0,\N,\N,\N,\N
1457,Course 1457,100,0,0,\N,\N,\N,\N
1458,Course 1458,100,0,0,\N,\N,\N,\N
1459,Course 1459,100,0,0,\N,\N,\N,\N
1460,Course 1460,100,0,0,\N,\N,\N,\N
1461,Course 1461,100,0,0,\N,\N,\N,\N
1462,Course 1462,100,0,0,\N,\N,\N,\N
1463,Course 1463,100,0,0,\N,\N,\N,\N
1464,Course 1464,100,0,0,\N,\N,\N,\N
1465,Course 1465,100,0,0,\N,\N,\N,\N
1466,Course 1466,100,0,0,\N,\N,\N,\N
1467,Course 1467,100,0,0,\N,\N,\N,\N
1468,Course 1468,100,0,0,\N,\N,\N,\N
1469,Course 1469,100,0,0,\N,\N,\N,\N
1470,Course 1470,100,0,0,\N,\N,\N,\N
1471,Course 1471,100,0,0,\N,\N,\N,\N
1472,Course 1472,100,0,0,\N,\N,\N,\N
1473,Course 1473,100,0,0,\N,\N,\N,\N
1474,Course 1474,100,0,0,\N,\N,\N,\N
1475,Course 1475,100,0,0,\N,\N,\N,\N
1476,Course 1476,100,0,0,\N,\N,\N,\N
1477,Course 1477,100,0,0,\N,\N,\N,\N
1478,Course 1478,100,0,0,\N,\N,\N,\N
1479,Course 1479,100,0,0,\N,\N,\N,\N
1480,Course 1480,100,0,0,\N,\N,\N,\N
1481,Course 1481,100,0,0,\N,\N,\N,\N
1482,Course 1482,100,0,0,\N,\N,\N,\N
1483,Course 1483,100,0,0,\N,\N,\N,\N
1484,Course 1484,100,0,0,\N,\N,\N,\N
1485,Course 1485,100,0,0,\N,\N,\N,\N
1486,Course 1486,100,0,0,\N,\N,\N,\N
1487,Course 1487,100,0,0,\N,\N,\N,\N
1488,Course 1488,100,0,0,\N,\N,\N,\N
1489,Course 1489,100,0,0,\N,\N,\N,\N
1490,Course 1490,100,0,0,\N,\N,\N,\N
1491,Course 1491,100,0,0,\N,\N,\N,\N
1492,Course 1492,100,0,0,\N,\N,\N,\N
1493,Course 1493,100,0,0,\N,\N,\N,\N
1494,Course 1494,100,0,0,\N,\N,\N,\N
1495,Course 1495,100,0,0,\N,\N,\N,\N
1496,Course 1496,100,0,0,\N,\N,\N,\N
1497,Course 1497,100,0,0,\N,\N,\N,\N
1498,Course 1498,100,0,0,\N,\N,\N,\N
1499,Course 1499,100,0,0,\N,\N,\N,\N
1500,Course 1500,100,0,0,\N,\N,\N,\N
1501,Course 1501,100,0,0,\N,\N,\N,\N
1502,Course 1502,100,0,0,\N,\N,\N,\N
1503,Course 1503,100,0,0,\N,\N,\N,\N
1504,Course 1504,100,0,0,\N,\N,\N,\N
1505,Course 1505,100,0,0,\N,\N,\N,\N
1506,Course 1506,100,0,0,\N,\N,\N,\N
1507,Course 1507,100,0,0,\N,\N,\N,\N
1508,Course 1508,100,0,0,\N,\N,\N,\N
1509,Course 1509,100,0,0,\N,\N,\N,\N
1510,Course 1510,100,0,0,\N,\N,\N,\N
1511,Course 1511,100,0,0,\N,\N,\N,\N
1512,Course 1512,100,0,0,\N,\N,\N,\N
1513,Course 1513,100,0,0,\N,\N,\N,\N
1514,Course 1514,100,0,0,\N,\N,\N,\N
1515,Course 1515,100,0,0,\N,\N,\N,\N
1516,Course 1516,100,0,0,\N,\N,\N,\N
1517,Course 1517,100,0,0,\N,\N,\N,\N
1518,Course 1518,100,0,0,\N,\N,\N,\N
1519,Course 1519,100,0,0,\N,\N,\N,\N
1520,Course 1520,100,0,0,\N,\N,\N,\N
1521,Course 1521,100,0,0,\N,\N,\N,\N
1522,Course 1522,100,0,0,\N,\N,\N,\N
1523,Course 1523,100,0,0,\N,\N,\N,\N
1524,Course 1524,100,0,0,\N,\N,\N,\N
1525,Course 1525,100,0,0,\N,\N,\N,\N
1526,Course 1526,100,0,0,\N,\N,\N,\N
1527,Course 1527,100,0,0,\N,\N,\N,\N
1528,Course 1528,100,0,0,\N,\N,\N,\N
1529,Course 1529,100,0,0,\N,\N,\N,\N
1530,Course 1530,100,0,0,\N,\N,\N,\N
1531,Course 1531,100,0,0,\N,\N,\N,\N
1532,Course 1532,100,0,0,\N,\N,\N,\N
1533,Course 1533,100,0,0,\N,\N,\N,\N
1534,Course 1534,100,0,0,\N,\N,\N,\N
1535,Course 1535,100,0,0,\N,\N,\N,\N
1536,Course 1536,100,0,0,\N,\N,\N,\N
1537,Course 1537,100,0,0,\N,\N,\N,\N
1538,Course 1538,100,0,0,\N,\N,\N,\N
1539,Course 1539,100,0,0,\N,\N,\N,\N
1540,Course 1540,100,0,0,\N,\N,\N,\N
1541,Course 1541,100,0,0,\N,\N,\N,\N
1542,Course 1542,100,0,0,\N,\N,\N,\N
1543,Course 1543,100,0,0,\N,\N,\N,\N
1544,Course 1544,100,0,0,\N,\N,\N,\N
1545,Course 1545,100,0,0,\N,\N,\N,\N
1546,Course 1546,100,0,0,\N,\N,\N,\N
1547,Course 1547,100,0,0,\N,\N,\N,\N
1548,Course 1548,100,0,0,\N,\N,\N,\N
1549,Course 1549,100,0,0,\N,\N,\N,\N
1550,Course 1550,100,0,0,\N,\N,\N,\N
1551,Course 1551,100,0,0,\N,\N,\N,\N
1552,Course 1552,100,0,0,\N,\N,\N,\N
1553,Course 1553,100,0,0,\N,\N,\N,\N
1554,Course 1554,100,0,0,\N,\N,\N,\N
1555,Course 1555,100,0,0,\N,\N,\N,\N
1556,Course 1556,100,0,0,\N,\N,\N,\N
1557,Course 1557,100,0,0,\N,\N,\N,\N
1558,Course 1558,100,0,0,\N,\N,\N,\N
1559,Course 1559,100,0,0,\N,\N,\N,\N
1560,Course 1560,100,0,0,\N,\N,\N,\N
1561,Course 1561,100,0,0,\N,\N,\N,\N
1562,Course 1562,100,0,0,\N,\N,\N,\N
1563,Course 1563,100,0,0,\N,\N,\N,\N
1564,Course 1564,100,0,0,\N,\N,\N,\N
1565,Course 1565,100,0,0,\N,\N,\N,\N
1566,Course 1566,100,0,0,\N,\N,\N,\N
1567,Course 1567,100,0,0,\N,\N,\N,\N
1568,Course 1568,100,0,0,\N,\N,\N,\N
1569,Course 1569,100,0,0,\N,\N,\N,\N
1570,Course 1570,100,0,0,\N,\N,\N,\N
1571,Course 1571,100,0,0,\N,\N,\N,\N
1572,Course 1572,100,0,0,\N,\N,\N,\N
1573,Course 1573,100,0,0,\N,\N,\N,\N
1574,Course 1574,100,0,0,\N,\N,\N,\N
1575,Course 1575,100,0,0,\N,\N,\N,\N
1576,Course 1576,100,0,0,\N,\N,\N,\N
1577,Course 1577,100,0,0,\N,\N,\N,\N
1578,Course 1578,100,0,0,\N,\N,\N,\N
1579,Course 1579,100,0,0,\N,\N,\N,\N
1580,Course 1580,100,0,0,\N,\N,\N,\N
1581,Course 1581,100,0,0,\N,\N,\N,\N
1582,Course 1582,100,0,0,\N,\N,\N,\N
1583,Course 1583,100,0,0,\N,\N,\N,\N
1584,Course 1584,100,0,0,\N,\N,\N,\N
1585,Course 1585,100,0,0,\N,\N,\N,\N
1586,Course 1586,100,0,0,\N,\N,\N,\N
1587,Course 1587,100,0,0,\N,\N,\N,\N
1588,Course 1588,100,0,0,\N,\N,\N,\N
1589,Course 1589,100,0,0,\N,\N,\N,\N
1590,Course 1590,100,0,0,\N,\N,\N,\N
1591,Course 1591,100,0,0,\N,\N,\N,\N
1592,Course 1592,100,0,0,\N,\N,\N,\N
1593,Course 1593,100,0,0,\N,\N,\N,\N
1594,Course 1594,100,0,0,\N,\N,\N,\N
1595,Course 1595,100,0,0,\N,\N,\N,\N
1596,Course 1596,100,0,0,\N,\N,\N,\N
1597,Course 1597,100,0,0,\N,\N,\N,\N
1598,Course 1598,100,0,0,\N,\N,\N,\N
1599,Course 1599,100,0,0,\N,\N,\N,\N
1600,Course 1600,100,0,0,\N,\N,\N,\N
1601,Course 1601,100,0,0,\N,\N,\N,\N
1602,Course 1602,100,0,0,\N,\N,\N,\N
1603,Course 1603,100,0,0,\N,\N,\N,\N
1604,Course 1604,100,0,0,\N,\N,\N,\N
1605,Course 1605,100,0,0,\N,\N,\N,\N
1606,Course 1606,100,0,0,\N,\N,\N,\N
1607,Course 1607,100,0,0,\N,\N,\N,\N
1608,Course 1608,100,0,0,\N,\N,\N,\N
1609,Course 1609,100,0,0,\N,\N,\N,\N
1610,Course 1610,100,0,0,\N,\N,\N,\N
1611,Course 1611,100,0,0,\N,\N,\N,\N
1612,Course 1612,100,0,0,\N,\N,\N,\N
1613,Course 1613,100,0,0,\N,\N,\N,\N
1614,Course 1614,100,0,0,\N,\N,\N,\N
1615,Course 1615,100,0,0,\N,\N,\N,\N
1616,Course 1616,100,0,0,\N,\N,\N,\N
1617,Course 1617,100,0,0,\N,\N,\N,\N
1618,Course 1618,100,0,0,\N,\N,\N,\N
1619,Course 1619,100,0,0,\N,\N,\N,\N
1620,Course 1620,100,0,0,\N,\N,\N,\N
1621,Course 1621,100,0,0,\N,\N,\N,\N
1622,Course 1622,100,0,0,\N,\N,\N,\N
1623,Course 1623,100,0,0,\N,\N,\N,\N
1624,Course 1624,100,0,0,\N,\N,\N,\N
1625,Course 1625,100,0,0,\N,\N,\N,\N
1626,Course 1626,100,0,0,\N,\N,\N,\N
1627,Course 1627,100,0,0,\N,\N,\N,\N
1628,Course 1628,100,0,0,\N,\N,\N,\N
1629,Course 1629,100,0,0,\N,\N,\N,\N
1630,Course 1630,100,0,0,\N,\N,\N,\N
1631,Course 1631,100,0,0,\N,\N,\N,\N
1632,Course 1632,100,0,0,\N,\N,\N,\N
1633,Course 1633,100,0,0,\N,\N,\N,\N
1634,Course 1634,100,0,0,\N,\N,\N,\N
1635,Course 1635,100,0,0,\N,\N,\N,\N
1636,Course 1636,100,0,0,\N,\N,\N,\N
1637,Course 1637,100,0,0,\N,\N,\N,\N
1638,Course 1638,100,0,0,\N,\N,\N,\N
1639,Course 1639,100,0,0,\N,\N,\N,\N
1640,Course 1640,100,0,0,\N,\N,\N,\N
1641,Course 1641,100,0,0,\N,\N,\N,\N
1642,Course 1642,100,0,0,\N,\N,\N,\N
1643,Course 1643,100,0,0,\N,\N,\N,\N
1644,Course 1644,100,0,0,\N,\N,\N,\N
1645,Course 1645,100,0,0,\N,\N,\N,\N
1646,Course 1646,100,0,0,\N,\N,\N,\N
1647,Course 1647,100,0,0,\N,\N,\N,\N
1648,Course 1648,100,0,0,\N,\N,\N,\N
1649,Course 1649,100,0,0,\N,\N,\N,\N
1650,Course 1650,100,0,0,\N,\N,\N,\N
1651,Course 1651,100,0,0,\N,\N,\N,\N
1652,Course 1652,100,0,0,\N,\N,\N,\N
1653,Course 1653,100,0,0,\N,\N,\N,\N
1654,Course 1654,100,0,0,\N,\N,\N,\N
1655,Course 1655,100,0,0,\N,\N,\N,\N
1656,Course 1656,100,0,0,\N,\N,\N,\N
1657,Course 1657,100,0,0,\N,\N,\N,\N
1658,Course 1658,100,0,0,\N,\N,\N,\N
1659,Course 1659,100,0,0,\N,\N,\N,\N
1660,Course 1660,100,0,0,\N,\N,\N,\N
1661,Course 1661,100,0,0,\N,\N,\N,\N
1662,Course 1662,100,0,0,\N,\N,\N,\N
1663,Course 1663,100,0,0,\N,\N,\N,\N
1664,Course 1664,100,0,0,\N,\N,\N,\N
1665,Course 1665,100,0,0,\N,\N,\N,\N
1666,Course 1666,100,0,0,\N,\N,\N,\N
1667,Course 1667,100,0,0,\N,\N,\N,\N
1668,Course 1668,100,0,0,\N,\N,\N,\N
1669,Course 1669,100,0,0,\N,\N,\N,\N
1670,Course 1670,100,0,0,\N,\N,\N,\N
1671,Course 1671,100,0,0,\N,\N,\N,\N
1672,Course 1672,100,0,0,\N,\N,\N,\N
1673,Course 1673,100,0,0,\N,\N,\N,\N
1674,Course 1674,100,0,0,\N,\N,\N,\N
1675,Course 1675,100,0,0,\N,\N,\N,\N
1676,Course 1676,100,0,0,\N,\N,\N,\N
1677,Course 1677,100,0,0,\N,\N,\N,\N
1678,Course 1678,100,0,0,\N,\N,\N,\N
1679,Course 1679,100,0,0,\N,\N,\N,\N
1680,Course 1680,100,0,0,\N,\N,\N,\N
1681,Course 1681,100,0,0,\N,\N,\N,\N
1682,Course 1682,100,0,0,\N,\N,\N,\N
1683,Course 1683,100,0,0,\N,\N,\N,\N
1684,Course 1684,100,0,0,\N,\N,\N,\N
1685,Course 1685,100,0,0,\N,\N,\N,\N
1686,Course 1686,100,0,0,\N,\N,\N,\N
1687,Course 1687,100,0,0,\N,\N,\N,\N
1688,Course 1688,100,0,0,\N,\N,\N,\N
1689,Course 1689,100,0,0,\N,\N,\N,\N
1690,Course 1690,100,0,0,\N,\N,\N,\N
1691,Course 1691,100,0,0,\N,\N,\N,\N
1692,Course 1692,100,0,0,\N,\N,\N,\N
1693,Course 1693,100,0,0,\N,\N,\N,\N
1694,Course 1694,100,0,0,\N,\N,\N,\N
1695,Course 1695,100,0,0,\N,\N,\N,\N
1696,Course 1696,100,0,0,\N,\N,\N,\N
1697,Course 1697,100,0,0,\N,\N,\N,\N
1698,Course 1698,100,0,0,\N,\N,\N,\N
1699,Course 1699,100,0,0,\N,\N,\N,\N
1700,Course 1700,100,0,0,\N,\N,\N,\N
1701,Course 1701,100,0,0,\N,\N,\N,\N
1702,Course 1702,100,0,0,\N,\N,\N,\N
1703,Course 1703,100,0,0,\N,\N,\N,\N
1704,Course 1704,100,0,0,\N,\N,\N,\N
1705,Course 1705,100,0,0,\N,\N,\N,\N
1706,Course 1706,100,0,0,\N,\N,\N,\N
1707,Course 1707,100,0,0,\N,\N,\N,\N
1708,Course 1708,100,0,0,\N,\N,\N,\N
1709,Course 1709,100,0,0,\N,\N,\N,\N
1710,Course 1710,100,0,0,\N,\N,\N,\N
1711,Course 1711,100,0,0,\N,\N,\N,\N
1712,Course 1712,100,0,0,\N,\N,\N,\N
1713,Course 1713,100,0,0,\N,\N,\N,\N
1714,Course 1714,100,0,0,\N,\N,\N,\N
1715,Course 1715,100,0,0,\N,\N,\N,\N
1716,Course 1716,100,0,0,\N,\N,\N,\N
1717,Course 1717,100,0,0,\N,\N,\N,\N
1718,Course 1718,100,0,0,\N,\N,\N,\N
1719,Course 1719,100,0,0,\N,\N,\N,\N
1720,Course 1720,100,0,0,\N,\N,\N,\N
1721,Course 1721,100,0,0,\N,\N,\N,\N
1722,Course 1722,100,0,0,\N,\N,\N,\N
1723,Course 1723,100,0,0,\N,\N,\N,\N
1724,Course 1724,100,0,0,\N,\N,\N,\N
1725,Course 1725,100,0,0,\N,\N,\N,\N
1726,Course 1726,100,0,0,\N,\N,\N,\N
1727,Course 1727,100,0,0,\N,\N,\N,\N
1728,Course 1728,100,0,0,\N,\N,\N,\N
1729,Course 1729,100,0,0,\N,\N,\N,\N
1730,Course 1730,100,0,0,\N,\N,\N,\N
1731,Course 1731,100,0,0,\N,\N,\N,\N
1732,Course 1732,100,0,0,\N,\N,\N,\N
1733,Course 1733,100,0,0,\N,\N,\N,\N
1734,Course 1734,100,0,0,\N,\N,\N,\N
1735,Course 1735,100,0,0,\N,\N,\N,\N
1736,Course 1736,100,0,0,\N,\N,\N,\N
1737,Course 1737,100,0,0,\N,\N,\N,\N
1738,Course 1738,100,0,0,\N,\N,\N,\N
1739,Course 1739,100,0,0,\N,\N,\N,\N
1740,Course 1740,100,0,0,\N,\N,\N,\N
1741,Course 1741,100,0,0,\N,\N,\N,\N
1742,Course 1742,100,0,0,\N,\N,\N,\N
1743,Course 1743,100,0,0,\N,\N,\N,\N
1744,Course 1744,100,0,0,\N,\N,\N,\N
1745,Course 1745,100,0,0,\N,\N,\N,\N
1746,Course 1746,100,0,0,\N,\N,\N,\N
1747,Course 1747,100,0,0,\N,\N,\N,\N
1748,Course 1748,100,0,0,\N,\N,\N,\N
1749,Course 1749,100,0,0,\N,\N,\N,\N
1750,Course 1750,100,0,0,\N,\N,\N,\N
1751,Course 1751,100,0,0,\N,\N,\N,\N
1752,Course 1752,100,0,0,\N,\N,\N,\N
1753,Course 1753,100,0,0,\N,\N,\N,\N
1754,Course 1754,100,0,0,\N,\N,\N,\N
1755,Course 1755,100,0,0,\N,\N,\N,\N
1756,Course 1756,100,0,0,\N,\N,\N,\N
1757,Course 1757,100,0,0,\N,\N,\N,\N
1758,Course 1758,100,0,0,\N,\N,\N,\N
1759,Course 1759,100,0,0,\N,\N,\N,\N
1760,Course 1760,100,0,0,\N,\N,\N,\N
1761,Course 1761,100,0,0,\N,\N,\N,\N
1762,Course 1762,100,0,0,\N,\N,\N,\N
1763,Course 1763,100,0,0,\N,\N,\N,\N
1764,Course 1764,100,0,0,\N,\N,\N,\N
1765,Course 1765,100,0,0,\N,\N,\N,\N
1766,Course 1766,100,0,0,\N,\N,\N,\N
1767,Course 1767,100,0,0,\N,\N,\N,\N
1768,Course 1768,100,0,0,\N,\N,\N,\N
1769,Course 1769,100,0,0,\N,\N,\N,\N
1770,Course 1770,100,0,0,\N,\N,\N,\N
1771,Course 1771,100,0,0,\N,\N,\N,\N
1772,Course 1772,100,0,0,\N,\N,\N,\N
1773,Course 1773,100,0,0,\N,\N,\N,\N
1774,Course 1774,100,0,0,\N,\N,\N,\N
1775,Course 1775,100,0,0,\N,\N,\N,\N
1776,Course 1776,100,0,0,\N,\N,\N,\N
1777,Course 1777,100,0,0,\N,\N,\N,\N
1778,Course 1778,100,0,0,\N,\N,\N,\N
1779,Course 1779,100,0,0,\N,\N,\N,\N
1780,Course 1780,100,0,0,\N,\N,\N,\N
1781,Course 1781,100,0,0,\N,\N,\N,\N
1782,Course 1782,100,0,0,\N,\N,\N,\N
1783,Course 1783,100,0,0,\N,\N,\N,\N
1784,Course 1784,100,0,0,\N,\N,\N,\N
1785,Course 1785,100,0,0,\N,\N,\N,\N
1786,Course 1786,100,0,0,\N,\N,\N,\N
1787,Course 1787,100,0,0,\N,\N,\N,\N
1788,Course 1788,100,0,0,\N,\N,\N,\N
1789,Course 1789,100,0,0,\N,\N,\N,\N
1790,Course 1790,100,0,0,\N,\N,\N,\N
1791,Course 1791,100,0,0,\N,\N,\N,\N
1792,Course 1792,100,0,0,\N,\N,\N,\N
1793,Course 1793,100,0,0,\N,\N,\N,\N
1794,Course 1794,100,0,0,\N,\N,\N,\N
1795,Course 1795,100,0,0,\N,\N,\N,\N
1796,Course 1796,100,0,0,\N,\N,\N,\N
1797,Course 1797,100,0,0,\N,\N,\N,\N
1798,Course 1798,100,0,0,\N,\N,\N,\N
1799,Course 1799,100,0,0,\N,\N,\N,\N
1800,Course 1800,100,0,0,\N,\N,\N,\N
1801,Course 1801,100,0,0,\N,\N,\N,\N
1802,Course 1802,100,0,0,\N,\N,\N,\N
1803,Course 1803,100,0,0,\N,\N,\N,\N
1804,Course 1804,100,0,0,\N,\N,\N,\N
1805,Course 1805,100,0,0,\N,\N,\N,\N
1806,Course 1806,100,0,0,\N,\N,\N,\N
1807,Course 1807,100,0,0,\N,\N,\N,\N
1808,Course 1808,100,0,0,\N,\N,\N,\N
1809,Course 1809,100,0,0,\N,\N,\N,\N
1810,Course 1810,100,0,0,\N,\N,\N,\N
1811,Course 1811,100,0,0,\N,\N,\N,\N
1812,Course 1812,100,0,0,\N,\N,\N,\N
1813,Course 1813,100,0,0,\N,\N,\N,\N
1814,Course 1814,100,0,0,\N,\N,\N,\N
1815,Course 1815,100,0,0,\N,\N,\N,\N
1816,Course 1816,100,0,0,\N,\N,\N,\N
1817,Course 1817,100,0,0,\N,\N,\N,\N
1818,Course 1818,100,0,0,\N,\N,\N,\N
1819,Course 1819,100,0,0,\N,\N,\N,\N
1820,Course 1820,100,0,0,\N,\N,\N,\N
1821,Course 1821,100,0,0,\N,\N,\N,\N
1822,Course 1822,100,0,0,\N,\N,\N,\N
1823,Course 1823,100,0,0,\N,\N,\N,\N
1824,Course 1824,100,0,0,\N,\N,\N,\N
1825,Course 1825,100,0,0,\N,\N,\N,\N
1826,Course 1826,100,0,0,\N,\N,\N,\N
1827,Course 1827,100,0,0,\N,\N,\N,\N
1828,Course 1828,100,0,0,\N,\N,\N,\N
1829,Course 1829,100,0,0,\N,\N,\N,\N
1830,Course 1830,100,0,0,\N,\N,\N,\N
1831,Course 1831,100,0,0,\N,\N,\N,\N
1832,Course 1832,100,0,0,\N,\N,\N,\N
1833,Course 1833,100,0,0,\N,\N,\N,\N
1834,Course 1834,100,0,0,\N,\N,\N,\N
1835,Course 1835,100,0,0,\N,\N,\N,\N
1836,Course 1836,100,0,0,\N,\N,\N,\N
1837,Course 1837,100,0,0,\N,\N,\N,\N
1838,Course 1838,100,0,0,\N,\N,\N,\N
1839,Course 1839,100,0,0,\N,\N,\N,\N
1840,Course 1840,100,0,0,\N,\N,\N,\N
1841,Course 1841,100,0,0,\N,\N,\N,\N
1842,Course 1842,100,0,0,\N,\N,\N,\N
1843,Course 1843,100,0,0,\N,\N,\N,\N
1844,Course 1844,100,0,0,\N,\N,\N,\N
1845,Course 1845,100,0,0,\N,\N,\N,\N
1846,Course 1846,100,0,0,\N,\N,\N,\N
1847,Course 1847,100,0,0,\N,\N,\N,\N
1848,Course 1848,100,0,0,\N,\N,\N,\N
1849,Course 1849,100,0,0,\N,\N,\N,\N
1850,Course 1850,100,0,0,\N,\N,\N,\N
1851,Course 1851,100,0,0,\N,\N,\N,\N
1852,Course 1852,100,0,0,\N,\N,\N,\N
1853,Course 1853,100,0,0,\N,\N,\N,\N
1854,Course 1854,100,0,0,\N,\N,\N,\N
1855,Course 1855,100,0,0,\N,\N,\N,\N
1856,Course 1856,100,0,0,\N,\N,\N,\N
1857,Course 1857,100,0,0,\N,\N,\N,\N
1858,Course 1858,100,0,0,\N,\N,\N,\N
1859,Course 1859,100,0,0,\N,\N,\N,\N
1860,Course 1860,100,0,0,\N,\N,\N,\N
1861,Course 1861,100,0,0,\N,\N,\N,\N
1862,Course 1862,100,0,0,\N,\N,\N,\N
1863,Course 1863,100,0,0,\N,\N,\N,\N
1864,Course 1864,100,0,0,\N,\N,\N,\N
1865,Course 1865,100,0,0,\N,\N,\N,\N
1866,Course 1866,100,0,0,\N,\N,\N,\N
1867,Course 1867,100,0,0,\N,\N,\N,\N
1868,Course 1868,100,0,0,\N,\N,\N,\N
1869,Course 1869,100,0,0,\N,\N,\N,\N
1870,Course 1870,100,0,0,\N,\N,\N,\N
1871,Course 1871,100,0,0,\N,\N,\N,\N
1872,Course 1872,100,0,0,\N,\N,\N,\N
1873,Course 1873,100,0,0,\N,\N,\N,\N
1874,Course 1874,100,0,0,\N,\N,\N,\N
1875,Course 1875,100,0,0,\N,\N,\N,\N
1876,Course 1876,100,0,0,\N,\N,\N,\N
1877,Course 1877,100,0,0,\N,\N,\N,\N
1878,Course 1878,100,0,0,\N,\N,\N,\N
1879,Course 1879,100,0,0,\N,\N,\N,\N
1880,Course 1880,100,0,0,\N,\N,\N,\N
1881,Course 1881,100,0,0,\N,\N,\N,\N
1882,Course 1882,100,0,0,\N,\N,\N,\N
1883,Course 1883,100,0,0,\N,\N,\N,\N
1884,Course 1884,100,0,0,\N,\N,\N,\N
1885,Course 1885,100,0,0,\N,\N,\N,\N
1886,Course 1886,100,0,0,\N,\N,\N,\N
1887,Course 1887,100,0,0,\N,\N,\N,\N
1888,Course 1888,100,0,0,\N,\N,\N,\N
1889,Course 1889,100,0,0,\N,\N,\N,\N
1890,Course 1890,100,0,0,\N,\N,\N,\N
1891,Course 1891,100,0,0,\N,\N,\N,\N
1892,Course 1892,100,0,0,\N,\N,\N,\N
1893,Course 1893,100,0,0,\N,\N,\N,\N
1894,Course 1894,100,0,0,\N,\N,\N,\N
1895,Course 1895,100,0,0,\N,\N,\N,\N
1896,Course 1896,100,0,0,\N,\N,\N,\N
1897,Course 1897,100,0,0,\N,\N,\N,\N
1898,Course 1898,100,0,0,\N,\N,\N,\N
1899,Course 1899,100,0,0,\N,\N,\N,\N
1900,Course 1900,100,0,0,\N,\N,\N,\N
1901,Course 1901,100,0,0,\N,\N,\N,\N
1902,Course 1902,100,0,0,\N,\N,\N,\N
1903,Course 1903,100,0,0,\N,\N,\N,\N
1904,Course 1904,100,0,0,\N,\N,\N,\N
1905,Course 1905,100,0,0,\N,\N,\N,\N
1906,Course 1906,100,0,0,\N,\N,\N,\N
1907,Course 1907,100,0,0,\N,\N,\N,\N
1908,Course 1908,100,0,0,\N,\N,\N,\N
1909,Course 1909,100,0,0,\N,\N,\N,\N
1910,Course 1910,100,0,0,\N,\N,\N,\N
1911,Course 1911,100,0,0,\N,\N,\N,\N
1912,Course 1912,100,0,0,\N,\N,\N,\N
1913,Course 1913,100,0,0,\N,\N,\N,\N
1914,Course 1914,100,0,0,\N,\N,\N,\N
1915,Course 1915,100,0,0,\N,\N,\N,\N
1916,Course 1916,100,0,0,\N,\N,\N,\N
1917,Course 1917,100,0,0,\N,\N,\N,\N
1918,Course 1918,100,0,0,\N,\N,\N,\N
1919,Course 1919,100,0,0,\N,\N,\N,\N
1920,Course 1920,100,0,0,\N,\N,\N,\N
1921,Course 1921,100,0,0,\N,\N,\N,\N
1922,Course 1922,100,0,0,\N,\N,\N,\N
1923,Course 1923,100,0,0,\N,\N,\N,\N
1924,Course 1924,100,0,0,\N,\N,\N,\N
1925,Course 1925,100,0,0,\N,\N,\N,\N
1926,Course 1926,100,0,0,\N,\N,\N,\N
1927,Course 1927,100,0,0,\N,\N,\N,\N
1928,Course 1928,100,0,0,\N,\N,\N,\N
1929,Course 1929,100,0,0,\N,\N,\N,\N
1930,Course 1930,100,0,0,\N,\N,\N,\N
1931,Course 1931,100,0,0,\N,\N,\N,\N
1932,Course 1932,100,0,0,\N,\N,\N,\N
1933,Course 1933,100,0,0,\N,\N,\N,\N
1934,Course 1934,100,0,0,\N,\N,\N,\N
1935,Course 1935,100,0,0,\N,\N,\N,\N
1936,Course 1936,100,0,0,\N,\N,\N,\N
1937,Course 1937,100,0,0,\N,\N,\N,\N
1938,Course 1938,100,0,0,\N,\N,\N,\N
1939,Course 1939,100,0,0,\N,\N,\N,\N
1940,Course 1940,100,0,0,\N,\N,\N,\N
1941,Course 1941,100,0,0,\N,\N,\N,\N
1942,Course 1942,100,0,0,\N,\N,\N,\N
1943,Course 1943,100,0,0,\N,\N,\N,\N
1944,Course 1944,100,0,0,\N,\N,\N,\N
1945,Course 1945,100,0,0,\N,\N,\N,\N
1946,Course 1946,100,0,0,\N,\N,\N,\N
1947,Course 1947,100,0,0,\N,\N,\N,\N
1948,Course 1948,100,0,0,\N,\N,\N,\N
1949,Course 1949,100,0,0,\N,\N,\N,\N
1950,Course 1950,100,0,0,\N,\N,\N,\N
1951,Course 1951,100,0,0,\N,\N,\N,\N
1952,Course 1952,100,0,0,\N,\N,\N,\N
1953,Course 1953,100,0,0,\N,\N,\N,\N
1954,Course 1954,100,0,0,\N,\N,\N,\N
1955,Course 1955,100,0,0,\N,\N,\N,\N
1956,Course 1956,100,0,0,\N,\N,\N,\N
1957,Course 1957,100,0,0,\N,\N,\N,\N
1958,Course 1958,100,0,0,\N,\N,\N,\N
1959,Course 1959,100,0,0,\N,\N,\N,\N
1960,Course 1960,100,0,0,\N,\N,\N,\N
1961,Course 1961,100,0,0,\N,\N,\N,\N
1962,Course 1962,100,0,0,\N,\N,\N,\N
1963,Course 1963,100,0,0,\N,\N,\N,\N
1964,Course 1964,100,0,0,\N,\N,\N,\N
1965,Course 1965,100,0,0,\N,\N,\N,\N
1966,Course 1966,100,0,0,\N,\N,\N,\N
1967,Course 1967,100,0,0,\N,\N,\N,\N
1968,Course 1968,100,0,0,\N,\N,\N,\N
1969,Course 1969,100,0,0,\N,\N,\N,\N
1970,Course 1970,100,0,0,\N,\N,\N,\N
1971,Course 1971,100,0,0,\N,\N,\N,\N
1972,Course 1972,100,0,0,\N,\N,\N,\N
1973,Course 1973,100,0,0,\N,\N,\N,\N
1974,Course 1974,100,0,0,\N,\N,\N,\N
1975,Course 1975,100,0,0,\N,\N,\N,\N
1976,Course 1976,100,0,0,\N,\N,\N,\N
1977,Course 1977,100,0,0,\N,\N,\N,\N
1978,Course 1978,100,0,0,\N,\N,\N,\N
1979,Course 1979,100,0,0,\N,\N,\N,\N
1980,Course 1980,100,0,0,\N,\N,\N,\N
1981,Course 1981,100,0,0,\N,\N,\N,\N
1982,Course 1982,100,0,0,\N,\N,\N,\N
1983,Course 1983,100,0,0,\N,\N,\N,\N
1984,Course 1984,100,0,0,\N,\N,\N,\N
1985,Course 1985,100,0,0,\N,\N,\N,\N
1986,Course 1986,100,0,0,\N,\N,\N,\N
1987,Course 1987,100,0,0,\N,\N,\N,\N
1988,Course 1988,100,0,0,\N,\N,\N,\N
1989,Course 1989,100,0,0,\N,\N,\N,\N
1990,Course 1990,100,0,0,\N,\N,\N,\N
1991,Course 1991,100,0,0,\N,\N,\N,\N
1992,Course 1992,100,0,0,\N,\N,\N,\N
1993,Course 1993,100,0,0,\N,\N,\N,\N
1994,Course 1994,100,0,0,\N,\N,\N,\N
1995,Course 1995,100,0,0,\N,\N,\N,\N
1996,Course 1996,100,0,0,\N,\N,\N,\N
1997,Course 1997,100,0,0,\N,\N,\N,\N
1998,Course 1998,100,0,0,\N,\N,\N,\N
1999,Course 1999,100,0,0,\N,\N,\N,\N
2000,Course 2000,100,0,0,\N,\N,\N,\N
2001,Course 2001,100,0,0,\N,\N,\N,\N
2002,Course 2002,100,0,0,\N,\N,\N,\N
2003,Course 2003,100,0,0,\N,\N,\N,\N
2004,Course 2004,100,0,0,\N,\N,\N,\N
2005,Course 2005,100,0,0,\N,\N,\N,\N
2006,Course 2006,100,0,0,\N,\N,\N,\N
2007,Course 2007,100,0,0,\N,\N,\N,\N
2008,Course 2008,100,0,0,\N,\N,\N,\N
2009,Course 2009,100,0,0,\N,\N,\N,\N
2010,Course 2010,100,0,0,\N,\N,\N,\N
2011,Course 2011,100,0,0,\N,\N,\N,\N
2012,Course 2012,100,0,0,\N,\N,\N,\N
2013,Course 2013,100,0,0,\N,\N,\N,\N
2014,Course 2014,100,0,0,\N,\N,\N,\N
2015,Course 2015,100,0,0,\N,\N,\N,\N
2016,Course 2016,100,0,0,\N,\N,\N,\N
2017,Course 2017,100,0,0,\N,\N,\N,\N
2018,Course 2018,100,0,0,\N,\N,\N,\N
2019,Course 2019,100,0,0,\N,\N,\N,\N
2020,Course 2020,100,0,0,\N,\N,\N,\N
2021,Course 2021,100,0,0,\N,\N,\N,\N
2022,Course 2022,100,0,0,\N,\N,\N,\N
2023,Course 2023,100,0,0,\N,\N,\N,\N
2024,Course 2024,100,0,0,\N,\N,\N,\N
2025,Course 2025,100,0,0,\N,\N,\N,\N
2026,Course 2026,100,0,0,\N,\N,\N,\N
2027,Course 2027,100,0,0,\N,\N,\N,\N
2028,Course 2028,100,0,0,\N,\N,\N,\N
2029,Course 2029,100,0,0,\N,\N,\N,\N
2030,Course 2030,100,0,0,\N,\N,\N,\N
2031,Course 2031,100,0,0,\N,\N,\N,\N
2032,Course 2032,100,0,0,\N,\N,\N,\N
2033,Course 2033,100,0,0,\N,\N,\N,\N
2034,Course 2034,100,0,0,\N,\N,\N,\N
2035,Course 2035,100,0,0,\N,\N,\N,\N
2036,Course 2036,100,0,0,\N,\N,\N,\N
2037,Course 2037,100,0,0,\N,\N,\N,\N
2038,Course 2038,100,0,0,\N,\N,\N,\N
2039,Course 2039,100,0,0,\N,\N,\N,\N
2040,Course 2040,100,0,0,\N,\N,\N,\N
2041,Course 2041,100,0,0,\N,\N,\N,\N
2042,Course 2042,100,0,0,\N,\N,\N,\N
2043,Course 2043,100,0,0,\N,\N,\N,\N
2044,Course 2044,100,0,0,\N,\N,\N,\N
2045,Course 2045,100,0,0,\N,\N,\N,\N
2046,Course 2046,100,0,0,\N,\N,\N,\N
2047,Course 2047,100,0,0,\N,\N,\N,\N
2048,Course 2048,100,0,0,\N,\N,\N,\N
2049,Course 2049,100,0,0,\N,\N,\N,\N
2050,Course 2050,100,0,0,\N,\N,\N,\N
2051,Course 2051,100,0,0,\N,\N,\N,\N
2052,Course 2052,100,0,0,\N,\N,\N,\N
2053,Course 2053,100,0,0,\N,\N,\N,\N
2054,Course 2054,100,0,0,\N,\N,\N,\N
2055,Course 2055,100,0,0,\N,\N,\N,\N
2056,Course 2056,100,0,0,\N,\N,\N,\N
2057,Course 2057,100,0,0,\N,\N,\N,\N
2058,Course 2058,100,0,0,\N,\N,\N,\N
2059,Course 2059,100,0,0,\N,\N,\N,\N
2060,Course 2060,100,0,0,\N,\N,\N,\N
2061,Course 2061,100,0,0,\N,\N,\N,\N
2062,Course 2062,100,0,0,\N,\N,\N,\N
2063,Course 2063,100,0,0,\N,\N,\N,\N
2064,Course 2064,100,0,0,\N,\N,\N,\N
2065,Course 2065,100,0,0,\N,\N,\N,\N
2066,Course 2066,100,0,0,\N,\N,\N,\N
2067,Course 2067,100,0,0,\N,\N,\N,\N
2068,Course 2068,100,0,0,\N,\N,\N,\N
2069,Course 2069,100,0,0,\N,\N,\N,\N
2070,Course 2070,100,0,0,\N,\N,\N,\N
2071,Course 2071,100,0,0,\N,\N,\N,\N
2072,Course 2072,100,0,0,\N,\N,\N,\N
2073,Course 2073,100,0,0,\N,\N,\N,\N
2074,Course 2074,100,0,0,\N,\N,\N,\N
2075,Course 2075,100,0,0,\N,\N,\N,\N
2076,Course 2076,100,0,0,\N,\N,\N,\N
2077,Course 2077,100,0,0,\N,\N,\N,\N
2078,Course 2078,100,0,0,\N,\N,\N,\N
2079,Course 2079,100,0,0,\N,\N,\N,\N
2080,Course 2080,100,0,0,\N,\N,\N,\N
2081,Course 2081,100,0,0,\N,\N,\N,\N
2082,Course 2082,100,0,0,\N,\N,\N,\N
2083,Course 2083,100,0,0,\N,\N,\N,\N
2084,Course 2084,100,0,0,\N,\N,\N,\N
2085,Course 2085,100,0,0,\N,\N,\N,\N
2086,Course 2086,100,0,0,\N,\N,\N,\N
2087,Course 2087,100,0,0,\N,\N,\N,\N
2088,Course 2088,100,0,0,\N,\N,\N,\N
2089,Course 2089,100,0,0,\N,\N,\N,\N
2090,Course 2090,100,0,0,\N,\N,\N,\N
2091,Course 2091,100,0,0,\N,\N,\N,\N
2092,Course 2092,100,0,0,\N,\N,\N,\N
2093,Course 2093,100,0,0,\N,\N,\N,\N
2094,Course 2094,100,0,0,\N,\N,\N,\N
2095,Course 2095,100,0,0,\N,\N,\N,\N
2096,Course 2096,100,0,0,\N,\N,\N,\N
2097,Course 2097,100,0,0,\N,\N,\N,\N
2098,Course 2098,100,0,0,\N,\N,\N,\N
2099,Course 2099,100,0,0,\N,\N,\N,\N
2100,Course 2100,100,0,0,\N,\N,\N,\N
2101,Course 2101,100,0,0,\N,\N,\N,\N
2102,Course 2102,100,0,0,\N,\N,\N,\N
2103,Course 2103,100,0,0,\N,\N,\N,\N
2104,Course 2104,100,0,0,\N,\N,\N,\N
2105,Course 2105,100,0,0,\N,\N,\N,\N
2106,Course 2106,100,0,0,\N,\N,\N,\N
2107,Course 2107,100,0,0,\N,\N,\N,\N
2108,Course 2108,100,0,0,\N,\N,\N,\N
2109,Course 2109,100,0,0,\N,\N,\N,\N
2110,Course 2110,100,0,0,\N,\N,\N,\N
2111,Course 2111,100,0,0,\N,\N,\N,\N
2112,Course 2112,100,0,0,\N,\N,\N,\N
2113,Course 2113,100,0,0,\N,\N,\N,\N
2114,Course 2114,100,0,0,\N,\N,\N,\N
2115,Course 2115,100,0,0,\N,\N,\N,\N
2116,Course 2116,100,0,0,\N,\N,\N,\N
2117,Course 2117,100,0,0,\N,\N,\N,\N
2118,Course 2118,100,0,0,\N,\N,\N,\N
2119,Course 2119,100,0,0,\N,\N,\N,\N
2120,Course 2120,100,0,0,\N,\N,\N,\N
2121,Course 2121,100,0,0,\N,\N,\N,\N
2122,Course 2122,100,0,0,\N,\N,\N,\N
2123,Course 2123,100,0,0,\N,\N,\N,\N
2124,Course 2124,100,0,0,\N,\N,\N,\N
2125,Course 2125,100,0,0,\N,\N,\N,\N
2126,Course 2126,100,0,0,\N,\N,\N,\N
2127,Course 2127,100,0,0,\N,\N,\N,\N
2128,Course 2128,100,0,0,\N,\N,\N,\N
2129,Course 2129,100,0,0,\N,\N,\N,\N
2130,Course 2130,100,0,0,\N,\N,\N,\N
2131,Course 2131,100,0,0,\N,\N,\N,\N
2132,Course 2132,100,0,0,\N,\N,\N,\N
2133,Course 2133,100,0,0,\N,\N,\N,\N
2134,Course 2134,100,0,0,\N,\N,\N,\N
2135,Course 2135,100,0,0,\N,\N,\N,\N
2136,Course 2136,100,0,0,\N,\N,\N,\N
2137,Course 2137,100,0,0,\N,\N,\N,\N
2138,Course 2138,100,0,0,\N,\N,\N,\N
2139,Course 2139,100,0,0,\N,\N,\N,\N
2140,Course 2140,100,0,0,\N,\N,\N,\N
2141,Course 2141,100,0,0,\N,\N,\N,\N
2142,Course 2142,100,0,0,\N,\N,\N,\N
2143,Course 2143,100,0,0,\N,\N,\N,\N
2144,Course 2144,100,0,0,\N,\N,\N,\N
2145,Course 2145,100,0,0,\N,\N,\N,\N
2146,Course 2146,100,0,0,\N,\N,\N,\N
2147,Course 2147,100,0,0,\N,\N,\N,\N
2148,Course 2148,100,0,0,\N,\N,\N,\N
2149,Course 2149,100,0,0,\N,\N,\N,\N
2150,Course 2150,100,0,0,\N,\N,\N,\N
2151,Course 2151,100,0,0,\N,\N,\N,\N
2152,Course 2152,100,0,0,\N,\N,\N,\N
2153,Course 2153,100,0,0,\N,\N,\N,\N
2154,Course 2154,100,0,0,\N,\N,\N,\N
2155,Course 2155,100,0,0,\N,\N,\N,\N
2156,Course 2156,100,0,0,\N,\N,\N,\N
2157,Course 2157,100,0,0,\N,\N,\N,\N
2158,Course 2158,100,0,0,\N,\N,\N,\N
2159,Course 2159,100,0,0,\N,\N,\N,\N
2160,Course 2160,100,0,0,\N,\N,\N,\N
2161,Course 2161,100,0,0,\N,\N,\N,\N
2162,Course 2162,100,0,0,\N,\N,\N,\N
2163,Course 2163,100,0,0,\N,\N,\N,\N
2164,Course 2164,100,0,0,\N,\N,\N,\N
2165,Course 2165,100,0,0,\N,\N,\N,\N
2166,Course 2166,100,0,0,\N,\N,\N,\N
2167,Course 2167,100,0,0,\N,\N,\N,\N
2168,Course 2168,100,0,0,\N,\N,\N,\N
2169,Course 2169,100,0,0,\N,\N,\N,\N
2170,Course 2170,100,0,0,\N,\N,\N,\N
2171,Course 2171,100,0,0,\N,\N,\N,\N
2172,Course 2172,100,0,0,\N,\N,\N,\N
2173,Course 2173,100,0,0,\N,\N,\N,\N
2174,Course 2174,100,0,0,\N,\N,\N,\N
2175,Course 2175,100,0,0,\N,\N,\N,\N
2176,Course 2176,100,0,0,\N,\N,\N,\N
2177,Course 2177,100,0,0,\N,\N,\N,\N
2178,Course 2178,100,0,0,\N,\N,\N,\N
2179,Course 2179,100,0,0,\N,\N,\N,\N
2180,Course 2180,100,0,0,\N,\N,\N,\N
2181,Course 2181,100,0,0,\N,\N,\N,\N
2182,Course 2182,100,0,0,\N,\N,\N,\N
2183,Course 2183,100,0,0,\N,\N,\N,\N
2184,Course 2184,100,0,0,\N,\N,\N,\N
2185,Course 2185,100,0,0,\N,\N,\N,\N
2186,Course 2186,100,0,0,\N,\N,\N,\N
2187,Course 2187,100,0,0,\N,\N,\N,\N
2188,Course 2188,100,0,0,\N,\N,\N,\N
2189,Course 2189,100,0,0,\N,\N,\N,\N
2190,Course 2190,100,0,0,\N,\N,\N,\N
2191,Course 2191,100,0,0,\N,\N,\N,\N
2192,Course 2192,100,0,0,\N,\N,\N,\N
2193,Course 2193,100,0,0,\N,\N,\N,\N
2194,Course 2194,100,0,0,\N,\N,\N,\N
2195,Course 2195,100,0,0,\N,\N,\N,\N
2196,Course 2196,100,0,0,\N,\N,\N,\N
2197,Course 2197,100,0,0,\N,\N,\N,\N
2198,Course 2198,100,0,0,\N,\N,\N,\N
2199,Course 2199,100,0,0,\N,\N,\N,\N
2200,Course 2200,100,0,0,\N,\N,\N,\N
2201,Course 2201,100,0,0,\N,\N,\N,\N
2202,Course 2202,100,0,0,\N,\N,\N,\N
2203,Course 2203,100,0,0,\N,\N,\N,\N
2204,Course 2204,100,0,0,\N,\N,\N,\N
2205,Course 2205,100,0,0,\N,\N,\N,\N
2206,Course 2206,100,0,0,\N,\N,\N,\N
2207,Course 2207,100,0,0,\N,\N,\N,\N
2208,Course 2208,100,0,0,\N,\N,\N,\N
2209,Course 2209,100,0,0,\N,\N,\N,\N
2210,Course 2210,100,0,0,\N,\N,\N,\N
2211,Course 2211,100,0,0,\N,\N,\N,\N
2212,Course 2212,100,0,0,\N,\N,\N,\N
2213,Course 2213,100,0,0,\N,\N,\N,\N
2214,Course 2214,100,0,0,\N,\N,\N,\N
2215,Course 2215,100,0,0,\N,\N,\N,\N
2216,Course 2216,100,0,0,\N,\N,\N,\N
2217,Course 2217,100,0,0,\N,\N,\N,\N
2218,Course 2218,100,0,0,\N,\N,\N,\N
2219,Course 2219,100,0,0,\N,\N,\N,\N
2220,Course 2220,100,0,0,\N,\N,\N,\N
2221,Course 2221,100,0,0,\N,\N,\N,\N
2222,Course 2222,100,0,0,\N,\N,\N,\N
2223,Course 2223,100,0,0,\N,\N,\N,\N
2224,Course 2224,100,0,0,\N,\N,\N,\N
2225,Course 2225,100,0,0,\N,\N,\N,\N
2226,Course 2226,100,0,0,\N,\N,\N,\N
2227,Course 2227,100,0,0,\N,\N,\N,\N
2228,Course 2228,100,0,0,\N,\N,\N,\N
2229,Course 2229,100,0,0,\N,\N,\N,\N
2230,Course 2230,100,0,0,\N,\N,\N,\N
2231,Course 2231,100,0,0,\N,\N,\N,\N
2232,Course 2232,100,0,0,\N,\N,\N,\N
2233,Course 2233,100,0,0,\N,\N,\N,\N
2234,Course 2234,100,0,0,\N,\N,\N,\N
2235,Course 2235,100,0,0,\N,\N,\N,\N
2236,Course 2236,100,0,0,\N,\N,\N,\N
2237,Course 2237,100,0,0,\N,\N,\N,\N
2238,Course 2238,100,0,0,\N,\N,\N,\N
2239,Course 2239,100,0,0,\N,\N,\N,\N
2240,Course 2240,100,0,0,\N,\N,\N,\N
2241,Course 2241,100,0,0,\N,\N,\N,\N
2242,Course 2242,100,0,0,\N,\N,\N,\N
2243,Course 2243,100,0,0,\N,\N,\N,\N
2244,Course 2244,100,0,0,\N,\N,\N,\N
2245,Course 2245,100,0,0,\N,\N,\N,\N
2246,Course 2246,100,0,0,\N,\N,\N,\N
2247,Course 2247,100,0,0,\N,\N,\N,\N
2248,Course 2248,100,0,0,\N,\N,\N,\N
2249,Course 2249,100,0,0,\N,\N,\N,\N
2250,Course 2250,100,0,0,\N,\N,\N,\N
2251,Course 2251,100,0,0,\N,\N,\N,\N
2252,Course 2252,100,0,0,\N,\N,\N,\N
2253,Course 2253,100,0,0,\N,\N,\N,\N
2254,Course 2254,100,0,0,\N,\N,\N,\N
2255,Course 2255,100,0,0,\N,\N,\N,\N
2256,Course 2256,100,0,0,\N,\N,\N,\N
2257,Course 2257,100,0,0,\N,\N,\N,\N
2258,Course 2258,100,0,0,\N,\N,\N,\N
2259,Course 2259,100,0,0,\N,\N,\N,\N
2260,Course 2260,100,0,0,\N,\N,\N,\N
2261,Course 2261,100,0,0,\N,\N,\N,\N
2262,Course 2262,100,0,0,\N,\N,\N,\N
2263,Course 2263,100,0,0,\N,\N,\N,\N
2264,Course 2264,100,0,0,\N,\N,\N,\N
2265,Course 2265,100,0,0,\N,\N,\N,\N
2266,Course 2266,100,0,0,\N,\N,\N,\N
2267,Course 2267,100,0,0,\N,\N,\N,\N
2268,Course 2268,100,0,0,\N,\N,\N,\N
2269,Course 2269,100,0,0,\N,\N,\N,\N
2270,Course 2270,100,0,0,\N,\N,\N,\N
2271,Course 2271,100,0,0,\N,\N,\N,\N
2272,Course 2272,100,0,0,\N,\N,\N,\N
2273,Course 2273,100,0,0,\N,\N,\N,\N
2274,Course 2274,100,0,0,\N,\N,\N,\N
2275,Course 2275,100,0,0,\N,\N,\N,\N
2276,Course 2276,100,0,0,\N,\N,\N,\N
2277,Course 2277,100,0,0,\N,\N,\N,\N
2278,Course 2278,100,0,0,\N,\N,\N,\N
2279,Course 2279,100,0,0,\N,\N,\N,\N
2280,Course 2280,100,0,0,\N,\N,\N,\N
2281,Course 2281,100,0,0,\N,\N,\N,\N
2282,Course 2282,100,0,0,\N,\N,\N,\N
2283,Course 2283,100,0,0,\N,\N,\N,\N
2284,Course 2284,100,0,0,\N,\N,\N,\N
2285,Course 2285,100,0,0,\N,\N,\N,\N
2286,Course 2286,100,0,0,\N,\N,\N,\N
2287,Course 2287,100,0,0,\N,\N,\N,\N
2288,Course 2288,100,0,0,\N,\N,\N,\N
2289,Course 2289,100,0,0,\N,\N,\N,\N
2290,Course 2290,100,0,0,\N,\N,\N,\N
2291,Course 2291,100,0,0,\N,\N,\N,\N
2292,Course 2292,100,0,0,\N,\N,\N,\N
2293,Course 2293,100,0,0,\N,\N,\N,\N
2294,Course 2294,100,0,0,\N,\N,\N,\N
2295,Course 2295,100,0,0,\N,\N,\N,\N
2296,Course 2296,100,0,0,\N,\N,\N,\N
2297,Course 2297,100,0,0,\N,\N,\N,\N
2298,Course 2298,100,0,0,\N,\N,\N,\N
2299,Course 2299,100,0,0,\N,\N,\N,\N
2300,Course 2300,100,0,0,\N,\N,\N,\N
2301,Course 2301,100,0,0,\N,\N,\N,\N
2302,Course 2302,100,0,0,\N,\N,\N,\N
2303,Course 2303,100,0,0,\N,\N,\N,\N
2304,Course 2304,100,0,0,\N,\N,\N,\N
2305,Course 2305,100,0,0,\N,\N,\N,\N
2306,Course 2306,100,0,0,\N,\N,\N,\N
2307,Course 2307,100,0,0,\N,\N,\N,\N
2308,Course 2308,100,0,0,\N,\N,\N,\N
2309,Course 2309,100,0,0,\N,\N,\N,\N
2310,Course 2310,100,0,0,\N,\N,\N,\N
2311,Course 2311,100,0,0,\N,\N,\N,\N
2312,Course 2312,100,0,0,\N,\N,\N,\N
2313,Course 2313,100,0,0,\N,\N,\N,\N
2314,Course 2314,100,0,0,\N,\N,\N,\N
2315,Course 2315,100,0,0,\N,\N,\N,\N
2316,Course 2316,100,0,0,\N,\N,\N,\N
2317,Course 2317,100,0,0,\N,\N,\N,\N
2318,Course 2318,100,0,0,\N,\N,\N,\N
2319,Course 2319,100,0,0,\N,\N,\N,\N
2320,Course 2320,100,0,0,\N,\N,\N,\N
2321,Course 2321,100,0,0,\N,\N,\N,\N
2322,Course 2322,100,0,0,\N,\N,\N,\N
2323,Course 2323,100,0,0,\N,\N,\N,\N
2324,Course 2324,100,0,0,\N,\N,\N,\N
2325,Course 2325,100,0,0,\N,\N,\N,\N
2326,Course 2326,100,0,0,\N,\N,\N,\N
2327,Course 2327,100,0,0,\N,\N,\N,\N
2328,Course 2328,100,0,0,\N,\N,\N,\N
2329,Course 2329,100,0,0,\N,\N,\N,\N
2330,Course 2330,100,0,0,\N,\N,\N,\N
2331,Course 2331,100,0,0,\N,\N,\N,\N
2332,Course 2332,100,0,0,\N,\N,\N,\N
2333,Course 2333,100,0,0,\N,\N,\N,\N
2334,Course 2334,100,0,0,\N,\N,\N,\N
2335,Course 2335,100,0,0,\N,\N,\N,\N
2336,Course 2336,100,0,0,\N,\N,\N,\N
2337,Course 2337,100,0,0,\N,\N,\N,\N
2338,Course 2338,100,0,0,\N,\N,\N,\N
2339,Course 2339,100,0,0,\N,\N,\N,\N
2340,Course 2340,100,0,0,\N,\N,\N,\N
2341,Course 2341,100,0,0,\N,\N,\N,\N
2342,Course 2342,100,0,0,\N,\N,\N,\N
2343,Course 2343,100,0,0,\N,\N,\N,\N
2344,Course 2344,100,0,0,\N,\N,\N,\N
2345,Course 2345,100,0,0,\N,\N,\N,\N
2346,Course 2346,100,0,0,\N,\N,\N,\N
2347,Course 2347,100,0,0,\N,\N,\N,\N
2348,Course 2348,100,0,0,\N,\N,\N,\N
2349,Course 2349,100,0,0,\N,\N,\N,\N
2350,Course 2350,100,0,0,\N,\N,\N,\N
2351,Course 2351,100,0,0,\N,\N,\N,\N
2352,Course 2352,100,0,0,\N,\N,\N,\N
2353,Course 2353,100,0,0,\N,\N,\N,\N
2354,Course 2354,100,0,0,\N,\N,\N,\N
2355,Course 2355,100,0,0,\N,\N,\N,\N
2356,Course 2356,100,0,0,\N,\N,\N,\N
2357,Course 2357,100,0,0,\N,\N,\N,\N
2358,Course 2358,100,0,0,\N,\N,\N,\N
2359,Course 2359,100,0,0,\N,\N,\N,\N
2360,Course 2360,100,0,0,\N,\N,\N,\N
2361,Course 2361,100,0,0,\N,\N,\N,\N
2362,Course 2362,100,0,0,\N,\N,\N,\N
2363,Course 2363,100,0,0,\N,\N,\N,\N
2364,Course 2364,100,0,0,\N,\N,\N,\N
2365,Course 2365,100,0,0,\N,\N,\N,\N
2366,Course 2366,100,0,0,\N,\N,\N,\N
2367,Course 2367,100,0,0,\N,\N,\N,\N
2368,Course 2368,100,0,0,\N,\N,\N,\N
2369,Course 2369,100,0,0,\N,\N,\N,\N
2370,Course 2370,100,0,0,\N,\N,\N,\N
2371,Course 2371,100,0,0,\N,\N,\N,\N
2372,Course 2372,100,0,0,\N,\N,\N,\N
2373,Course 2373,100,0,0,\N,\N,\N,\N
2374,Course 2374,100,0,0,\N,\N,\N,\N
2375,Course 2375,100,0,0,\N,\N,\N,\N
2376,Course 2376,100,0,0,\N,\N,\N,\N
2377,Course 2377,100,0,0,\N,\N,\N,\N
2378,Course 2378,100,0,0,\N,\N,\N,\N
2379,Course 2379,100,0,0,\N,\N,\N,\N
2380,Course 2380,100,0,0,\N,\N,\N,\N
2381,Course 2381,100,0,0,\N,\N,\N,\N
2382,Course 2382,100,0,0,\N,\N,\N,\N
2383,Course 2383,100,0,0,\N,\N,\N,\N
2384,Course 2384,100,0,0,\N,\N,\N,\N
2385,Course 2385,100,0,0,\N,\N,\N,\N
2386,Course 2386,100,0,0,\N,\N,\N,\N
2387,Course 2387,100,0,0,\N,\N,\N,\N
2388,Course 2388,100,0,0,\N,\N,\N,\N
2389,Course 2389,100,0,0,\N,\N,\N,\N
2390,Course 2390,100,0,0,\N,\N,\N,\N
2391,Course 2391,100,0,0,\N,\N,\N,\N
2392,Course 2392,100,0,0,\N,\N,\N,\N
2393,Course 2393,100,0,0,\N,\N,\N,\N
2394,Course 2394,100,0,0,\N,\N,\N,\N
2395,Course 2395,100,0,0,\N,\N,\N,\N
2396,Course 2396,100,0,0,\N,\N,\N,\N
2397,Course 2397,100,0,0,\N,\N,\N,\N
2398,Course 2398,100,0,0,\N,\N,\N,\N
2399,Course 2399,100,0,0,\N,\N,\N,\N
2400,Course 2400,100,0,0,\N,\N,\N,\N
2401,Course 2401,100,0,0,\N,\N,\N,\N
2402,Course 2402,100,0,0,\N,\N,\N,\N
2403,Course 2403,100,0,0,\N,\N,\N,\N
2404,Course 2404,100,0,0,\N,\N,\N,\N
2405,Course 2405,100,0,0,\N,\N,\N,\N
2406,Course 2406,100,0,0,\N,\N,\N,\N
2407,Course 2407,100,0,0,\N,\N,\N,\N
2408,Course 2408,100,0,0,\N,\N,\N,\N
2409,Course 2409,100,0,0,\N,\N,\N,\N
2410,Course 2410,100,0,0,\N,\N,\N,\N
2411,Course 2411,100,0,0,\N,\N,\N,\N
2412,Course 2412,100,0,0,\N,\N,\N,\N
2413,Course 2413,100,0,0,\N,\N,\N,\N
2414,Course 2414,100,0,0,\N,\N,\N,\N
2415,Course 2415,100,0,0,\N,\N,\N,\N
2416,Course 2416,100,0,0,\N,\N,\N,\N
2417,Course 2417,100,0,0,\N,\N,\N,\N
2418,Course 2418,100,0,0,\N,\N,\N,\N
2419,Course 2419,100,0,0,\N,\N,\N,\N
2420,Course 2420,100,0,0,\N,\N,\N,\N
2421,Course 2421,100,0,0,\N,\N,\N,\N
2422,Course 2422,100,0,0,\N,\N,\N,\N
2423,Course 2423,100,0,0,\N,\N,\N,\N
2424,Course 2424,100,0,0,\N,\N,\N,\N
2425,Course 2425,100,0,0,\N,\N,\N,\N
2426,Course 2426,100,0,0,\N,\N,\N,\N
2427,Course 2427,100,0,0,\N,\N,\N,\N
2428,Course 2428,100,0,0,\N,\N,\N,\N
2429,Course 2429,100,0,0,\N,\N,\N,\N
2430,Course 2430,100,0,0,\N,\N,\N,\N
2431,Course 2431,100,0,0,\N,\N,\N,\N
2432,Course 2432,100,0,0,\N,\N,\N,\N
2433,Course 2433,100,0,0,\N,\N,\N,\N
2434,Course 2434,100,0,0,\N,\N,\N,\N
2435,Course 2435,100,0,0,\N,\N,\N,\N
2436,Course 2436,100,0,0,\N,\N,\N,\N
2437,Course 2437,100,0,0,\N,\N,\N,\N
2438,Course 2438,100,0,0,\N,\N,\N,\N
2439,Course 2439,100,0,0,\N,\N,\N,\N
2440,Course 2440,100,0,0,\N,\N,\N,\N
2441,Course 2441,100,0,0,\N,\N,\N,\N
2442,Course 2442,100,0,0,\N,\N,\N,\N
2443,Course 2443,100,0,0,\N,\N,\N,\N
2444,Course 2444,100,0,0,\N,\N,\N,\N
2445,Course 2445,100,0,0,\N,\N,\N,\N
2446,Course 2446,100,0,0,\N,\N,\N,\N
2447,Course 2447,100,0,0,\N,\N,\N,\N
2448,Course 2448,100,0,0,\N,\N,\N,\N
2449,Course 2449,100,0,0,\N,\N,\N,\N
2450,Course 2450,100,0,0,\N,\N,\N,\N
2451,Course 2451,100,0,0,\N,\N,\N,\N
2452,Course 2452,100,0,0,\N,\N,\N,\N
2453,Course 2453,100,0,0,\N,\N,\N,\N
2454,Course 2454,100,0,0,\N,\N,\N,\N
2455,Course 2455,100,0,0,\N,\N,\N,\N
2456,Course 2456,100,0,0,\N,\N,\N,\N
2457,Course 2457,100,0,0,\N,\N,\N,\N
2458,Course 2458,100,0,0,\N,\N,\N,\N
2459,Course 2459,100,0,0,\N,\N,\N,\N
2460,Course 2460,100,0,0,\N,\N,\N,\N
2461,Course 2461,100,0,0,\N,\N,\N,\N
2462,Course 2462,100,0,0,\N,\N,\N,\N
2463,Course 2463,100,0,0,\N,\N,\N,\N
2464,Course 2464,100,0,0,\N,\N,\N,\N
2465,Course 2465,100,0,0,\N,\N,\N,\N
2466,Course 2466,100,0,0,\N,\N,\N,\N
2467,Course 2467,100,0,0,\N,\N,\N,\N
2468,Course 2468,100,0,0,\N,\N,\N,\N
2469,Course 2469,100,0,0,\N,\N,\N,\N
2470,Course 2470,100,0,0,\N,\N,\N,\N
2471,Course 2471,100,0,0,\N,\N,\N,\N
2472,Course 2472,100,0,0,\N,\N,\N,\N
2473,Course 2473,100,0,0,\N,\N,\N,\N
2474,Course 2474,100,0,0,\N,\N,\N,\N
2475,Course 2475,100,0,0,\N,\N,\N,\N
2476,Course 2476,100,0,0,\N,\N,\N,\N
2477,Course 2477,100,0,0,\N,\N,\N,\N
2478,Course 2478,100,0,0,\N,\N,\N,\N
2479,Course 2479,100,0,0,\N,\N,\N,\N
2480,Course 2480,100,0,0,\N,\N,\N,\N
2481,Course 2481,100,0,0,\N,\N,\N,\N
2482,Course 2482,100,0,0,\N,\N,\N,\N
2483,Course 2483,100,0,0,\N,\N,\N,\N
2484,Course 2484,100,0,0,\N,\N,\N,\N
2485,Course 2485,100,0,0,\N,\N,\N,\N
2486,Course 2486,100,0,0,\N,\N,\N,\N
2487,Course 2487,100,0,0,\N,\N,\N,\N
2488,Course 2488,100,0,0,\N,\N,\N,\N
2489,Course 2489,100,0,0,\N,\N,\N,\N
2490,Course 2490,100,0,0,\N,\N,\N,\N
2491,Course 2491,100,0,0,\N,\N,\N,\N
2492,Course 2492,100,0,0,\N,\N,\N,\N
2493,Course 2493,100,0,0,\N,\N,\N,\N
2494,Course 2494,100,0,0,\N,\N,\N,\N
2495,Course 2495,100,0,0,\N,\N,\N,\N
2496,Course 2496,100,0,0,\N,\N,\N,\N
2497,Course 2497,100,0,0,\N,\N,\N,\N
2498,Course 2498,100,0,0,\N,\N,\N,\N
2499,Course 2499,100,0,0,\N,\N,\N,\N
2500,Course 2500,100,0,0,\N,\N,\N,\N
2501,Course 2501,100,0,0,\N,\N,\N,\N
2502,Course 2502,100,0,0,\N,\N,\N,\N
2503,Course 2503,100,0,0,\N,\N,\N,\N
2504,Course 2504,100,0,0,\N,\N,\N,\N
2505,Course 2505,100,0,0,\N,\N,\N,\N
2506,Course 2506,100,0,0,\N,\N,\N,\N
2507,Course 2507,100,0,0,\N,\N,\N,\N
2508,Course 2508,100,0,0,\N,\N,\N,\N
2509,Course 2509,100,0,0,\N,\N,\N,\N
2510,Course 2510,100,0,0,\N,\N,\N,\N
2511,Course 2511,100,0,0,\N,\N,\N,\N
2512,Course 2512,100,0,0,\N,\N,\N,\N
2513,Course 2513,100,0,0,\N,\N,\N,\N
2514,Course 2514,100,0,0,\N,\N,\N,\N
2515,Course 2515,100,0,0,\N,\N,\N,\N
2516,Course 2516,100,0,0,\N,\N,\N,\N
2517,Course 2517,100,0,0,\N,\N,\N,\N
2518,Course 2518,100,0,0,\N,\N,\N,\N
2519,Course 2519,100,0,0,\N,\N,\N,\N
2520,Course 2520,100,0,0,\N,\N,\N,\N
2521,Course 2521,100,0,0,\N,\N,\N,\N
2522,Course 2522,100,0,0,\N,\N,\N,\N
2523,Course 2523,100,0,0,\N,\N,\N,\N
2524,Course 2524,100,0,0,\N,\N,\N,\N
2525,Course 2525,100,0,0,\N,\N,\N,\N
2526,Course 2526,100,0,0,\N,\N,\N,\N
2527,Course 2527,100,0,0,\N,\N,\N,\N
2528,Course 2528,100,0,0,\N,\N,\N,\N
2529,Course 2529,100,0,0,\N,\N,\N,\N
2530,Course 2530,100,0,0,\N,\N,\N,\N
2531,Course 2531,100,0,0,\N,\N,\N,\N
2532,Course 2532,100,0,0,\N,\N,\N,\N
2533,Course 2533,100,0,0,\N,\N,\N,\N
2534,Course 2534,100,0,0,\N,\N,\N,\N
2535,Course 2535,100,0,0,\N,\N,\N,\N
2536,Course 2536,100,0,0,\N,\N,\N,\N
2537,Course 2537,100,0,0,\N,\N,\N,\N
2538,Course 2538,100,0,0,\N,\N,\N,\N
2539,Course 2539,100,0,0,\N,\N,\N,\N
2540,Course 2540,100,0,0,\N,\N,\N,\N
2541,Course 2541,100,0,0,\N,\N,\N,\N
2542,Course 2542,100,0,0,\N,\N,\N,\N
2543,Course 2543,100,0,0,\N,\N,\N,\N
2544,Course 2544,100,0,0,\N,\N,\N,\N
2545,Course 2545,100,0,0,\N,\N,\N,\N
2546,Course 2546,100,0,0,\N,\N,\N,\N
2547,Course 2547,100,0,0,\N,\N,\N,\N
2548,Course 2548,100,0,0,\N,\N,\N,\N
2549,Course 2549,100,0,0,\N,\N,\N,\N
2550,Course 2550,100,0,0,\N,\N,\N,\N
2551,Course 2551,100,0,0,\N,\N,\N,\N
2552,Course 2552,100,0,0,\N,\N,\N,\N
2553,Course 2553,100,0,0,\N,\N,\N,\N
2554,Course 2554,100,0,0,\N,\N,\N,\N
2555,Course 2555,100,0,0,\N,\N,\N,\N
2556,Course 2556,100,0,0,\N,\N,\N,\N
2557,Course 2557,100,0,0,\N,\N,\N,\N
2558,Course 2558,100,0,0,\N,\N,\N,\N
2559,Course 2559,100,0,0,\N,\N,\N,\N
2560,Course 2560,100,0,0,\N,\N,\N,\N
2561,Course 2561,100,0,0,\N,\N,\N,\N
2562,Course 2562,100,0,0,\N,\N,\N,\N
2563,Course 2563,100,0,0,\N,\N,\N,\N
2564,Course 2564,100,0,0,\N,\N,\N,\N
2565,Course 2565,100,0,0,\N,\N,\N,\N
2566,Course 2566,100,0,0,\N,\N,\N,\N
2567,Course 2567,100,0,0,\N,\N,\N,\N
2568,Course 2568,100,0,0,\N,\N,\N,\N
2569,Course 2569,100,0,0,\N,\N,\N,\N
2570,Course 2570,100,0,0,\N,\N,\N,\N
2571,Course 2571,100,0,0,\N,\N,\N,\N
2572,Course 2572,100,0,0,\N,\N,\N,\N
2573,Course 2573,100,0,0,\N,\N,\N,\N
2574,Course 2574,100,0,0,\N,\N,\N,\N
2575,Course 2575,100,0,0,\N,\N,\N,\N
2576,Course 2576,100,0,0,\N,\N,\N,\N
2577,Course 2577,100,0,0,\N,\N,\N,\N
2578,Course 2578,100,0,0,\N,\N,\N,\N
2579,Course 2579,100,0,0,\N,\N,\N,\N
2580,Course 2580,100,0,0,\N,\N,\N,\N
2581,Course 2581,100,0,0,\N,\N,\N,\N
2582,Course 2582,100,0,0,\N,\N,\N,\N
2583,Course 2583,100,0,0,\N,\N,\N,\N
2584,Course 2584,100,0,0,\N,\N,\N,\N
2585,Course 2585,100,0,0,\N,\N,\N,\N
2586,Course 2586,100,0,0,\N,\N,\N,\N
2587,Course 2587,100,0,0,\N,\N,\N,\N
2588,Course 2588,100,0,0,\N,\N,\N,\N
2589,Course 2589,100,0,0,\N,\N,\N,\N
2590,Course 2590,100,0,0,\N,\N,\N,\N
2591,Course 2591,100,0,0,\N,\N,\N,\N
2592,Course 2592,100,0,0,\N,\N,\N,\N
2593,Course 2593,100,0,0,\N,\N,\N,\N
2594,Course 2594,100,0,0,\N,\N,\N,\N
2595,Course 2595,100,0,0,\N,\N,\N,\N
2596,Course 2596,100,0,0,\N,\N,\N,\N
2597,Course 2597,100,0,0,\N,\N,\N,\N
2598,Course 2598,100,0,0,\N,\N,\N,\N
2599,Course 2599,100,0,0,\N,\N,\N,\N
2600,Course 2600,100,0,0,\N,\N,\N,\N
2601,Course 2601,100,0,0,\N,\N,\N,\N
2602,Course 2602,100,0,0,\N,\N,\N,\N
2603,Course 2603,100,0,0,\N,\N,\N,\N
2604,Course 2604,100,0,0,\N,\N,\N,\N
2605,Course 2605,100,0,0,\N,\N,\N,\N
2606,Course 2606,100,0,0,\N,\N,\N,\N
2607,Course 2607,100,0,0,\N,\N,\N,\N
2608,Course 2608,100,0,0,\N,\N,\N,\N
2609,Course 2609,100,0,0,\N,\N,\N,\N
2610,Course 2610,100,0,0,\N,\N,\N,\N
2611,Course 2611,100,0,0,\N,\N,\N,\N
2612,Course 2612,100,0,0,\N,\N,\N,\N
2613,Course 2613,100,0,0,\N,\N,\N,\N
2614,Course 2614,100,0,0,\N,\N,\N,\N
2615,Course 2615,100,0,0,\N,\N,\N,\N
2616,Course 2616,100,0,0,\N,\N,\N,\N
2617,Course 2617,100,0,0,\N,\N,\N,\N
2618,Course 2618,100,0,0,\N,\N,\N,\N
2619,Course 2619,100,0,0,\N,\N,\N,\N
2620,Course 2620,100,0,0,\N,\N,\N,\N
2621,Course 2621,100,0,0,\N,\N,\N,\N
2622,Course 2622,100,0,0,\N,\N,\N,\N
2623,Course 2623,100,0,0,\N,\N,\N,\N
2624,Course 2624,100,0,0,\N,\N,\N,\N
2625,Course 2625,100,0,0,\N,\N,\N,\N
2626,Course 2626,100,0,0,\N,\N,\N,\N
2627,Course 2627,100,0,0,\N,\N,\N,\N
2628,Course 2628,100,0,0,\N,\N,\N,\N
2629,Course 2629,100,0,0,\N,\N,\N,\N
2630,Course 2630,100,0,0,\N,\N,\N,\N
2631,Course 2631,100,0,0,\N,\N,\N,\N
2632,Course 2632,100,0,0,\N,\N,\N,\N
2633,Course 2633,100,0,0,\N,\N,\N,\N
2634,Course 2634,100,0,0,\N,\N,\N,\N
2635,Course 2635,100,0,0,\N,\N,\N,\N
2636,Course 2636,100,0,0,\N,\N,\N,\N
2637,Course 2637,100,0,0,\N,\N,\N,\N
2638,Course 2638,100,0,0,\N,\N,\N,\N
2639,Course 2639,100,0,0,\N,\N,\N,\N
2640,Course 2640,100,0,0,\N,\N,\N,\N
2641,Course 2641,100,0,0,\N,\N,\N,\N
2642,Course 2642,100,0,0,\N,\N,\N,\N
2643,Course 2643,100,0,0,\N,\N,\N,\N
2644,Course 2644,100,0,0,\N,\N,\N,\N
2645,Course 2645,100,0,0,\N,\N,\N,\N
2646,Course 2646,100,0,0,\N,\N,\N,\N
2647,Course 2647,100,0,0,\N,\N,\N,\N
2648,Course 2648,100,0,0,\N,\N,\N,\N
2649,Course 2649,100,0,0,\N,\N,\N,\N
2650,Course 2650,100,0,0,\N,\N,\N,\N
2651,Course 2651,100,0,0,\N,\N,\N,\N
2652,Course 2652,100,0,0,\N,\N,\N,\N
2653,Course 2653,100,0,0,\N,\N,\N,\N
2654,Course 2654,100,0,0,\N,\N,\N,\N
2655,Course 2655,100,0,0,\N,\N,\N,\N
2656,Course 2656,100,0,0,\N,\N,\N,\N
2657,Course 2657,100,0,0,\N,\N,\N,\N
2658,Course 2658,100,0,0,\N,\N,\N,\N
2659,Course 2659,100,0,0,\N,\N,\N,\N
2660,Course 2660,100,0,0,\N,\N,\N,\N
2661,Course 2661,100,0,0,\N,\N,\N,\N
2662,Course 2662,100,0,0,\N,\N,\N,\N
2663,Course 2663,100,0,0,\N,\N,\N,\N
2664,Course 2664,100,0,0,\N,\N,\N,\N
2665,Course 2665,100,0,0,\N,\N,\N,\N
2666,Course 2666,100,0,0,\N,\N,\N,\N
2667,Course 2667,100,0,0,\N,\N,\N,\N
2668,Course 2668,100,0,0,\N,\N,\N,\N
2669,Course 2669,100,0,0,\N,\N,\N,\N
2670,Course 2670,100,0,0,\N,\N,\N,\N
2671,Course 2671,100,0,0,\N,\N,\N,\N
2672,Course 2672,100,0,0,\N,\N,\N,\N
2673,Course 2673,100,0,0,\N,\N,\N,\N
2674,Course 2674,100,0,0,\N,\N,\N,\N
2675,Course 2675,100,0,0,\N,\N,\N,\N
2676,Course 2676,100,0,0,\N,\N,\N,\N
2677,Course 2677,100,0,0,\N,\N,\N,\N
2678,Course 2678,100,0,0,\N,\N,\N,\N
2679,Course 2679,100,0,0,\N,\N,\N,\N
2680,Course 2680,100,0,0,\N,\N,\N,\N
2681,Course 2681,100,0,0,\N,\N,\N,\N
2682,Course 2682,100,0,0,\N,\N,\N,\N
2683,Course 2683,100,0,0,\N,\N,\N,\N
2684,Course 2684,100,0,0,\N,\N,\N,\N
2685,Course 2685,100,0,0,\N,\N,\N,\N
2686,Course 2686,100,0,0,\N,\N,\N,\N
2687,Course 2687,100,0,0,\N,\N,\N,\N
2688,Course 2688,100,0,0,\N,\N,\N,\N
2689,Course 2689,100,0,0,\N,\N,\N,\N
2690,Course 2690,100,0,0,\N,\N,\N,\N
2691,Course 2691,100,0,0,\N,\N,\N,\N
2692,Course 2692,100,0,0,\N,\N,\N,\N
2693,Course 2693,100,0,0,\N,\N,\N,\N
2694,Course 2694,100,0,0,\N,\N,\N,\N
2695,Course 2695,100,0,0,\N,\N,\N,\N
2696,Course 2696,100,0,0,\N,\N,\N,\N
2697,Course 2697,100,0,0,\N,\N,\N,\N
2698,Course 2698,100,0,0,\N,\N,\N,\N
2699,Course 2699,100,0,0,\N,\N,\N,\N
2700,Course 2700,100,0,0,\N,\N,\N,\N
2701,Course 2701,100,0,0,\N,\N,\N,\N
2702,Course 2702,100,0,0,\N,\N,\N,\N
2703,Course 2703,100,0,0,\N,\N,\N,\N
2704,Course 2704,100,0,0,\N,\N,\N,\N
2705,Course 2705,100,0,0,\N,\N,\N,\N
2706,Course 2706,100,0,0,\N,\N,\N,\N
2707,Course 2707,100,0,0,\N,\N,\N,\N
2708,Course 2708,100,0,0,\N,\N,\N,\N
2709,Course 2709,100,0,0,\N,\N,\N,\N
2710,Course 2710,100,0,0,\N,\N,\N,\N
2711,Course 2711,100,0,0,\N,\N,\N,\N
2712,Course 2712,100,0,0,\N,\N,\N,\N
2713,Course 2713,100,0,0,\N,\N,\N,\N
2714,Course 2714,100,0,0,\N,\N,\N,\N
2715,Course 2715,100,0,0,\N,\N,\N,\N
2716,Course 2716,100,0,0,\N,\N,\N,\N
2717,Course 2717,100,0,0,\N,\N,\N,\N
2718,Course 2718,100,0,0,\N,\N,\N,\N
2719,Course 2719,100,0,0,\N,\N,\N,\N
2720,Course 2720,100,0,0,\N,\N,\N,\N
2721,Course 2721,100,0,0,\N,\N,\N,\N
2722,Course 2722,100,0,0,\N,\N,\N,\N
2723,Course 2723,100,0,0,\N,\N,\N,\N
2724,Course 2724,100,0,0,\N,\N,\N,\N
2725,Course 2725,100,0,0,\N,\N,\N,\N
2726,Course 2726,100,0,0,\N,\N,\N,\N
2727,Course 2727,100,0,0,\N,\N,\N,\N
2728,Course 2728,100,0,0,\N,\N,\N,\N
2729,Course 2729,100,0,0,\N,\N,\N,\N
2730,Course 2730,100,0,0,\N,\N,\N,\N
2731,Course 2731,100,0,0,\N,\N,\N,\N
2732,Course 2732,100,0,0,\N,\N,\N,\N
2733,Course 2733,100,0,0,\N,\N,\N,\N
2734,Course 2734,100,0,0,\N,\N,\N,\N
2735,Course 2735,100,0,0,\N,\N,\N,\N
2736,Course 2736,100,0,0,\N,\N,\N,\N
2737,Course 2737,100,0,0,\N,\N,\N,\N
2738,Course 2738,100,0,0,\N,\N,\N,\N
2739,Course 2739,100,0,0,\N,\N,\N,\N
2740,Course 2740,100,0,0,\N,\N,\N,\N
2741,Course 2741,100,0,0,\N,\N,\N,\N
2742,Course 2742,100,0,0,\N,\N,\N,\N
2743,Course 2743,100,0,0,\N,\N,\N,\N
2744,Course 2744,100,0,0,\N,\N,\N,\N
2745,Course 2745,100,0,0,\N,\N,\N,\N
2746,Course 2746,100,0,0,\N,\N,\N,\N
2747,Course 2747,100,0,0,\N,\N,\N,\N
2748,Course 2748,100,0,0,\N,\N,\N,\N
2749,Course 2749,100,0,0,\N,\N,\N,\N
2750,Course 2750,100,0,0,\N,\N,\N,\N
2751,Course 2751,100,0,0,\N,\N,\N,\N
2752,Course 2752,100,0,0,\N,\N,\N,\N
2753,Course 2753,100,0,0,\N,\N,\N,\N
2754,Course 2754,100,0,0,\N,\N,\N,\N
2755,Course 2755,100,0,0,\N,\N,\N,\N
2756,Course 2756,100,0,0,\N,\N,\N,\N
2757,Course 2757,100,0,0,\N,\N,\N,\N
2758,Course 2758,100,0,0,\N,\N,\N,\N
2759,Course 2759,100,0,0,\N,\N,\N,\N
2760,Course 2760,100,0,0,\N,\N,\N,\N
2761,Course 2761,100,0,0,\N,\N,\N,\N
2762,Course 2762,100,0,0,\N,\N,\N,\N
2763,Course 2763,100,0,0,\N,\N,\N,\N
2764,Course 2764,100,0,0,\N,\N,\N,\N
2765,Course 2765,100,0,0,\N,\N,\N,\N
2766,Course 2766,100,0,0,\N,\N,\N,\N
2767,Course 2767,100,0,0,\N,\N,\N,\N
2768,Course 2768,100,0,0,\N,\N,\N,\N
2769,Course 2769,100,0,0,\N,\N,\N,\N
2770,Course 2770,100,0,0,\N,\N,\N,\N
2771,Course 2771,100,0,0,\N,\N,\N,\N
2772,Course 2772,100,0,0,\N,\N,\N,\N
2773,Course 2773,100,0,0,\N,\N,\N,\N
2774,Course 2774,100,0,0,\N,\N,\N,\N
2775,Course 2775,100,0,0,\N,\N,\N,\N
2776,Course 2776,100,0,0,\N,\N,\N,\N
2777,Course 2777,100,0,0,\N,\N,\N,\N
2778,Course 2778,100,0,0,\N,\N,\N,\N
2779,Course 2779,100,0,0,\N,\N,\N,\N
2780,Course 2780,100,0,0,\N,\N,\N,\N
2781,Course 2781,100,0,0,\N,\N,\N,\N
2782,Course 2782,100,0,0,\N,\N,\N,\N
2783,Course 2783,100,0,0,\N,\N,\N,\N
2784,Course 2784,100,0,0,\N,\N,\N,\N
2785,Course 2785,100,0,0,\N,\N,\N,\N
2786,Course 2786,100,0,0,\N,\N,\N,\N
2787,Course 2787,100,0,0,\N,\N,\N,\N
2788,Course 2788,100,0,0,\N,\N,\N,\N
2789,Course 2789,100,0,0,\N,\N,\N,\N
2790,Course 2790,100,0,0,\N,\N,\N,\N
2791,Course 2791,100,0,0,\N,\N,\N,\N
2792,Course 2792,100,0,0,\N,\N,\N,\N
2793,Course 2793,100,0,0,\N,\N,\N,\N
2794,Course 2794,100,0,0,\N,\N,\N,\N
2795,Course 2795,100,0,0,\N,\N,\N,\N
2796,Course 2796,100,0,0,\N,\N,\N,\N
2797,Course 2797,100,0,0,\N,\N,\N,\N
2798,Course 2798,100,0,0,\N,\N,\N,\N
2799,Course 2799,100,0,0,\N,\N,\N,\N
2800,Course 2800,100,0,0,\N,\N,\N,\N
2801,Course 2801,100,0,0,\N,\N,\N,\N
2802,Course 2802,100,0,0,\N,\N,\N,\N
2803,Course 2803,100,0,0,\N,\N,\N,\N
2804,Course 2804,100,0,0,\N,\N,\N,\N
2805,Course 2805,100,0,0,\N,\N,\N,\N
2806,Course 2806,100,0,0,\N,\N,\N,\N
2807,Course 2807,100,0,0,\N,\N,\N,\N
2808,Course 2808,100,0,0,\N,\N,\N,\N
2809,Course 2809,100,0,0,\N,\N,\N,\N
2810,Course 2810,100,0,0,\N,\N,\N,\N
2811,Course 2811,100,0,0,\N,\N,\N,\N
2812,Course 2812,100,0,0,\N,\N,\N,\N
2813,Course 2813,100,0,0,\N,\N,\N,\N
2814,Course 2814,100,0,0,\N,\N,\N,\N
2815,Course 2815,100,0,0,\N,\N,\N,\N
2816,Course 2816,100,0,0,\N,\N,\N,\N
2817,Course 2817,100,0,0,\N,\N,\N,\N
2818,Course 2818,100,0,0,\N,\N,\N,\N
2819,Course 2819,100,0,0,\N,\N,\N,\N
2820,Course 2820,100,0,0,\N,\N,\N,\N
2821,Course 2821,100,0,0,\N,\N,\N,\N
2822,Course 2822,100,0,0,\N,\N,\N,\N
2823,Course 2823,100,0,0,\N,\N,\N,\N
2824,Course 2824,100,0,0,\N,\N,\N,\N
2825,Course 2825,100,0,0,\N,\N,\N,\N
2826,Course 2826,100,0,0,\N,\N,\N,\N
2827,Course 2827,100,0,0,\N,\N,\N,\N
2828,Course 2828,100,0,0,\N,\N,\N,\N
2829,Course 2829,100,0,0,\N,\N,\N,\N
2830,Course 2830,100,0,0,\N,\N,\N,\N
2831,Course 2831,100,0,0,\N,\N,\N,\N
2832,Course 2832,100,0,0,\N,\N,\N,\N
2833,Course 2833,100,0,0,\N,\N,\N,\N
2834,Course 2834,100,0,0,\N,\N,\N,\N
2835,Course 2835,100,0,0,\N,\N,\N,\N
2836,Course 2836,100,0,0,\N,\N,\N,\N
2837,Course 2837,100,0,0,\N,\N,\N,\N
2838,Course 2838,100,0,0,\N,\N,\N,\N
2839,Course 2839,100,0,0,\N,\N,\N,\N
2840,Course 2840,100,0,0,\N,\N,\N,\N
2841,Course 2841,100,0,0,\N,\N,\N,\N
2842,Course 2842,100,0,0,\N,\N,\N,\N
2843,Course 2843,100,0,0,\N,\N,\N,\N
2844,Course 2844,100,0,0,\N,\N,\N,\N
2845,Course 2845,100,0,0,\N,\N,\N,\N
2846,Course 2846,100,0,0,\N,\N,\N,\N
2847,Course 2847,100,0,0,\N,\N,\N,\N
2848,Course 2848,100,0,0,\N,\N,\N,\N
2849,Course 2849,100,0,0,\N,\N,\N,\N
2850,Course 2850,100,0,0,\N,\N,\N,\N
2851,Course 2851,100,0,0,\N,\N,\N,\N
2852,Course 2852,100,0,0,\N,\N,\N,\N
2853,Course 2853,100,0,0,\N,\N,\N,\N
2854,Course 2854,100,0,0,\N,\N,\N,\N
2855,Course 2855,100,0,0,\N,\N,\N,\N
2856,Course 2856,100,0,0,\N,\N,\N,\N
2857,Course 2857,100,0,0,\N,\N,\N,\N
2858,Course 2858,100,0,0,\N,\N,\N,\N
2859,Course 2859,100,0,0,\N,\N,\N,\N
2860,Course 2860,100,0,0,\N,\N,\N,\N
2861,Course 2861,100,0,0,\N,\N,\N,\N
2862,Course 2862,100,0,0,\N,\N,\N,\N
2863,Course 2863,100,0,0,\N,\N,\N,\N
2864,Course 2864,100,0,0,\N,\N,\N,\N
2865,Course 2865,100,0,0,\N,\N,\N,\N
2866,Course 2866,100,0,0,\N,\N,\N,\N
2867,Course 2867,100,0,0,\N,\N,\N,\N
2868,Course 2868,100,0,0,\N,\N,\N,\N
2869,Course 2869,100,0,0,\N,\N,\N,\N
2870,Course 2870,100,0,0,\N,\N,\N,\N
2871,Course 2871,100,0,0,\N,\N,\N,\N
2872,Course 2872,100,0,0,\N,\N,\N,\N
2873,Course 2873,100,0,0,\N,\N,\N,\N
2874,Course 2874,100,0,0,\N,\N,\N,\N
2875,Course 2875,100,0,0,\N,\N,\N,\N
2876,Course 2876,100,0,0,\N,\N,\N,\N
2877,Course 2877,100,0,0,\N,\N,\N,\N
2878,Course 2878,100,0,0,\N,\N,\N,\N
2879,Course 2879,100,0,0,\N,\N,\N,\N
2880,Course 2880,100,0,0,\N,\N,\N,\N
2881,Course 2881,100,0,0,\N,\N,\N,\N
2882,Course 2882,100,0,0,\N,\N,\N,\N
2883,Course 2883,100,0,0,\N,\N,\N,\N
2884,Course 2884,100,0,0,\N,\N,\N,\N
2885,Course 2885,100,0,0,\N,\N,\N,\N
2886,Course 2886,100,0,0,\N,\N,\N,\N
2887,Course 2887,100,0,0,\N,\N,\N,\N
2888,Course 2888,100,0,0,\N,\N,\N,\N
2889,Course 2889,100,0,0,\N,\N,\N,\N
2890,Course 2890,100,0,0,\N,\N,\N,\N
2891,Course 2891,100,0,0,\N,\N,\N,\N
2892,Course 2892,100,0,0,\N,\N,\N,\N
2893,Course 2893,100,0,0,\N,\N,\N,\N
2894,Course 2894,100,0,0,\N,\N,\N,\N
2895,Course 2895,100,0,0,\N,\N,\N,\N
2896,Course 2896,100,0,0,\N,\N,\N,\N
2897,Course 2897,100,0,0,\N,\N,\N,\N
2898,Course 2898,100,0,0,\N,\N,\N,\N
2899,Course 2899,100,0,0,\N,\N,\N,\N
2900,Course 2900,100,0,0,\N,\N,\N,\N
2901,Course 2901,100,0,0,\N,\N,\N,\N
2902,Course 2902,100,0,0,\N,\N,\N,\N
2903,Course 2903,100,0,0,\N,\N,\N,\N
2904,Course 2904,100,0,0,\N,\N,\N,\N
2905,Course 2905,100,0,0,\N,\N,\N,\N
2906,Course 2906,100,0,0,\N,\N,\N,\N
2907,Course 2907,100,0,0,\N,\N,\N,\N
2908,Course 2908,100,0,0,\N,\N,\N,\N
2909,Course 2909,100,0,0,\N,\N,\N,\N
2910,Course 2910,100,0,0,\N,\N,\N,\N
2911,Course 2911,100,0,0,\N,\N,\N,\N
2912,Course 2912,100,0,0,\N,\N,\N,\N
2913,Course 2913,100,0,0,\N,\N,\N,\N
2914,Course 2914,100,0,0,\N,\N,\N,\N
2915,Course 2915,100,0,0,\N,\N,\N,\N
2916,Course 2916,100,0,0,\N,\N,\N,\N
2917,Course 2917,100,0,0,\N,\N,\N,\N
2918,Course 2918,100,0,0,\N,\N,\N,\N
2919,Course 2919,100,0,0,\N,\N,\N,\N
2920,Course 2920,100,0,0,\N,\N,\N,\N
2921,Course 2921,100,0,0,\N,\N,\N,\N
2922,Course 2922,100,0,0,\N,\N,\N,\N
2923,Course 2923,100,0,0,\N,\N,\N,\N
2924,Course 2924,100,0,0,\N,\N,\N,\N
2925,Course 2925,100,0,0,\N,\N,\N,\N
2926,Course 2926,100,0,0,\N,\N,\N,\N
2927,Course 2927,100,0,0,\N,\N,\N,\N
2928,Course 2928,100,0,0,\N,\N,\N,\N
2929,Course 2929,100,0,0,\N,\N,\N,\N
2930,Course 2930,100,0,0,\N,\N,\N,\N
2931,Course 2931,100,0,0,\N,\N,\N,\N
2932,Course 2932,100,0,0,\N,\N,\N,\N
2933,Course 2933,100,0,0,\N,\N,\N,\N
2934,Course 2934,100,0,0,\N,\N,\N,\N
2935,Course 2935,100,0,0,\N,\N,\N,\N
2936,Course 2936,100,0,0,\N,\N,\N,\N
2937,Course 2937,100,0,0,\N,\N,\N,\N
2938,Course 2938,100,0,0,\N,\N,\N,\N
2939,Course 2939,100,0,0,\N,\N,\N,\N
2940,Course 2940,100,0,0,\N,\N,\N,\N
2941,Course 2941,100,0,0,\N,\N,\N,\N
2942,Course 2942,100,0,0,\N,\N,\N,\N
2943,Course 2943,100,0,0,\N,\N,\N,\N
2944,Course 2944,100,0,0,\N,\N,\N,\N
2945,Course 2945,100,0,0,\N,\N,\N,\N
2946,Course 2946,100,0,0,\N,\N,\N,\N
2947,Course 2947,100,0,0,\N,\N,\N,\N
2948,Course 2948,100,0,0,\N,\N,\N,\N
2949,Course 2949,100,0,0,\N,\N,\N,\N
2950,Course 2950,100,0,0,\N,\N,\N,\N
2951,Course 2951,100,0,0,\N,\N,\N,\N
2952,Course 2952,100,0,0,\N,\N,\N,\N
2953,Course 2953,100,0,0,\N,\N,\N,\N
2954,Course 2954,100,0,0,\N,\N,\N,\N
2955,Course 2955,100,0,0,\N,\N,\N,\N
2956,Course 2956,100,0,0,\N,\N,\N,\N
2957,Course 2957,100,0,0,\N,\N,\N,\N
2958,Course 2958,100,0,0,\N,\N,\N,\N
2959,Course 2959,100,0,0,\N,\N,\N,\N
2960,Course 2960,100,0,0,\N,\N,\N,\N
2961,Course 2961,100,0,0,\N,\N,\N,\N
2962,Course 2962,100,0,0,\N,\N,\N,\N
2963,Course 2963,100,0,0,\N,\N,\N,\N
2964,Course 2964,100,0,0,\N,\N,\N,\N
2965,Course 2965,100,0,0,\N,\N,\N,\N
2966,Course 2966,100,0,0,\N,\N,\N,\N
2967,Course 2967,100,0,0,\N,\N,\N,\N
2968,Course 2968,100,0,0,\N,\N,\N,\N
2969,Course 2969,100,0,0,\N,\N,\N,\N
2970,Course 2970,100,0,0,\N,\N,\N,\N
2971,Course 2971,100,0,0,\N,\N,\N,\N
2972,Course 2972,100,0,0,\N,\N,\N,\N
2973,Course 2973,100,0,0,\N,\N,\N,\N
2974,Course 2974,100,0,0,\N,\N,\N,\N
2975,Course 2975,100,0,0,\N,\N,\N,\N
2976,Course 2976,100,0,0,\N,\N,\N,\N
2977,Course 2977,100,0,0,\N,\N,\N,\N
2978,Course 2978,100,0,0,\N,\N,\N,\N
2979,Course 2979,100,0,0,\N,\N,\N,\N
2980,Course 2980,100,0,0,\N,\N,\N,\N
2981,Course 2981,100,0,0,\N,\N,\N,\N
2982,Course 2982,100,0,0,\N,\N,\N,\N
2983,Course 2983,100,0,0,\N,\N,\N,\N
2984,Course 2984,100,0,0,\N,\N,\N,\N
2985,Course 2985,100,0,0,\N,\N,\N,\N
2986,Course 2986,100,0,0,\N,\N,\N,\N
2987,Course 2987,100,0,0,\N,\N,\N,\N
2988,Course 2988,100,0,0,\N,\N,\N,\N
2989,Course 2989,100,0,0,\N,\N,\N,\N
2990,Course 2990,100,0,0,\N,\N,\N,\N
2991,Course 2991,100,0,0,\N,\N,\N,\N
2992,Course 2992,100,0,0,\N,\N,\N,\N
2993,Course 2993,100,0,0,\N,\N,\N,\N
2994,Course 2994,100,0,0,\N,\N,\N,\N
2995,Course 2995,100,0,0,\N,\N,\N,\N
2996,Course 2996,100,0,0,\N,\N,\N,\N
2997,Course 2997,100,0,0,\N,\N,\N,\N
2998,Course 2998,100,0,0,\N,\N,\N,\N
2999,Course 2999,100,0,0,\N,\N,\N,\N
3000,Course 3000,100,0,0,\N,\N,\N,\N
3001,Course 3001,100,0,0,\N,\N,\N,\N
3002,Course 3002,100,0,0,\N,\N,\N,\N
3003,Course 3003,100,0,0,\N,\N,\N,\N
3004,Course 3004,100,0,0,\N,\N,\N,\N
3005,Course 3005,100,0,0,\N,\N,\N,\N
3006,Course 3006,100,0,0,\N,\N,\N,\N
3007,Course 3007,100,0,0,\N,\N,\N,\N
3008,Course 3008,100,0,0,\N,\N,\N,\N
3009,Course 3009,100,0,0,\N,\N,\N,\N
3010,Course 3010,100,0,0,\N,\N,\N,\N
3011,Course 3011,100,0,0,\N,\N,\N,\N
3012,Course 3012,100,0,0,\N,\N,\N,\N
3013,Course 3013,100,0,0,\N,\N,\N,\N
3014,Course 3014,100,0,0,\N,\N,\N,\N
3015,Course 3015,100,0,0,\N,\N,\N,\N
3016,Course 3016,100,0,0,\N,\N,\N,\N
3017,Course 3017,100,0,0,\N,\N,\N,\N
3018,Course 3018,100,0,0,\N,\N,\N,\N
3019,Course 3019,100,0,0,\N,\N,\N,\N
3020,Course 3020,100,0,0,\N,\N,\N,\N
3021,Course 3021,100,0,0,\N,\N,\N,\N
3022,Course 3022,100,0,0,\N,\N,\N,\N
3023,Course 3023,100,0,0,\N,\N,\N,\N
3024,Course 3024,100,0,0,\N,\N,\N,\N
3025,Course 3025,100,0,0,\N,\N,\N,\N
3026,Course 3026,100,0,0,\N,\N,\N,\N
3027,Course 3027,100,0,0,\N,\N,\N,\N
3028,Course 3028,100,0,0,\N,\N,\N,\N
3029,Course 3029,100,0,0,\N,\N,\N,\N
3030,Course 3030,100,0,0,\N,\N,\N,\N
3031,Course 3031,100,0,0,\N,\N,\N,\N
3032,Course 3032,100,0,0,\N,\N,\N,\N
3033,Course 3033,100,0,0,\N,\N,\N,\N
3034,Course 3034,100,0,0,\N,\N,\N,\N
3035,Course 3035,100,0,0,\N,\N,\N,\N
3036,Course 3036,100,0,0,\N,\N,\N,\N
3037,Course 3037,100,0,0,\N,\N,\N,\N
3038,Course 3038,100,0,0,\N,\N,\N,\N
3039,Course 3039,100,0,0,\N,\N,\N,\N
3040,Course 3040,100,0,0,\N,\N,\N,\N
3041,Course 3041,100,0,0,\N,\N,\N,\N
3042,Course 3042,100,0,0,\N,\N,\N,\N
3043,Course 3043,100,0,0,\N,\N,\N,\N
3044,Course 3044,100,0,0,\N,\N,\N,\N
3045,Course 3045,100,0,0,\N,\N,\N,\N
3046,Course 3046,100,0,0,\N,\N,\N,\N
3047,Course 3047,100,0,0,\N,\N,\N,\N
3048,Course 3048,100,0,0,\N,\N,\N,\N
3049,Course 3049,100,0,0,\N,\N,\N,\N
3050,Course 3050,100,0,0,\N,\N,\N,\N
3051,Course 3051,100,0,0,\N,\N,\N,\N
3052,Course 3052,100,0,0,\N,\N,\N,\N
3053,Course 3053,100,0,0,\N,\N,\N,\N
3054,Course 3054,100,0,0,\N,\N,\N,\N
3055,Course 3055,100,0,0,\N,\N,\N,\N
3056,Course 3056,100,0,0,\N,\N,\N,\N
3057,Course 3057,100,0,0,\N,\N,\N,\N
3058,Course 3058,100,0,0,\N,\N,\N,\N
3059,Course 3059,100,0,0,\N,\N,\N,\N
3060,Course 3060,100,0,0,\N,\N,\N,\N
3061,Course 3061,100,0,0,\N,\N,\N,\N
3062,Course 3062,100,0,0,\N,\N,\N,\N
3063,Course 3063,100,0,0,\N,\N,\N,\N
3064,Course 3064,100,0,0,\N,\N,\N,\N
3065,Course 3065,100,0,0,\N,\N,\N,\N
3066,Course 3066,100,0,0,\N,\N,\N,\N
3067,Course 3067,100,0,0,\N,\N,\N,\N
3068,Course 3068,100,0,0,\N,\N,\N,\N
3069,Course 3069,100,0,0,\N,\N,\N,\N
3070,Course 3070,100,0,0,\N,\N,\N,\N
3071,Course 3071,100,0,0,\N,\N,\N,\N
3072,Course 3072,100,0,0,\N,\N,\N,\N
3073,Course 3073,100,0,0,\N,\N,\N,\N
3074,Course 3074,100,0,0,\N,\N,\N,\N
3075,Course 3075,100,0,0,\N,\N,\N,\N
3076,Course 3076,100,0,0,\N,\N,\N,\N
3077,Course 3077,100,0,0,\N,\N,\N,\N
3078,Course 3078,100,0,0,\N,\N,\N,\N
3079,Course 3079,100,0,0,\N,\N,\N,\N
3080,Course 3080,100,0,0,\N,\N,\N,\N
3081,Course 3081,100,0,0,\N,\N,\N,\N
3082,Course 3082,100,0,0,\N,\N,\N,\N
3083,Course 3083,100,0,0,\N,\N,\N,\N
3084,Course 3084,100,0,0,\N,\N,\N,\N
3085,Course 3085,100,0,0,\N,\N,\N,\N
3086,Course 3086,100,0,0,\N,\N,\N,\N
3087,Course 3087,100,0,0,\N,\N,\N,\N
3088,Course 3088,100,0,0,\N,\N,\N,\N
3089,Course 3089,100,0,0,\N,\N,\N,\N
3090,Course 3090,100,0,0,\N,\N,\N,\N
3091,Course 3091,100,0,0,\N,\N,\N,\N
3092,Course 3092,100,0,0,\N,\N,\N,\N
3093,Course 3093,100,0,0,\N,\N,\N,\N
3094,Course 3094,100,0,0,\N,\N,\N,\N
3095,Course 3095,100,0,0,\N,\N,\N,\N
3096,Course 3096,100,0,0,\N,\N,\N,\N
3097,Course 3097,100,0,0,\N,\N,\N,\N
3098,Course 3098,100,0,0,\N,\N,\N,\N
3099,Course 3099,100,0,0,\N,\N,\N,\N
3100,Course 3100,100,0,0,\N,\N,\N,\N
3101,Course 3101,100,0,0,\N,\N,\N,\N
3102,Course 3102,100,0,0,\N,\N,\N,\N
3103,Course 3103,100,0,0,\N,\N,\N,\N
3104,Course 3104,100,0,0,\N,\N,\N,\N
3105,Course 3105,100,0,0,\N,\N,\N,\N
3106,Course 3106,100,0,0,\N,\N,\N,\N
3107,Course 3107,100,0,0,\N,\N,\N,\N
3108,Course 3108,100,0,0,\N,\N,\N,\N
3109,Course 3109,100,0,0,\N,\N,\N,\N
3110,Course 3110,100,0,0,\N,\N,\N,\N
3111,Course 3111,100,0,0,\N,\N,\N,\N
3112,Course 3112,100,0,0,\N,\N,\N,\N
3113,Course 3113,100,0,0,\N,\N,\N,\N
3114,Course 3114,100,0,0,\N,\N,\N,\N
3115,Course 3115,100,0,0,\N,\N,\N,\N
3116,Course 3116,100,0,0,\N,\N,\N,\N
3117,Course 3117,100,0,0,\N,\N,\N,\N
3118,Course 3118,100,0,0,\N,\N,\N,\N
3119,Course 3119,100,0,0,\N,\N,\N,\N
3120,Course 3120,100,0,0,\N,\N,\N,\N
3121,Course 3121,100,0,0,\N,\N,\N,\N
3122,Course 3122,100,0,0,\N,\N,\N,\N
3123,Course 3123,100,0,0,\N,\N,\N,\N
3124,Course 3124,100,0,0,\N,\N,\N,\N
3125,Course 3125,100,0,0,\N,\N,\N,\N
3126,Course 3126,100,0,0,\N,\N,\N,\N
3127,Course 3127,100,0,0,\N,\N,\N,\N
3128,Course 3128,100,0,0,\N,\N,\N,\N
3129,Course 3129,100,0,0,\N,\N,\N,\N
3130,Course 3130,100,0,0,\N,\N,\N,\N
3131,Course 3131,100,0,0,\N,\N,\N,\N
3132,Course 3132,100,0,0,\N,\N,\N,\N
3133,Course 3133,100,0,0,\N,\N,\N,\N
3134,Course 3134,100,0,0,\N,\N,\N,\N
3135,Course 3135,100,0,0,\N,\N,\N,\N
3136,Course 3136,100,0,0,\N,\N,\N,\N
3137,Course 3137,100,0,0,\N,\N,\N,\N
3138,Course 3138,100,0,0,\N,\N,\N,\N
3139,Course 3139,100,0,0,\N,\N,\N,\N
3140,Course 3140,100,0,0,\N,\N,\N,\N
3141,Course 3141,100,0,0,\N,\N,\N,\N
3142,Course 3142,100,0,0,\N,\N,\N,\N
3143,Course 3143,100,0,0,\N,\N,\N,\N
3144,Course 3144,100,0,0,\N,\N,\N,\N
3145,Course 3145,100,0,0,\N,\N,\N,\N
3146,Course 3146,100,0,0,\N,\N,\N,\N
3147,Course 3147,100,0,0,\N,\N,\N,\N
3148,Course 3148,100,0,0,\N,\N,\N,\N
3149,Course 3149,100,0,0,\N,\N,\N,\N
3150,Course 3150,100,0,0,\N,\N,\N,\N
3151,Course 3151,100,0,0,\N,\N,\N,\N
3152,Course 3152,100,0,0,\N,\N,\N,\N
3153,Course 3153,100,0,0,\N,\N,\N,\N
3154,Course 3154,100,0,0,\N,\N,\N,\N
3155,Course 3155,100,0,0,\N,\N,\N,\N
3156,Course 3156,100,0,0,\N,\N,\N,\N
3157,Course 3157,100,0,0,\N,\N,\N,\N
3158,Course 3158,100,0,0,\N,\N,\N,\N
3159,Course 3159,100,0,0,\N,\N,\N,\N
3160,Course 3160,100,0,0,\N,\N,\N,\N
3161,Course 3161,100,0,0,\N,\N,\N,\N
3162,Course 3162,100,0,0,\N,\N,\N,\N
3163,Course 3163,100,0,0,\N,\N,\N,\N
3164,Course 3164,100,0,0,\N,\N,\N,\N
3165,Course 3165,100,0,0,\N,\N,\N,\N
3166,Course 3166,100,0,0,\N,\N,\N,\N
3167,Course 3167,100,0,0,\N,\N,\N,\N
3168,Course 3168,100,0,0,\N,\N,\N,\N
3169,Course 3169,100,0,0,\N,\N,\N,\N
3170,Course 3170,100,0,0,\N,\N,\N,\N
3171,Course 3171,100,0,0,\N,\N,\N,\N
3172,Course 3172,100,0,0,\N,\N,\N,\N
3173,Course 3173,100,0,0,\N,\N,\N,\N
3174,Course 3174,100,0,0,\N,\N,\N,\N
3175,Course 3175,100,0,0,\N,\N,\N,\N
3176,Course 3176,100,0,0,\N,\N,\N,\N
3177,Course 3177,100,0,0,\N,\N,\N,\N
3178,Course 3178,100,0,0,\N,\N,\N,\N
3179,Course 3179,100,0,0,\N,\N,\N,\N
3180,Course 3180,100,0,0,\N,\N,\N,\N
3181,Course 3181,100,0,0,\N,\N,\N,\N
3182,Course 3182,100,0,0,\N,\N,\N,\N
3183,Course 3183,100,0,0,\N,\N,\N,\N
3184,Course 3184,100,0,0,\N,\N,\N,\N
3185,Course 3185,100,0,0,\N,\N,\N,\N
3186,Course 3186,100,0,0,\N,\N,\N,\N
3187,Course 3187,100,0,0,\N,\N,\N,\N
3188,Course 3188,100,0,0,\N,\N,\N,\N
3189,Course 3189,100,0,0,\N,\N,\N,\N
3190,Course 3190,100,0,0,\N,\N,\N,\N
3191,Course 3191,100,0,0,\N,\N,\N,\N
3192,Course 3192,100,0,0,\N,\N,\N,\N
3193,Course 3193,100,0,0,\N,\N,\N,\N
3194,Course 3194,100,0,0,\N,\N,\N,\N
3195,Course 3195,100,0,0,\N,\N,\N,\N
3196,Course 3196,100,0,0,\N,\N,\N,\N
3197,Course 3197,100,0,0,\N,\N,\N,\N
3198,Course 3198,100,0,0,\N,\N,\N,\N
3199,Course 3199,100,0,0,\N,\N,\N,\N
3200,Course 3200,100,0,0,\N,\N,\N,\N
3201,Course 3201,100,0,0,\N,\N,\N,\N
3202,Course 3202,100,0,0,\N,\N,\N,\N
3203,Course 3203,100,0,0,\N,\N,\N,\N
3204,Course 3204,100,0,0,\N,\N,\N,\N
3205,Course 3205,100,0,0,\N,\N,\N,\N
3206,Course 3206,100,0,0,\N,\N,\N,\N
3207,Course 3207,100,0,0,\N,\N,\N,\N
3208,Course 3208,100,0,0,\N,\N,\N,\N
3209,Course 3209,100,0,0,\N,\N,\N,\N
3210,Course 3210,100,0,0,\N,\N,\N,\N
3211,Course 3211,100,0,0,\N,\N,\N,\N
3212,Course 3212,100,0,0,\N,\N,\N,\N
3213,Course 3213,100,0,0,\N,\N,\N,\N
3214,Course 3214,100,0,0,\N,\N,\N,\N
3215,Course 3215,100,0,0,\N,\N,\N,\N
3216,Course 3216,100,0,0,\N,\N,\N,\N
3217,Course 3217,100,0,0,\N,\N,\N,\N
3218,Course 3218,100,0,0,\N,\N,\N,\N
3219,Course 3219,100,0,0,\N,\N,\N,\N
3220,Course 3220,100,0,0,\N,\N,\N,\N
3221,Course 3221,100,0,0,\N,\N,\N,\N
3222,Course 3222,100,0,0,\N,\N,\N,\N
3223,Course 3223,100,0,0,\N,\N,\N,\N
3224,Course 3224,100,0,0,\N,\N,\N,\N
3225,Course 3225,100,0,0,\N,\N,\N,\N
3226,Course 3226,100,0,0,\N,\N,\N,\N
3227,Course 3227,100,0,0,\N,\N,\N,\N
3228,Course 3228,100,0,0,\N,\N,\N,\N
3229,Course 3229,100,0,0,\N,\N,\N,\N
3230,Course 3230,100,0,0,\N,\N,\N,\N
3231,Course 3231,100,0,0,\N,\N,\N,\N
3232,Course 3232,100,0,0,\N,\N,\N,\N
3233,Course 3233,100,0,0,\N,\N,\N,\N
3234,Course 3234,100,0,0,\N,\N,\N,\N
3235,Course 3235,100,0,0,\N,\N,\N,\N
3236,Course 3236,100,0,0,\N,\N,\N,\N
3237,Course 3237,100,0,0,\N,\N,\N,\N
3238,Course 3238,100,0,0,\N,\N,\N,\N
3239,Course 3239,100,0,0,\N,\N,\N,\N
3240,Course 3240,100,0,0,\N,\N,\N,\N
3241,Course 3241,100,0,0,\N,\N,\N,\N
3242,Course 3242,100,0,0,\N,\N,\N,\N
3243,Course 3243,100,0,0,\N,\N,\N,\N
3244,Course 3244,100,0,0,\N,\N,\N,\N
3245,Course 3245,100,0,0,\N,\N,\N,\N
3246,Course 3246,100,0,0,\N,\N,\N,\N
3247,Course 3247,100,0,0,\N,\N,\N,\N
3248,Course 3248,100,0,0,\N,\N,\N,\N
3249,Course 3249,100,0,0,\N,\N,\N,\N
3250,Course 3250,100,0,0,\N,\N,\N,\N
3251,Course 3251,100,0,0,\N,\N,\N,\N
3252,Course 3252,100,0,0,\N,\N,\N,\N
3253,Course 3253,100,0,0,\N,\N,\N,\N
3254,Course 3254,100,0,0,\N,\N,\N,\N
3255,Course 3255,100,0,0,\N,\N,\N,\N
3256,Course 3256,100,0,0,\N,\N,\N,\N
3257,Course 3257,100,0,0,\N,\N,\N,\N
3258,Course 3258,100,0,0,\N,\N,\N,\N
3259,Course 3259,100,0,0,\N,\N,\N,\N
3260,Course 3260,100,0,0,\N,\N,\N,\N
3261,Course 3261,100,0,0,\N,\N,\N,\N
3262,Course 3262,100,0,0,\N,\N,\N,\N
3263,Course 3263,100,0,0,\N,\N,\N,\N
3264,Course 3264,100,0,0,\N,\N,\N,\N
3265,Course 3265,100,0,0,\N,\N,\N,\N
3266,Course 3266,100,0,0,\N,\N,\N,\N
3267,Course 3267,100,0,0,\N,\N,\N,\N
3268,Course 3268,100,0,0,\N,\N,\N,\N
3269,Course 3269,100,0,0,\N,\N,\N,\N
3270,Course 3270,100,0,0,\N,\N,\N,\N
3271,Course 3271,100,0,0,\N,\N,\N,\N
3272,Course 3272,100,0,0,\N,\N,\N,\N
3273,Course 3273,100,0,0,\N,\N,\N,\N
3274,Course 3274,100,0,0,\N,\N,\N,\N
3275,Course 3275,100,0,0,\N,\N,\N,\N
3276,Course 3276,100,0,0,\N,\N,\N,\N
3277,Course 3277,100,0,0,\N,\N,\N,\N
3278,Course 3278,100,0,0,\N,\N,\N,\N
3279,Course 3279,100,0,0,\N,\N,\N,\N
3280,Course 3280,100,0,0,\N,\N,\N,\N
3281,Course 3281,100,0,0,\N,\N,\N,\N
3282,Course 3282,100,0,0,\N,\N,\N,\N
3283,Course 3283,100,0,0,\N,\N,\N,\N
3284,Course 3284,100,0,0,\N,\N,\N,\N
3285,Course 3285,100,0,0,\N,\N,\N,\N
3286,Course 3286,100,0,0,\N,\N,\N,\N
3287,Course 3287,100,0,0,\N,\N,\N,\N
3288,Course 3288,100,0,0,\N,\N,\N,\N
3289,Course 3289,100,0,0,\N,\N,\N,\N
3290,Course 3290,100,0,0,\N,\N,\N,\N
3291,Course 3291,100,0,0,\N,\N,\N,\N
3292,Course 3292,100,0,0,\N,\N,\N,\N
3293,Course 3293,100,0,0,\N,\N,\N,\N
3294,Course 3294,100,0,0,\N,\N,\N,\N
3295,Course 3295,100,0,0,\N,\N,\N,\N
3296,Course 3296,100,0,0,\N,\N,\N,\N
3297,Course 3297,100,0,0,\N,\N,\N,\N
3298,Course 3298,100,0,0,\N,\N,\N,\N
3299,Course 3299,100,0,0,\N,\N,\N,\N
3300,Course 3300,100,0,0,\N,\N,\N,\N
3301,Course 3301,100,0,0,\N,\N,\N,\N
3302,Course 3302,100,0,0,\N,\N,\N,\N
3303,Course 3303,100,0,0,\N,\N,\N,\N
3304,Course 3304,100,0,0,\N,\N,\N,\N
3305,Course 3305,100,0,0,\N,\N,\N,\N
3306,Course 3306,100,0,0,\N,\N,\N,\N
3307,Course 3307,100,0,0,\N,\N,\N,\N
3308,Course 3308,100,0,0,\N,\N,\N,\N
3309,Course 3309,100,0,0,\N,\N,\N,\N
3310,Course 3310,100,0,0,\N,\N,\N,\N
3311,Course 3311,100,0,0,\N,\N,\N,\N
3312,Course 3312,100,0,0,\N,\N,\N,\N
3313,Course 3313,100,0,0,\N,\N,\N,\N
3314,Course 3314,100,0,0,\N,\N,\N,\N
3315,Course 3315,100,0,0,\N,\N,\N,\N
3316,Course 3316,100,0,0,\N,\N,\N,\N
3317,Course 3317,100,0,0,\N,\N,\N,\N
3318,Course 3318,100,0,0,\N,\N,\N,\N
3319,Course 3319,100,0,0,\N,\N,\N,\N
3320,Course 3320,100,0,0,\N,\N,\N,\N
3321,Course 3321,100,0,0,\N,\N,\N,\N
3322,Course 3322,100,0,0,\N,\N,\N,\N
3323,Course 3323,100,0,0,\N,\N,\N,\N
3324,Course 3324,100,0,0,\N,\N,\N,\N
3325,Course 3325,100,0,0,\N,\N,\N,\N
3326,Course 3326,100,0,0,\N,\N,\N,\N
3327,Course 3327,100,0,0,\N,\N,\N,\N
3328,Course 3328,100,0,0,\N,\N,\N,\N
3329,Course 3329,100,0,0,\N,\N,\N,\N
3330,Course 3330,100,0,0,\N,\N,\N,\N
3331,Course 3331,100,0,0,\N,\N,\N,\N
3332,Course 3332,100,0,0,\N,\N,\N,\N
3333,Course 3333,100,0,0,\N,\N,\N,\N
3334,Course 3334,100,0,0,\N,\N,\N,\N
3335,Course 3335,100,0,0,\N,\N,\N,\N
3336,Course 3336,100,0,0,\N,\N,\N,\N
3337,Course 3337,100,0,0,\N,\N,\N,\N
3338,Course 3338,100,0,0,\N,\N,\N,\N
3339,Course 3339,100,0,0,\N,\N,\N,\N
3340,Course 3340,100,0,0,\N,\N,\N,\N
3341,Course 3341,100,0,0,\N,\N,\N,\N
3342,Course 3342,100,0,0,\N,\N,\N,\N
3343,Course 3343,100,0,0,\N,\N,\N,\N
3344,Course 3344,100,0,0,\N,\N,\N,\N
3345,Course 3345,100,0,0,\N,\N,\N,\N
3346,Course 3346,100,0,0,\N,\N,\N,\N
3347,Course 3347,100,0,0,\N,\N,\N,\N
3348,Course 3348,100,0,0,\N,\N,\N,\N
3349,Course 3349,100,0,0,\N,\N,\N,\N
3350,Course 3350,100,0,0,\N,\N,\N,\N
3351,Course 3351,100,0,0,\N,\N,\N,\N
3352,Course 3352,100,0,0,\N,\N,\N,\N
3353,Course 3353,100,0,0,\N,\N,\N,\N
3354,Course 3354,100,0,0,\N,\N,\N,\N
3355,Course 3355,100,0,0,\N,\N,\N,\N
3356,Course 3356,100,0,0,\N,\N,\N,\N
3357,Course 3357,100,0,0,\N,\N,\N,\N
3358,Course 3358,100,0,0,\N,\N,\N,\N
3359,Course 3359,100,0,0,\N,\N,\N,\N
3360,Course 3360,100,0,0,\N,\N,\N,\N
3361,Course 3361,100,0,0,\N,\N,\N,\N
3362,Course 3362,100,0,0,\N,\N,\N,\N
3363,Course 3363,100,0,0,\N,\N,\N,\N
3364,Course 3364,100,0,0,\N,\N,\N,\N
3365,Course 3365,100,0,0,\N,\N,\N,\N
3366,Course 3366,100,0,0,\N,\N,\N,\N
3367,Course 3367,100,0,0,\N,\N,\N,\N
3368,Course 3368,100,0,0,\N,\N,\N,\N
3369,Course 3369,100,0,0,\N,\N,\N,\N
3370,Course 3370,100,0,0,\N,\N,\N,\N
3371,Course 3371,100,0,0,\N,\N,\N,\N
3372,Course 3372,100,0,0,\N,\N,\N,\N
3373,Course 3373,100,0,0,\N,\N,\N,\N
3374,Course 3374,100,0,0,\N,\N,\N,\N
3375,Course 3375,100,0,0,\N,\N,\N,\N
3376,Course 3376,100,0,0,\N,\N,\N,\N
3377,Course 3377,100,0,0,\N,\N,\N,\N
3378,Course 3378,100,0,0,\N,\N,\N,\N
3379,Course 3379,100,0,0,\N,\N,\N,\N
3380,Course 3380,100,0,0,\N,\N,\N,\N
3381,Course 3381,100,0,0,\N,\N,\N,\N
3382,Course 3382,100,0,0,\N,\N,\N,\N
3383,Course 3383,100,0,0,\N,\N,\N,\N
3384,Course 3384,100,0,0,\N,\N,\N,\N
3385,Course 3385,100,0,0,\N,\N,\N,\N
3386,Course 3386,100,0,0,\N,\N,\N,\N
3387,Course 3387,100,0,0,\N,\N,\N,\N
3388,Course 3388,100,0,0,\N,\N,\N,\N
3389,Course 3389,100,0,0,\N,\N,\N,\N
3390,Course 3390,100,0,0,\N,\N,\N,\N
3391,Course 3391,100,0,0,\N,\N,\N,\N
3392,Course 3392,100,0,0,\N,\N,\N,\N
3393,Course 3393,100,0,0,\N,\N,\N,\N
3394,Course 3394,100,0,0,\N,\N,\N,\N
3395,Course 3395,100,0,0,\N,\N,\N,\N
3396,Course 3396,100,0,0,\N,\N,\N,\N
3397,Course 3397,100,0,0,\N,\N,\N,\N
3398,Course 3398,100,0,0,\N,\N,\N,\N
3399,Course 3399,100,0,0,\N,\N,\N,\N
3400,Course 3400,100,0,0,\N,\N,\N,\N
3401,Course 3401,100,0,0,\N,\N,\N,\N
3402,Course 3402,100,0,0,\N,\N,\N,\N
3403,Course 3403,100,0,0,\N,\N,\N,\N
3404,Course 3404,100,0,0,\N,\N,\N,\N
3405,Course 3405,100,0,0,\N,\N,\N,\N
3406,Course 3406,100,0,0,\N,\N,\N,\N
3407,Course 3407,100,0,0,\N,\N,\N,\N
3408,Course 3408,100,0,0,\N,\N,\N,\N
3409,Course 3409,100,0,0,\N,\N,\N,\N
3410,Course 3410,100,0,0,\N,\N,\N,\N
3411,Course 3411,100,0,0,\N,\N,\N,\N
3412,Course 3412,100,0,0,\N,\N,\N,\N
3413,Course 3413,100,0,0,\N,\N,\N,\N
3414,Course 3414,100,0,0,\N,\N,\N,\N
3415,Course 3415,100,0,0,\N,\N,\N,\N
3416,Course 3416,100,0,0,\N,\N,\N,\N
3417,Course 3417,100,0,0,\N,\N,\N,\N
3418,Course 3418,100,0,0,\N,\N,\N,\N
3419,Course 3419,100,0,0,\N,\N,\N,\N
3420,Course 3420,100,0,0,\N,\N,\N,\N
3421,Course 3421,100,0,0,\N,\N,\N,\N
3422,Course 3422,100,0,0,\N,\N,\N,\N
3423,Course 3423,100,0,0,\N,\N,\N,\N
3424,Course 3424,100,0,0,\N,\N,\N,\N
3425,Course 3425,100,0,0,\N,\N,\N,\N
3426,Course 3426,100,0,0,\N,\N,\N,\N
3427,Course 3427,100,0,0,\N,\N,\N,\N
3428,Course 3428,100,0,0,\N,\N,\N,\N
3429,Course 3429,100,0,0,\N,\N,\N,\N
3430,Course 3430,100,0,0,\N,\N,\N,\N
3431,Course 3431,100,0,0,\N,\N,\N,\N
3432,Course 3432,100,0,0,\N,\N,\N,\N
3433,Course 3433,100,0,0,\N,\N,\N,\N
3434,Course 3434,100,0,0,\N,\N,\N,\N
3435,Course 3435,100,0,0,\N,\N,\N,\N
3436,Course 3436,100,0,0,\N,\N,\N,\N
3437,Course 3437,100,0,0,\N,\N,\N,\N
3438,Course 3438,100,0,0,\N,\N,\N,\N
3439,Course 3439,100,0,0,\N,\N,\N,\N
3440,Course 3440,100,0,0,\N,\N,\N,\N
3441,Course 3441,100,0,0,\N,\N,\N,\N
3442,Course 3442,100,0,0,\N,\N,\N,\N
3443,Course 3443,100,0,0,\N,\N,\N,\N
3444,Course 3444,100,0,0,\N,\N,\N,\N
3445,Course 3445,100,0,0,\N,\N,\N,\N
3446,Course 3446,100,0,0,\N,\N,\N,\N
3447,Course 3447,100,0,0,\N,\N,\N,\N
3448,Course 3448,100,0,0,\N,\N,\N,\N
3449,Course 3449,100,0,0,\N,\N,\N,\N
3450,Course 3450,100,0,0,\N,\N,\N,\N
3451,Course 3451,100,0,0,\N,\N,\N,\N
3452,Course 3452,100,0,0,\N,\N,\N,\N
3453,Course 3453,100,0,0,\N,\N,\N,\N
3454,Course 3454,100,0,0,\N,\N,\N,\N
3455,Course 3455,100,0,0,\N,\N,\N,\N
3456,Course 3456,100,0,0,\N,\N,\N,\N
3457,Course 3457,100,0,0,\N,\N,\N,\N
3458,Course 3458,100,0,0,\N,\N,\N,\N
3459,Course 3459,100,0,0,\N,\N,\N,\N
3460,Course 3460,100,0,0,\N,\N,\N,\N
3461,Course 3461,100,0,0,\N,\N,\N,\N
3462,Course 3462,100,0,0,\N,\N,\N,\N
3463,Course 3463,100,0,0,\N,\N,\N,\N
3464,Course 3464,100,0,0,\N,\N,\N,\N
3465,Course 3465,100,0,0,\N,\N,\N,\N
3466,Course 3466,100,0,0,\N,\N,\N,\N
3467,Course 3467,100,0,0,\N,\N,\N,\N
3468,Course 3468,100,0,0,\N,\N,\N,\N
3469,Course 3469,100,0,0,\N,\N,\N,\N
3470,Course 3470,100,0,0,\N,\N,\N,\N
3471,Course 3471,100,0,0,\N,\N,\N,\N
3472,Course 3472,100,0,0,\N,\N,\N,\N
3473,Course 3473,100,0,0,\N,\N,\N,\N
3474,Course 3474,100,0,0,\N,\N,\N,\N
3475,Course 3475,100,0,0,\N,\N,\N,\N
3476,Course 3476,100,0,0,\N,\N,\N,\N
3477,Course 3477,100,0,0,\N,\N,\N,\N
3478,Course 3478,100,0,0,\N,\N,\N,\N
3479,Course 3479,100,0,0,\N,\N,\N,\N
3480,Course 3480,100,0,0,\N,\N,\N,\N
3481,Course 3481,100,0,0,\N,\N,\N,\N
3482,Course 3482,100,0,0,\N,\N,\N,\N
3483,Course 3483,100,0,0,\N,\N,\N,\N
3484,Course 3484,100,0,0,\N,\N,\N,\N
3485,Course 3485,100,0,0,\N,\N,\N,\N
3486,Course 3486,100,0,0,\N,\N,\N,\N
3487,Course 3487,100,0,0,\N,\N,\N,\N
3488,Course 3488,100,0,0,\N,\N,\N,\N
3489,Course 3489,100,0,0,\N,\N,\N,\N
3490,Course 3490,100,0,0,\N,\N,\N,\N
3491,Course 3491,100,0,0,\N,\N,\N,\N
3492,Course 3492,100,0,0,\N,\N,\N,\N
3493,Course 3493,100,0,0,\N,\N,\N,\N
3494,Course 3494,100,0,0,\N,\N,\N,\N
3495,Course 3495,100,0,0,\N,\N,\N,\N
3496,Course 3496,100,0,0,\N,\N,\N,\N
3497,Course 3497,100,0,0,\N,\N,\N,\N
3498,Course 3498,100,0,0,\N,\N,\N,\N
3499,Course 3499,100,0,0,\N,\N,\N,\N
3500,Course 3500,100,0,0,\N,\N,\N,\N
3501,Course 3501,100,0,0,\N,\N,\N,\N
3502,Course 3502,100,0,0,\N,\N,\N,\N
3503,Course 3503,100,0,0,\N,\N,\N,\N
3504,Course 3504,100,0,0,\N,\N,\N,\N
3505,Course 3505,100,0,0,\N,\N,\N,\N
3506,Course 3506,100,0,0,\N,\N,\N,\N
3507,Course 3507,100,0,0,\N,\N,\N,\N
3508,Course 3508,100,0,0,\N,\N,\N,\N
3509,Course 3509,100,0,0,\N,\N,\N,\N
3510,Course 3510,100,0,0,\N,\N,\N,\N
3511,Course 3511,100,0,0,\N,\N,\N,\N
3512,Course 3512,100,0,0,\N,\N,\N,\N
3513,Course 3513,100,0,0,\N,\N,\N,\N
3514,Course 3514,100,0,0,\N,\N,\N,\N
3515,Course 3515,100,0,0,\N,\N,\N,\N
3516,Course 3516,100,0,0,\N,\N,\N,\N
3517,Course 3517,100,0,0,\N,\N,\N,\N
3518,Course 3518,100,0,0,\N,\N,\N,\N
3519,Course 3519,100,0,0,\N,\N,\N,\N
3520,Course 3520,100,0,0,\N,\N,\N,\N
3521,Course 3521,100,0,0,\N,\N,\N,\N
3522,Course 3522,100,0,0,\N,\N,\N,\N
3523,Course 3523,100,0,0,\N,\N,\N,\N
3524,Course 3524,100,0,0,\N,\N,\N,\N
3525,Course 3525,100,0,0,\N,\N,\N,\N
3526,Course 3526,100,0,0,\N,\N,\N,\N
3527,Course 3527,100,0,0,\N,\N,\N,\N
3528,Course 3528,100,0,0,\N,\N,\N,\N
3529,Course 3529,100,0,0,\N,\N,\N,\N
3530,Course 3530,100,0,0,\N,\N,\N,\N
3531,Course 3531,100,0,0,\N,\N,\N,\N
3532,Course 3532,100,0,0,\N,\N,\N,\N
3533,Course 3533,100,0,0,\N,\N,\N,\N
3534,Course 3534,100,0,0,\N,\N,\N,\N
3535,Course 3535,100,0,0,\N,\N,\N,\N
3536,Course 3536,100,0,0,\N,\N,\N,\N
3537,Course 3537,100,0,0,\N,\N,\N,\N
3538,Course 3538,100,0,0,\N,\N,\N,\N
3539,Course 3539,100,0,0,\N,\N,\N,\N
3540,Course 3540,100,0,0,\N,\N,\N,\N
3541,Course 3541,100,0,0,\N,\N,\N,\N
3542,Course 3542,100,0,0,\N,\N,\N,\N
3543,Course 3543,100,0,0,\N,\N,\N,\N
3544,Course 3544,100,0,0,\N,\N,\N,\N
3545,Course 3545,100,0,0,\N,\N,\N,\N
3546,Course 3546,100,0,0,\N,\N,\N,\N
3547,Course 3547,100,0,0,\N,\N,\N,\N
3548,Course 3548,100,0,0,\N,\N,\N,\N
3549,Course 3549,100,0,0,\N,\N,\N,\N
3550,Course 3550,100,0,0,\N,\N,\N,\N
3551,Course 3551,100,0,0,\N,\N,\N,\N
3552,Course 3552,100,0,0,\N,\N,\N,\N
3553,Course 3553,100,0,0,\N,\N,\N,\N
3554,Course 3554,100,0,0,\N,\N,\N,\N
3555,Course 3555,100,0,0,\N,\N,\N,\N
3556,Course 3556,100,0,0,\N,\N,\N,\N
3557,Course 3557,100,0,0,\N,\N,\N,\N
3558,Course 3558,100,0,0,\N,\N,\N,\N
3559,Course 3559,100,0,0,\N,\N,\N,\N
3560,Course 3560,100,0,0,\N,\N,\N,\N
3561,Course 3561,100,0,0,\N,\N,\N,\N
3562,Course 3562,100,0,0,\N,\N,\N,\N
3563,Course 3563,100,0,0,\N,\N,\N,\N
3564,Course 3564,100,0,0,\N,\N,\N,\N
3565,Course 3565,100,0,0,\N,\N,\N,\N
3566,Course 3566,100,0,0,\N,\N,\N,\N
3567,Course 3567,100,0,0,\N,\N,\N,\N
3568,Course 3568,100,0,0,\N,\N,\N,\N
3569,Course 3569,100,0,0,\N,\N,\N,\N
3570,Course 3570,100,0,0,\N,\N,\N,\N
3571,Course 3571,100,0,0,\N,\N,\N,\N
3572,Course 3572,100,0,0,\N,\N,\N,\N
3573,Course 3573,100,0,0,\N,\N,\N,\N
3574,Course 3574,100,0,0,\N,\N,\N,\N
3575,Course 3575,100,0,0,\N,\N,\N,\N
3576,Course 3576,100,0,0,\N,\N,\N,\N
3577,Course 3577,100,0,0,\N,\N,\N,\N
3578,Course 3578,100,0,0,\N,\N,\N,\N
3579,Course 3579,100,0,0,\N,\N,\N,\N
3580,Course 3580,100,0,0,\N,\N,\N,\N
3581,Course 3581,100,0,0,\N,\N,\N,\N
3582,Course 3582,100,0,0,\N,\N,\N,\N
3583,Course 3583,100,0,0,\N,\N,\N,\N
3584,Course 3584,100,0,0,\N,\N,\N,\N
3585,Course 3585,100,0,0,\N,\N,\N,\N
3586,Course 3586,100,0,0,\N,\N,\N,\N
3587,Course 3587,100,0,0,\N,\N,\N,\N
3588,Course 3588,100,0,0,\N,\N,\N,\N
3589,Course 3589,100,0,0,\N,\N,\N,\N
3590,Course 3590,100,0,0,\N,\N,\N,\N
3591,Course 3591,100,0,0,\N,\N,\N,\N
3592,Course 3592,100,0,0,\N,\N,\N,\N
3593,Course 3593,100,0,0,\N,\N,\N,\N
3594,Course 3594,100,0,0,\N,\N,\N,\N
3595,Course 3595,100,0,0,\N,\N,\N,\N
3596,Course 3596,100,0,0,\N,\N,\N,\N
3597,Course 3597,100,0,0,\N,\N,\N,\N
3598,Course 3598,100,0,0,\N,\N,\N,\N
3599,Course 3599,100,0,0,\N,\N,\N,\N
3600,Course 3600,100,0,0,\N,\N,\N,\N
3601,Course 3601,100,0,0,\N,\N,\N,\N
3602,Course 3602,100,0,0,\N,\N,\N,\N
3603,Course 3603,100,0,0,\N,\N,\N,\N
3604,Course 3604,100,0,0,\N,\N,\N,\N
3605,Course 3605,100,0,0,\N,\N,\N,\N
3606,Course 3606,100,0,0,\N,\N,\N,\N
3607,Course 3607,100,0,0,\N,\N,\N,\N
3608,Course 3608,100,0,0,\N,\N,\N,\N
3609,Course 3609,100,0,0,\N,\N,\N,\N
3610,Course 3610,100,0,0,\N,\N,\N,\N
3611,Course 3611,100,0,0,\N,\N,\N,\N
3612,Course 3612,100,0,0,\N,\N,\N,\N
3613,Course 3613,100,0,0,\N,\N,\N,\N
3614,Course 3614,100,0,0,\N,\N,\N,\N
3615,Course 3615,100,0,0,\N,\N,\N,\N
3616,Course 3616,100,0,0,\N,\N,\N,\N
3617,Course 3617,100,0,0,\N,\N,\N,\N
3618,Course 3618,100,0,0,\N,\N,\N,\N
3619,Course 3619,100,0,0,\N,\N,\N,\N
3620,Course 3620,100,0,0,\N,\N,\N,\N
3621,Course 3621,100,0,0,\N,\N,\N,\N
3622,Course 3622,100,0,0,\N,\N,\N,\N
3623,Course 3623,100,0,0,\N,\N,\N,\N
3624,Course 3624,100,0,0,\N,\N,\N,\N
3625,Course 3625,100,0,0,\N,\N,\N,\N
3626,Course 3626,100,0,0,\N,\N,\N,\N
3627,Course 3627,100,0,0,\N,\N,\N,\N
3628,Course 3628,100,0,0,\N,\N,\N,\N
3629,Course 3629,100,0,0,\N,\N,\N,\N
3630,Course 3630,100,0,0,\N,\N,\N,\N
3631,Course 3631,100,0,0,\N,\N,\N,\N
3632,Course 3632,100,0,0,\N,\N,\N,\N
3633,Course 3633,100,0,0,\N,\N,\N,\N
3634,Course 3634,100,0,0,\N,\N,\N,\N
3635,Course 3635,100,0,0,\N,\N,\N,\N
3636,Course 3636,100,0,0,\N,\N,\N,\N
3637,Course 3637,100,0,0,\N,\N,\N,\N
3638,Course 3638,100,0,0,\N,\N,\N,\N
3639,Course 3639,100,0,0,\N,\N,\N,\N
3640,Course 3640,100,0,0,\N,\N,\N,\N
3641,Course 3641,100,0,0,\N,\N,\N,\N
3642,Course 3642,100,0,0,\N,\N,\N,\N
3643,Course 3643,100,0,0,\N,\N,\N,\N
3644,Course 3644,100,0,0,\N,\N,\N,\N
3645,Course 3645,100,0,0,\N,\N,\N,\N
3646,Course 3646,100,0,0,\N,\N,\N,\N
3647,Course 3647,100,0,0,\N,\N,\N,\N
3648,Course 3648,100,0,0,\N,\N,\N,\N
3649,Course 3649,100,0,0,\N,\N,\N,\N
3650,Course 3650,100,0,0,\N,\N,\N,\N
3651,Course 3651,100,0,0,\N,\N,\N,\N
3652,Course 3652,100,0,0,\N,\N,\N,\N
3653,Course 3653,100,0,0,\N,\N,\N,\N
3654,Course 3654,100,0,0,\N,\N,\N,\N
3655,Course 3655,100,0,0,\N,\N,\N,\N
3656,Course 3656,100,0,0,\N,\N,\N,\N
3657,Course 3657,100,0,0,\N,\N,\N,\N
3658,Course 3658,100,0,0,\N,\N,\N,\N
3659,Course 3659,100,0,0,\N,\N,\N,\N
3660,Course 3660,100,0,0,\N,\N,\N,\N
3661,Course 3661,100,0,0,\N,\N,\N,\N
3662,Course 3662,100,0,0,\N,\N,\N,\N
3663,Course 3663,100,0,0,\N,\N,\N,\N
3664,Course 3664,100,0,0,\N,\N,\N,\N
3665,Course 3665,100,0,0,\N,\N,\N,\N
3666,Course 3666,100,0,0,\N,\N,\N,\N
3667,Course 3667,100,0,0,\N,\N,\N,\N
3668,Course 3668,100,0,0,\N,\N,\N,\N
3669,Course 3669,100,0,0,\N,\N,\N,\N
3670,Course 3670,100,0,0,\N,\N,\N,\N
3671,Course 3671,100,0,0,\N,\N,\N,\N
3672,Course 3672,100,0,0,\N,\N,\N,\N
3673,Course 3673,100,0,0,\N,\N,\N,\N
3674,Course 3674,100,0,0,\N,\N,\N,\N
3675,Course 3675,100,0,0,\N,\N,\N,\N
3676,Course 3676,100,0,0,\N,\N,\N,\N
3677,Course 3677,100,0,0,\N,\N,\N,\N
3678,Course 3678,100,0,0,\N,\N,\N,\N
3679,Course 3679,100,0,0,\N,\N,\N,\N
3680,Course 3680,100,0,0,\N,\N,\N,\N
3681,Course 3681,100,0,0,\N,\N,\N,\N
3682,Course 3682,100,0,0,\N,\N,\N,\N
3683,Course 3683,100,0,0,\N,\N,\N,\N
3684,Course 3684,100,0,0,\N,\N,\N,\N
3685,Course 3685,100,0,0,\N,\N,\N,\N
3686,Course 3686,100,0,0,\N,\N,\N,\N
3687,Course 3687,100,0,0,\N,\N,\N,\N
3688,Course 3688,100,0,0,\N,\N,\N,\N
3689,Course 3689,100,0,0,\N,\N,\N,\N
3690,Course 3690,100,0,0,\N,\N,\N,\N
3691,Course 3691,100,0,0,\N,\N,\N,\N
3692,Course 3692,100,0,0,\N,\N,\N,\N
3693,Course 3693,100,0,0,\N,\N,\N,\N
3694,Course 3694,100,0,0,\N,\N,\N,\N
3695,Course 3695,100,0,0,\N,\N,\N,\N
3696,Course 3696,100,0,0,\N,\N,\N,\N
3697,Course 3697,100,0,0,\N,\N,\N,\N
3698,Course 3698,100,0,0,\N,\N,\N,\N
3699,Course 3699,100,0,0,\N,\N,\N,\N
3700,Course 3700,100,0,0,\N,\N,\N,\N
3701,Course 3701,100,0,0,\N,\N,\N,\N
3702,Course 3702,100,0,0,\N,\N,\N,\N
3703,Course 3703,100,0,0,\N,\N,\N,\N
3704,Course 3704,100,0,0,\N,\N,\N,\N
3705,Course 3705,100,0,0,\N,\N,\N,\N
3706,Course 3706,100,0,0,\N,\N,\N,\N
3707,Course 3707,100,0,0,\N,\N,\N,\N
3708,Course 3708,100,0,0,\N,\N,\N,\N
3709,Course 3709,100,0,0,\N,\N,\N,\N
3710,Course 3710,100,0,0,\N,\N,\N,\N
3711,Course 3711,100,0,0,\N,\N,\N,\N
3712,Course 3712,100,0,0,\N,\N,\N,\N
3713,Course 3713,100,0,0,\N,\N,\N,\N
3714,Course 3714,100,0,0,\N,\N,\N,\N
3715,Course 3715,100,0,0,\N,\N,\N,\N
3716,Course 3716,100,0,0,\N,\N,\N,\N
3717,Course 3717,100,0,0,\N,\N,\N,\N
3718,Course 3718,100,0,0,\N,\N,\N,\N
3719,Course 3719,100,0,0,\N,\N,\N,\N
3720,Course 3720,100,0,0,\N,\N,\N,\N
3721,Course 3721,100,0,0,\N,\N,\N,\N
3722,Course 3722,100,0,0,\N,\N,\N,\N
3723,Course 3723,100,0,0,\N,\N,\N,\N
3724,Course 3724,100,0,0,\N,\N,\N,\N
3725,Course 3725,100,0,0,\N,\N,\N,\N
3726,Course 3726,100,0,0,\N,\N,\N,\N
3727,Course 3727,100,0,0,\N,\N,\N,\N
3728,Course 3728,100,0,0,\N,\N,\N,\N
3729,Course 3729,100,0,0,\N,\N,\N,\N
3730,Course 3730,100,0,0,\N,\N,\N,\N
3731,Course 3731,100,0,0,\N,\N,\N,\N
3732,Course 3732,100,0,0,\N,\N,\N,\N
3733,Course 3733,100,0,0,\N,\N,\N,\N
3734,Course 3734,100,0,0,\N,\N,\N,\N
3735,Course 3735,100,0,0,\N,\N,\N,\N
3736,Course 3736,100,0,0,\N,\N,\N,\N
3737,Course 3737,100,0,0,\N,\N,\N,\N
3738,Course 3738,100,0,0,\N,\N,\N,\N
3739,Course 3739,100,0,0,\N,\N,\N,\N
3740,Course 3740,100,0,0,\N,\N,\N,\N
3741,Course 3741,100,0,0,\N,\N,\N,\N
3742,Course 3742,100,0,0,\N,\N,\N,\N
3743,Course 3743,100,0,0,\N,\N,\N,\N
3744,Course 3744,100,0,0,\N,\N,\N,\N
3745,Course 3745,100,0,0,\N,\N,\N,\N
3746,Course 3746,100,0,0,\N,\N,\N,\N
3747,Course 3747,100,0,0,\N,\N,\N,\N
3748,Course 3748,100,0,0,\N,\N,\N,\N
3749,Course 3749,100,0,0,\N,\N,\N,\N
3750,Course 3750,100,0,0,\N,\N,\N,\N
3751,Course 3751,100,0,0,\N,\N,\N,\N
3752,Course 3752,100,0,0,\N,\N,\N,\N
3753,Course 3753,100,0,0,\N,\N,\N,\N
3754,Course 3754,100,0,0,\N,\N,\N,\N
3755,Course 3755,100,0,0,\N,\N,\N,\N
3756,Course 3756,100,0,0,\N,\N,\N,\N
3757,Course 3757,100,0,0,\N,\N,\N,\N
3758,Course 3758,100,0,0,\N,\N,\N,\N
3759,Course 3759,100,0,0,\N,\N,\N,\N
3760,Course 3760,100,0,0,\N,\N,\N,\N
3761,Course 3761,100,0,0,\N,\N,\N,\N
3762,Course 3762,100,0,0,\N,\N,\N,\N
3763,Course 3763,100,0,0,\N,\N,\N,\N
3764,Course 3764,100,0,0,\N,\N,\N,\N
3765,Course 3765,100,0,0,\N,\N,\N,\N
3766,Course 3766,100,0,0,\N,\N,\N,\N
3767,Course 3767,100,0,0,\N,\N,\N,\N
3768,Course 3768,100,0,0,\N,\N,\N,\N
3769,Course 3769,100,0,0,\N,\N,\N,\N
3770,Course 3770,100,0,0,\N,\N,\N,\N
3771,Course 3771,100,0,0,\N,\N,\N,\N
3772,Course 3772,100,0,0,\N,\N,\N,\N
3773,Course 3773,100,0,0,\N,\N,\N,\N
3774,Course 3774,100,0,0,\N,\N,\N,\N
3775,Course 3775,100,0,0,\N,\N,\N,\N
3776,Course 3776,100,0,0,\N,\N,\N,\N
3777,Course 3777,100,0,0,\N,\N,\N,\N
3778,Course 3778,100,0,0,\N,\N,\N,\N
3779,Course 3779,100,0,0,\N,\N,\N,\N
3780,Course 3780,100,0,0,\N,\N,\N,\N
3781,Course 3781,100,0,0,\N,\N,\N,\N
3782,Course 3782,100,0,0,\N,\N,\N,\N
3783,Course 3783,100,0,0,\N,\N,\N,\N
3784,Course 3784,100,0,0,\N,\N,\N,\N
3785,Course 3785,100,0,0,\N,\N,\N,\N
3786,Course 3786,100,0,0,\N,\N,\N,\N
3787,Course 3787,100,0,0,\N,\N,\N,\N
3788,Course 3788,100,0,0,\N,\N,\N,\N
3789,Course 3789,100,0,0,\N,\N,\N,\N
3790,Course 3790,100,0,0,\N,\N,\N,\N
3791,Course 3791,100,0,0,\N,\N,\N,\N
3792,Course 3792,100,0,0,\N,\N,\N,\N
3793,Course 3793,100,0,0,\N,\N,\N,\N
3794,Course 3794,100,0,0,\N,\N,\N,\N
3795,Course 3795,100,0,0,\N,\N,\N,\N
3796,Course 3796,100,0,0,\N,\N,\N,\N
3797,Course 3797,100,0,0,\N,\N,\N,\N
3798,Course 3798,100,0,0,\N,\N,\N,\N
3799,Course 3799,100,0,0,\N,\N,\N,\N
3800,Course 3800,100,0,0,\N,\N,\N,\N
3801,Course 3801,100,0,0,\N,\N,\N,\N
3802,Course 3802,100,0,0,\N,\N,\N,\N
3803,Course 3803,100,0,0,\N,\N,\N,\N
3804,Course 3804,100,0,0,\N,\N,\N,\N
3805,Course 3805,100,0,0,\N,\N,\N,\N
3806,Course 3806,100,0,0,\N,\N,\N,\N
3807,Course 3807,100,0,0,\N,\N,\N,\N
3808,Course 3808,100,0,0,\N,\N,\N,\N
3809,Course 3809,100,0,0,\N,\N,\N,\N
3810,Course 3810,100,0,0,\N,\N,\N,\N
3811,Course 3811,100,0,0,\N,\N,\N,\N
3812,Course 3812,100,0,0,\N,\N,\N,\N
3813,Course 3813,100,0,0,\N,\N,\N,\N
3814,Course 3814,100,0,0,\N,\N,\N,\N
3815,Course 3815,100,0,0,\N,\N,\N,\N
3816,Course 3816,100,0,0,\N,\N,\N,\N
3817,Course 3817,100,0,0,\N,\N,\N,\N
3818,Course 3818,100,0,0,\N,\N,\N,\N
3819,Course 3819,100,0,0,\N,\N,\N,\N
3820,Course 3820,100,0,0,\N,\N,\N,\N
3821,Course 3821,100,0,0,\N,\N,\N,\N
3822,Course 3822,100,0,0,\N,\N,\N,\N
3823,Course 3823,100,0,0,\N,\N,\N,\N
3824,Course 3824,100,0,0,\N,\N,\N,\N
3825,Course 3825,100,0,0,\N,\N,\N,\N
3826,Course 3826,100,0,0,\N,\N,\N,\N
3827,Course 3827,100,0,0,\N,\N,\N,\N
3828,Course 3828,100,0,0,\N,\N,\N,\N
3829,Course 3829,100,0,0,\N,\N,\N,\N
3830,Course 3830,100,0,0,\N,\N,\N,\N
3831,Course 3831,100,0,0,\N,\N,\N,\N
3832,Course 3832,100,0,0,\N,\N,\N,\N
3833,Course 3833,100,0,0,\N,\N,\N,\N
3834,Course 3834,100,0,0,\N,\N,\N,\N
3835,Course 3835,100,0,0,\N,\N,\N,\N
3836,Course 3836,100,0,0,\N,\N,\N,\N
3837,Course 3837,100,0,0,\N,\N,\N,\N
3838,Course 3838,100,0,0,\N,\N,\N,\N
3839,Course 3839,100,0,0,\N,\N,\N,\N
3840,Course 3840,100,0,0,\N,\N,\N,\N
3841,Course 3841,100,0,0,\N,\N,\N,\N
3842,Course 3842,100,0,0,\N,\N,\N,\N
3843,Course 3843,100,0,0,\N,\N,\N,\N
3844,Course 3844,100,0,0,\N,\N,\N,\N
3845,Course 3845,100,0,0,\N,\N,\N,\N
3846,Course 3846,100,0,0,\N,\N,\N,\N
3847,Course 3847,100,0,0,\N,\N,\N,\N
3848,Course 3848,100,0,0,\N,\N,\N,\N
3849,Course 3849,100,0,0,\N,\N,\N,\N
3850,Course 3850,100,0,0,\N,\N,\N,\N
3851,Course 3851,100,0,0,\N,\N,\N,\N
3852,Course 3852,100,0,0,\N,\N,\N,\N
3853,Course 3853,100,0,0,\N,\N,\N,\N
3854,Course 3854,100,0,0,\N,\N,\N,\N
3855,Course 3855,100,0,0,\N,\N,\N,\N
3856,Course 3856,100,0,0,\N,\N,\N,\N
3857,Course 3857,100,0,0,\N,\N,\N,\N
3858,Course 3858,100,0,0,\N,\N,\N,\N
3859,Course 3859,100,0,0,\N,\N,\N,\N
3860,Course 3860,100,0,0,\N,\N,\N,\N
3861,Course 3861,100,0,0,\N,\N,\N,\N
3862,Course 3862,100,0,0,\N,\N,\N,\N
3863,Course 3863,100,0,0,\N,\N,\N,\N
3864,Course 3864,100,0,0,\N,\N,\N,\N
3865,Course 3865,100,0,0,\N,\N,\N,\N
3866,Course 3866,100,0,0,\N,\N,\N,\N
3867,Course 3867,100,0,0,\N,\N,\N,\N
3868,Course 3868,100,0,0,\N,\N,\N,\N
3869,Course 3869,100,0,0,\N,\N,\N,\N
3870,Course 3870,100,0,0,\N,\N,\N,\N
3871,Course 3871,100,0,0,\N,\N,\N,\N
3872,Course 3872,100,0,0,\N,\N,\N,\N
3873,Course 3873,100,0,0,\N,\N,\N,\N
3874,Course 3874,100,0,0,\N,\N,\N,\N
3875,Course 3875,100,0,0,\N,\N,\N,\N
3876,Course 3876,100,0,0,\N,\N,\N,\N
3877,Course 3877,100,0,0,\N,\N,\N,\N
3878,Course 3878,100,0,0,\N,\N,\N,\N
3879,Course 3879,100,0,0,\N,\N,\N,\N
3880,Course 3880,100,0,0,\N,\N,\N,\N
3881,Course 3881,100,0,0,\N,\N,\N,\N
3882,Course 3882,100,0,0,\N,\N,\N,\N
3883,Course 3883,100,0,0,\N,\N,\N,\N
3884,Course 3884,100,0,0,\N,\N,\N,\N
3885,Course 3885,100,0,0,\N,\N,\N,\N
3886,Course 3886,100,0,0,\N,\N,\N,\N
3887,Course 3887,100,0,0,\N,\N,\N,\N
3888,Course 3888,100,0,0,\N,\N,\N,\N
3889,Course 3889,100,0,0,\N,\N,\N,\N
3890,Course 3890,100,0,0,\N,\N,\N,\N
3891,Course 3891,100,0,0,\N,\N,\N,\N
3892,Course 3892,100,0,0,\N,\N,\N,\N
3893,Course 3893,100,0,0,\N,\N,\N,\N
3894,Course 3894,100,0,0,\N,\N,\N,\N
3895,Course 3895,100,0,0,\N,\N,\N,\N
3896,Course 3896,100,0,0,\N,\N,\N,\N
3897,Course 3897,100,0,0,\N,\N,\N,\N
3898,Course 3898,100,0,0,\N,\N,\N,\N
3899,Course 3899,100,0,0,\N,\N,\N,\N
3900,Course 3900,100,0,0,\N,\N,\N,\N
3901,Course 3901,100,0,0,\N,\N,\N,\N
3902,Course 3902,100,0,0,\N,\N,\N,\N
3903,Course 3903,100,0,0,\N,\N,\N,\N
3904,Course 3904,100,0,0,\N,\N,\N,\N
3905,Course 3905,100,0,0,\N,\N,\N,\N
3906,Course 3906,100,0,0,\N,\N,\N,\N
3907,Course 3907,100,0,0,\N,\N,\N,\N
3908,Course 3908,100,0,0,\N,\N,\N,\N
3909,Course 3909,100,0,0,\N,\N,\N,\N
3910,Course 3910,100,0,0,\N,\N,\N,\N
3911,Course 3911,100,0,0,\N,\N,\N,\N
3912,Course 3912,100,0,0,\N,\N,\N,\N
3913,Course 3913,100,0,0,\N,\N,\N,\N
3914,Course 3914,100,0,0,\N,\N,\N,\N
3915,Course 3915,100,0,0,\N,\N,\N,\N
3916,Course 3916,100,0,0,\N,\N,\N,\N
3917,Course 3917,100,0,0,\N,\N,\N,\N
3918,Course 3918,100,0,0,\N,\N,\N,\N
3919,Course 3919,100,0,0,\N,\N,\N,\N
3920,Course 3920,100,0,0,\N,\N,\N,\N
3921,Course 3921,100,0,0,\N,\N,\N,\N
3922,Course 3922,100,0,0,\N,\N,\N,\N
3923,Course 3923,100,0,0,\N,\N,\N,\N
3924,Course 3924,100,0,0,\N,\N,\N,\N
3925,Course 3925,100,0,0,\N,\N,\N,\N
3926,Course 3926,100,0,0,\N,\N,\N,\N
3927,Course 3927,100,0,0,\N,\N,\N,\N
3928,Course 3928,100,0,0,\N,\N,\N,\N
3929,Course 3929,100,0,0,\N,\N,\N,\N
3930,Course 3930,100,0,0,\N,\N,\N,\N
3931,Course 3931,100,0,0,\N,\N,\N,\N
3932,Course 3932,100,0,0,\N,\N,\N,\N
3933,Course 3933,100,0,0,\N,\N,\N,\N
3934,Course 3934,100,0,0,\N,\N,\N,\N
3935,Course 3935,100,0,0,\N,\N,\N,\N
3936,Course 3936,100,0,0,\N,\N,\N,\N
3937,Course 3937,100,0,0,\N,\N,\N,\N
3938,Course 3938,100,0,0,\N,\N,\N,\N
3939,Course 3939,100,0,0,\N,\N,\N,\N
3940,Course 3940,100,0,0,\N,\N,\N,\N
3941,Course 3941,100,0,0,\N,\N,\N,\N
3942,Course 3942,100,0,0,\N,\N,\N,\N
3943,Course 3943,100,0,0,\N,\N,\N,\N
3944,Course 3944,100,0,0,\N,\N,\N,\N
3945,Course 3945,100,0,0,\N,\N,\N,\N
3946,Course 3946,100,0,0,\N,\N,\N,\N
3947,Course 3947,100,0,0,\N,\N,\N,\N
3948,Course 3948,100,0,0,\N,\N,\N,\N
3949,Course 3949,100,0,0,\N,\N,\N,\N
3950,Course 3950,100,0,0,\N,\N,\N,\N
3951,Course 3951,100,0,0,\N,\N,\N,\N
3952,Course 3952,100,0,0,\N,\N,\N,\N
3953,Course 3953,100,0,0,\N,\N,\N,\N
3954,Course 3954,100,0,0,\N,\N,\N,\N
3955,Course 3955,100,0,0,\N,\N,\N,\N
3956,Course 3956,100,0,0,\N,\N,\N,\N
3957,Course 3957,100,0,0,\N,\N,\N,\N
3958,Course 3958,100,0,0,\N,\N,\N,\N
3959,Course 3959,100,0,0,\N,\N,\N,\N
3960,Course 3960,100,0,0,\N,\N,\N,\N
3961,Course 3961,100,0,0,\N,\N,\N,\N
3962,Course 3962,100,0,0,\N,\N,\N,\N
3963,Course 3963,100,0,0,\N,\N,\N,\N
3964,Course 3964,100,0,0,\N,\N,\N,\N
3965,Course 3965,100,0,0,\N,\N,\N,\N
3966,Course 3966,100,0,0,\N,\N,\N,\N
3967,Course 3967,100,0,0,\N,\N,\N,\N
3968,Course 3968,100,0,0,\N,\N,\N,\N
3969,Course 3969,100,0,0,\N,\N,\N,\N
3970,Course 3970,100,0,0,\N,\N,\N,\N
3971,Course 3971,100,0,0,\N,\N,\N,\N
3972,Course 3972,100,0,0,\N,\N,\N,\N
3973,Course 3973,100,0,0,\N,\N,\N,\N
3974,Course 3974,100,0,0,\N,\N,\N,\N
3975,Course 3975,100,0,0,\N,\N,\N,\N
3976,Course 3976,100,0,0,\N,\N,\N,\N
3977,Course 3977,100,0,0,\N,\N,\N,\N
3978,Course 3978,100,0,0,\N,\N,\N,\N
3979,Course 3979,100,0,0,\N,\N,\N,\N
3980,Course 3980,100,0,0,\N,\N,\N,\N
3981,Course 3981,100,0,0,\N,\N,\N,\N
3982,Course 3982,100,0,0,\N,\N,\N,\N
3983,Course 3983,100,0,0,\N,\N,\N,\N
3984,Course 3984,100,0,0,\N,\N,\N,\N
3985,Course 3985,100,0,0,\N,\N,\N,\N
3986,Course 3986,100,0,0,\N,\N,\N,\N
3987,Course 3987,100,0,0,\N,\N,\N,\N
3988,Course 3988,100,0,0,\N,\N,\N,\N
3989,Course 3989,100,0,0,\N,\N,\N,\N
3990,Course 3990,100,0,0,\N,\N,\N,\N
3991,Course 3991,100,0,0,\N,\N,\N,\N
3992,Course 3992,100,0,0,\N,\N,\N,\N
3993,Course 3993,100,0,0,\N,\N,\N,\N
3994,Course 3994,100,0,0,\N,\N,\N,\N
3995,Course 3995,100,0,0,\N,\N,\N,\N
3996,Course 3996,100,0,0,\N,\N,\N,\N
3997,Course 3997,100,0,0,\N,\N,\N,\N
3998,Course 3998,100,0,0,\N,\N,\N,\N
3999,Course 3999,100,0,0,\N,\N,\N,\N
4000,Course 4000,100,0,0,\N,\N,\N,\N
