id,course_id,day_of_week,start_time,end_time,location,created_by,created_date,last_modified_by,last_modified_date
1,1,TUESDAY,10:30:00,12:00:00,R001,\N,\N,\N,\N
2,2,WEDNESDAY,09:30:00,11:00:00,R002,\N,\N,\N,\N
3,3,THURSDAY,11:30:00,13:00:00,R003,\N,\N,\N,\N
4,4,FRIDAY,10:30:00,12:00:00,R004,\N,\N,\N,\N
5,5,MONDAY,10:00:00,11:30:00,R005,\N,\N,\N,\N
6,6,TUESDAY,11:00:00,12:30:00,R006,\N,\N,\N,\N
7,7,WEDNESDAY,10:00:00,11:30:00,R007,\N,\N,\N,\N
8,8,THURSDAY,14:00:00,15:30:00,R008,\N,\N,\N,\N
9,9,FRIDAY,11:30:00,13:00:00,R009,\N,\N,\N,\N
10,10,MONDAY,15:30:00,17:00:00,R010,\N,\N,\N,\N
11,11,TUESDAY,14:30:00,16:00:00,R011,\N,\N,\N,\N
12,12,WEDNESDAY,10:00:00,11:30:00,R012,\N,\N,\N,\N
13,13,THURSDAY,09:30:00,11:00:00,R013,\N,\N,\N,\N
14,14,FRIDAY,11:30:00,13:00:00,R014,\N,\N,\N,\N
15,15,MONDAY,11:30:00,13:00:00,R015,\N,\N,\N,\N
16,16,TUESDAY,10:00:00,11:30:00,R016,\N,\N,\N,\N
17,17,WEDNESDAY,13:00:00,14:30:00,R017,\N,\N,\N,\N
18,18,THURSDAY,09:30:00,11:00:00,R018,\N,\N,\N,\N
19,19,FRIDAY,14:30:00,16:00:00,R019,\N,\N,\N,\N
20,20,MONDAY,11:00:00,12:30:00,R020,\N,\N,\N,\N
21,21,TUESDAY,14:00:00,15:30:00,R021,\N,\N,\N,\N
22,22,WEDNESDAY,14:00:00,15:30:00,R022,\N,\N,\N,\N
23,23,THURSDAY,10:00:00,11:30:00,R023,\N,\N,\N,\N
24,24,FRIDAY,13:00:00,14:30:00,R024,\N,\N,\N,\N
25,25,MONDAY,15:30:00,17:00:00,R025,\N,\N,\N,\N
26,26,TUESDAY,11:30:00,13:00:00,R026,\N,\N,\N,\N
27,27,WEDNESDAY,09:00:00,10:30:00,R027,\N,\N,\N,\N
28,28,THURSDAY,10:00:00,11:30:00,R028,\N,\N,\N,\N
29,29,FRIDAY,14:30:00,16:00:00,R029,\N,\N,\N,\N
30,30,MONDAY,13:30:00,15:00:00,R030,\N,\N,\N,\N
31,31,TUESDAY,11:30:00,13:00:00,R031,\N,\N,\N,\N
32,32,WEDNESDAY,11:30:00,13:00:00,R032,\N,\N,\N,\N
33,33,THURSDAY,11:30:00,13:00:00,R033,\N,\N,\N,\N
34,34,FRIDAY,13:30:00,15:00:00,R034,\N,\N,\N,\N
35,35,MONDAY,10:00:00,11:30:00,R035,\N,\N,\N,\N
36,36,TUESDAY,11:30:00,13:00:00,R036,\N,\N,\N,\N
37,37,WEDNESDAY,13:00:00,14:30:00,R037,\N,\N,\N,\N
38,38,THURSDAY,10:00:00,11:30:00,R038,\N,\N,\N,\N
39,39,FRIDAY,14:00:00,15:30:00,R039,\N,\N,\N,\N
40,40,MONDAY,14:00:00,15:30:00,R040,\N,\N,\N,\N
41,41,TUESDAY,11:00:00,12:30:00,R041,\N,\N,\N,\N
42,42,WEDNESDAY,10:00:00,11:30:00,R042,\N,\N,\N,\N
43,43,THURSDAY,13:30:00,15:00:00,R043,\N,\N,\N,\N
44,44,FRIDAY,14:00:00,15:30:00,R044,\N,\N,\N,\N
45,45,MONDAY,10:30:00,12:00:00,R045,\N,\N,\N,\N
46,46,TUESDAY,13:00:00,14:30:00,R046,\N,\N,\N,\N
47,47,WEDNESDAY,11:30:00,13:00:00,R047,\N,\N,\N,\N
48,48,THURSDAY,14:30:00,16:00:00,R048,\N,\N,\N,\N
49,49,FRIDAY,12:00:00,13:30:00,R049,\N,\N,\N,\N
50,50,MONDAY,14:30:00,16:00:00,R050,\N,\N,\N,\N
51,51,TUESDAY,15:00:00,16:30:00,R051,\N,\N,\N,\N
52,52,WEDNESDAY,11:00:00,12:30:00,R052,\N,\N,\N,\N
53,53,THURSDAY,11:00:00,12:30:00,R053,\N,\N,\N,\N
54,54,FRIDAY,10:00:00,11:30:00,R054,\N,\N,\N,\N
55,55,MONDAY,10:00:00,11:30:00,R055,\N,\N,\N,\N
56,56,TUESDAY,12:00:00,13:30:00,R056,\N,\N,\N,\N
57,57,WEDNESDAY,11:30:00,13:00:00,R057,\N,\N,\N,\N
58,58,THURSDAY,10:00:00,11:30:00,R058,\N,\N,\N,\N
59,59,FRIDAY,10:00:00,11:30:00,R059,\N,\N,\N,\N
60,60,MONDAY,13:00:00,14:30:00,R060,\N,\N,\N,\N
61,61,TUESDAY,11:30:00,13:00:00,R061,\N,\N,\N,\N
62,62,WEDNESDAY,13:30:00,15:00:00,R062,\N,\N,\N,\N
63,63,THURSDAY,14:30:00,16:00:00,R063,\N,\N,\N,\N
64,64,FRIDAY,10:00:00,11:30:00,R064,\N,\N,\N,\N
65,65,MONDAY,14:30:00,16:00:00,R065,\N,\N,\N,\N
66,66,TUESDAY,14:00:00,15:30:00,R066,\N,\N,\N,\N
67,67,WEDNESDAY,11:30:00,13:00:00,R067,\N,\N,\N,\N
68,68,THURSDAY,11:30:00,13:00:00,R068,\N,\N,\N,\N
69,69,FRIDAY,11:00:00,12:30:00,R069,\N,\N,\N,\N
70,70,MONDAY,10:00:00,11:30:00,R070,\N,\N,\N,\N
71,71,TUESDAY,14:00:00,15:30:00,R071,\N,\N,\N,\N
72,72,WEDNESDAY,10:30:00,12:00:00,R072,\N,\N,\N,\N
73,73,THURSDAY,10:00:00,11:30:00,R073,\N,\N,\N,\N
74,74,FRIDAY,13:30:00,15:00:00,R074,\N,\N,\N,\N
75,75,MONDAY,13:00:00,14:30:00,R075,\N,\N,\N,\N
76,76,TUESDAY,11:30:00,13:00:00,R076,\N,\N,\N,\N
77,77,WEDNESDAY,14:30:00,16:00:00,R077,\N,\N,\N,\N
78,78,THURSDAY,10:00:00,11:30:00,R078,\N,\N,\N,\N
79,79,FRIDAY,13:00:00,14:30:00,R079,\N,\N,\N,\N
80,80,MONDAY,10:30:00,12:00:00,R080,\N,\N,\N,\N
81,81,TUESDAY,10:00:00,11:30:00,R081,\N,\N,\N,\N
82,82,WEDNESDAY,10:00:00,11:30:00,R082,\N,\N,\N,\N
83,83,THURSDAY,13:00:00,14:30:00,R083,\N,\N,\N,\N
84,84,FRIDAY,13:30:00,15:00:00,R084,\N,\N,\N,\N
85,85,MONDAY,11:30:00,13:00:00,R085,\N,\N,\N,\N
86,86,TUESDAY,11:00:00,12:30:00,R086,\N,\N,\N,\N
87,87,WEDNESDAY,11:30:00,13:00:00,R087,\N,\N,\N,\N
88,88,THURSDAY,15:00:00,16:30:00,R088,\N,\N,\N,\N
89,89,FRIDAY,13:00:00,14:30:00,R089,\N,\N,\N,\N
90,90,MONDAY,11:30:00,13:00:00,R090,\N,\N,\N,\N
91,91,TUESDAY,14:30:00,16:00:00,R091,\N,\N,\N,\N
92,92,WEDNESDAY,13:30:00,15:00:00,R092,\N,\N,\N,\N
93,93,THURSDAY,13:30:00,15:00:00,R093,\N,\N,\N,\N
94,94,FRIDAY,11:30:00,13:00:00,R094,\N,\N,\N,\N
95,95,MONDAY,11:00:00,12:30:00,R095,\N,\N,\N,\N
96,96,TUESDAY,11:00:00,12:30:00,R096,\N,\N,\N,\N
97,97,WEDNESDAY,10:30:00,12:00:00,R097,\N,\N,\N,\N
98,98,THURSDAY,14:30:00,16:00:00,R098,\N,\N,\N,\N
99,99,FRIDAY,14:00:00,15:30:00,R099,\N,\N,\N,\N
100,100,MONDAY,11:00:00,12:30:00,R100,\N,\N,\N,\N
101,101,TUESDAY,15:30:00,17:00:00,R101,\N,\N,\N,\N
102,102,WEDNESDAY,14:30:00,16:00:00,R102,\N,\N,\N,\N
103,103,THURSDAY,15:30:00,17:00:00,R103,\N,\N,\N,\N
104,104,FRIDAY,13:30:00,15:00:00,R104,\N,\N,\N,\N
105,105,MONDAY,14:30:00,16:00:00,R105,\N,\N,\N,\N
106,106,TUESDAY,10:00:00,11:30:00,R106,\N,\N,\N,\N
107,107,WEDNESDAY,11:00:00,12:30:00,R107,\N,\N,\N,\N
108,108,THURSDAY,13:00:00,14:30:00,R108,\N,\N,\N,\N
109,109,FRIDAY,14:30:00,16:00:00,R109,\N,\N,\N,\N
110,110,MONDAY,11:30:00,13:00:00,R110,\N,\N,\N,\N
111,111,TUESDAY,10:30:00,12:00:00,R111,\N,\N,\N,\N
112,112,WEDNESDAY,10:30:00,12:00:00,R112,\N,\N,\N,\N
113,113,THURSDAY,11:30:00,13:00:00,R113,\N,\N,\N,\N
114,114,FRIDAY,10:00:00,11:30:00,R114,\N,\N,\N,\N
115,115,MONDAY,14:30:00,16:00:00,R115,\N,\N,\N,\N
116,116,TUESDAY,11:00:00,12:30:00,R116,\N,\N,\N,\N
117,117,WEDNESDAY,13:00:00,14:30:00,R117,\N,\N,\N,\N
118,118,THURSDAY,13:00:00,14:30:00,R118,\N,\N,\N,\N
119,119,FRIDAY,13:30:00,15:00:00,R119,\N,\N,\N,\N
120,120,MONDAY,13:30:00,15:00:00,R120,\N,\N,\N,\N
121,121,TUESDAY,11:00:00,12:30:00,R121,\N,\N,\N,\N
122,122,WEDNESDAY,14:30:00,16:00:00,R122,\N,\N,\N,\N
123,123,THURSDAY,09:00:00,10:30:00,R123,\N,\N,\N,\N
124,124,FRIDAY,10:30:00,12:00:00,R124,\N,\N,\N,\N
125,125,MONDAY,14:00:00,15:30:00,R125,\N,\N,\N,\N
126,126,TUESDAY,11:30:00,13:00:00,R126,\N,\N,\N,\N
127,127,WEDNESDAY,13:30:00,15:00:00,R127,\N,\N,\N,\N
128,128,THURSDAY,10:30:00,12:00:00,R128,\N,\N,\N,\N
129,129,FRIDAY,12:00:00,13:30:00,R129,\N,\N,\N,\N
130,130,MONDAY,14:30:00,16:00:00,R130,\N,\N,\N,\N
131,131,TUESDAY,10:00:00,11:30:00,R131,\N,\N,\N,\N
132,132,WEDNESDAY,13:30:00,15:00:00,R132,\N,\N,\N,\N
133,133,THURSDAY,09:00:00,10:30:00,R133,\N,\N,\N,\N
134,134,FRIDAY,11:00:00,12:30:00,R134,\N,\N,\N,\N
135,135,MONDAY,13:00:00,14:30:00,R135,\N,\N,\N,\N
136,136,TUESDAY,10:30:00,12:00:00,R136,\N,\N,\N,\N
137,137,WEDNESDAY,13:00:00,14:30:00,R137,\N,\N,\N,\N
138,138,THURSDAY,10:00:00,11:30:00,R138,\N,\N,\N,\N
139,139,FRIDAY,12:30:00,14:00:00,R139,\N,\N,\N,\N
140,140,MONDAY,13:00:00,14:30:00,R140,\N,\N,\N,\N
141,141,TUESDAY,11:00:00,12:30:00,R141,\N,\N,\N,\N
142,142,WEDNESDAY,11:30:00,13:00:00,R142,\N,\N,\N,\N
143,143,THURSDAY,14:30:00,16:00:00,R143,\N,\N,\N,\N
144,144,FRIDAY,10:00:00,11:30:00,R144,\N,\N,\N,\N
145,145,MONDAY,14:00:00,15:30:00,R145,\N,\N,\N,\N
146,146,TUESDAY,13:30:00,15:00:00,R146,\N,\N,\N,\N
147,147,WEDNESDAY,09:00:00,10:30:00,R147,\N,\N,\N,\N
148,148,THURSDAY,13:00:00,14:30:00,R148,\N,\N,\N,\N
149,149,FRIDAY,14:30:00,16:00:00,R149,\N,\N,\N,\N
150,150,MONDAY,09:30:00,11:00:00,R150,\N,\N,\N,\N
151,151,TUESDAY,10:30:00,12:00:00,R151,\N,\N,\N,\N
152,152,WEDNESDAY,14:30:00,16:00:00,R152,\N,\N,\N,\N
153,153,THURSDAY,12:30:00,14:00:00,R153,\N,\N,\N,\N
154,154,FRIDAY,10:30:00,12:00:00,R154,\N,\N,\N,\N
155,155,MONDAY,10:30:00,12:00:00,R155,\N,\N,\N,\N
156,156,TUESDAY,10:30:00,12:00:00,R156,\N,\N,\N,\N
157,157,WEDNESDAY,15:00:00,16:30:00,R157,\N,\N,\N,\N
158,158,THURSDAY,11:30:00,13:00:00,R158,\N,\N,\N,\N
159,159,FRIDAY,11:30:00,13:00:00,R159,\N,\N,\N,\N
160,160,MONDAY,14:30:00,16:00:00,R160,\N,\N,\N,\N
161,161,TUESDAY,11:00:00,12:30:00,R161,\N,\N,\N,\N
162,162,WEDNESDAY,14:00:00,15:30:00,R162,\N,\N,\N,\N
163,163,THURSDAY,11:00:00,12:30:00,R163,\N,\N,\N,\N
164,164,FRIDAY,11:00:00,12:30:00,R164,\N,\N,\N,\N
165,165,MONDAY,14:00:00,15:30:00,R165,\N,\N,\N,\N
166,166,TUESDAY,14:30:00,16:00:00,R166,\N,\N,\N,\N
167,167,WEDNESDAY,10:00:00,11:30:00,R167,\N,\N,\N,\N
168,168,THURSDAY,11:00:00,12:30:00,R168,\N,\N,\N,\N
169,169,FRIDAY,13:30:00,15:00:00,R169,\N,\N,\N,\N
170,170,MONDAY,14:30:00,16:00:00,R170,\N,\N,\N,\N
171,171,TUESDAY,11:30:00,13:00:00,R171,\N,\N,\N,\N
172,172,WEDNESDAY,14:00:00,15:30:00,R172,\N,\N,\N,\N
173,173,THURSDAY,11:00:00,12:30:00,R173,\N,\N,\N,\N
174,174,FRIDAY,12:30:00,14:00:00,R174,\N,\N,\N,\N
175,175,MONDAY,13:30:00,15:00:00,R175,\N,\N,\N,\N
176,176,TUESDAY,14:30:00,16:00:00,R176,\N,\N,\N,\N
177,177,WEDNESDAY,13:00:00,14:30:00,R177,\N,\N,\N,\N
178,178,THURSDAY,13:30:00,15:00:00,R178,\N,\N,\N,\N
179,179,FRIDAY,13:00:00,14:30:00,R179,\N,\N,\N,\N
180,180,MONDAY,10:30:00,12:00:00,R180,\N,\N,\N,\N
181,181,TUESDAY,10:30:00,12:00:00,R181,\N,\N,\N,\N
182,182,WEDNESDAY,10:00:00,11:30:00,R182,\N,\N,\N,\N
183,183,THURSDAY,11:00:00,12:30:00,R183,\N,\N,\N,\N
184,184,FRIDAY,13:30:00,15:00:00,R184,\N,\N,\N,\N
185,185,MONDAY,09:30:00,11:00:00,R185,\N,\N,\N,\N
186,186,TUESDAY,15:30:00,17:00:00,R186,\N,\N,\N,\N
187,187,WEDNESDAY,14:30:00,16:00:00,R187,\N,\N,\N,\N
188,188,THURSDAY,10:00:00,11:30:00,R188,\N,\N,\N,\N
189,189,FRIDAY,15:30:00,17:00:00,R189,\N,\N,\N,\N
190,190,MONDAY,10:00:00,11:30:00,R190,\N,\N,\N,\N
191,191,TUESDAY,09:00:00,10:30:00,R191,\N,\N,\N,\N
192,192,WEDNESDAY,11:00:00,12:30:00,R192,\N,\N,\N,\N
193,193,THURSDAY,10:30:00,12:00:00,R193,\N,\N,\N,\N
194,194,FRIDAY,10:00:00,11:30:00,R194,\N,\N,\N,\N
195,195,MONDAY,11:00:00,12:30:00,R195,\N,\N,\N,\N
196,196,TUESDAY,10:00:00,11:30:00,R196,\N,\N,\N,\N
197,197,WEDNESDAY,13:30:00,15:00:00,R197,\N,\N,\N,\N
198,198,THURSDAY,11:00:00,12:30:00,R198,\N,\N,\N,\N
199,199,FRIDAY,13:00:00,14:30:00,R199,\N,\N,\N,\N
200,200,MONDAY,10:30:00,12:00:00,R200,\N,\N,\N,\N
201,201,TUESDAY,11:30:00,13:00:00,R001,\N,\N,\N,\N
202,202,WEDNESDAY,14:30:00,16:00:00,R002,\N,\N,\N,\N
203,203,THURSDAY,11:30:00,13:00:00,R003,\N,\N,\N,\N
204,204,FRIDAY,14:00:00,15:30:00,R004,\N,\N,\N,\N
205,205,MONDAY,11:00:00,12:30:00,R005,\N,\N,\N,\N
206,206,TUESDAY,15:00:00,16:30:00,R006,\N,\N,\N,\N
207,207,WEDNESDAY,15:00:00,16:30:00,R007,\N,\N,\N,\N
208,208,THURSDAY,14:00:00,15:30:00,R008,\N,\N,\N,\N
209,209,FRIDAY,10:30:00,12:00:00,R009,\N,\N,\N,\N
210,210,MONDAY,14:00:00,15:30:00,R010,\N,\N,\N,\N
211,211,TUESDAY,14:00:00,15:30:00,R011,\N,\N,\N,\N
212,212,WEDNESDAY,11:00:00,12:30:00,R012,\N,\N,\N,\N
213,213,THURSDAY,10:00:00,11:30:00,R013,\N,\N,\N,\N
214,214,FRIDAY,10:00:00,11:30:00,R014,\N,\N,\N,\N
215,215,MONDAY,14:30:00,16:00:00,R015,\N,\N,\N,\N
216,216,TUESDAY,14:00:00,15:30:00,R016,\N,\N,\N,\N
217,217,WEDNESDAY,14:30:00,16:00:00,R017,\N,\N,\N,\N
218,218,THURSDAY,14:00:00,15:30:00,R018,\N,\N,\N,\N
219,219,FRIDAY,13:30:00,15:00:00,R019,\N,\N,\N,\N
220,220,MONDAY,10:30:00,12:00:00,R020,\N,\N,\N,\N
221,221,TUESDAY,10:00:00,11:30:00,R021,\N,\N,\N,\N
222,222,WEDNESDAY,10:30:00,12:00:00,R022,\N,\N,\N,\N
223,223,THURSDAY,13:30:00,15:00:00,R023,\N,\N,\N,\N
224,224,FRIDAY,13:30:00,15:00:00,R024,\N,\N,\N,\N
225,225,MONDAY,10:00:00,11:30:00,R025,\N,\N,\N,\N
226,226,TUESDAY,10:30:00,12:00:00,R026,\N,\N,\N,\N
227,227,WEDNESDAY,11:00:00,12:30:00,R027,\N,\N,\N,\N
228,228,THURSDAY,11:00:00,12:30:00,R028,\N,\N,\N,\N
229,229,FRIDAY,14:00:00,15:30:00,R029,\N,\N,\N,\N
230,230,MONDAY,13:00:00,14:30:00,R030,\N,\N,\N,\N
231,231,TUESDAY,11:00:00,12:30:00,R031,\N,\N,\N,\N
232,232,WEDNESDAY,14:30:00,16:00:00,R032,\N,\N,\N,\N
233,233,THURSDAY,10:30:00,12:00:00,R033,\N,\N,\N,\N
234,234,FRIDAY,11:30:00,13:00:00,R034,\N,\N,\N,\N
235,235,MONDAY,13:30:00,15:00:00,R035,\N,\N,\N,\N
236,236,TUESDAY,10:30:00,12:00:00,R036,\N,\N,\N,\N
237,237,WEDNESDAY,11:00:00,12:30:00,R037,\N,\N,\N,\N
238,238,THURSDAY,13:00:00,14:30:00,R038,\N,\N,\N,\N
239,239,FRIDAY,14:30:00,16:00:00,R039,\N,\N,\N,\N
240,240,MONDAY,10:00:00,11:30:00,R040,\N,\N,\N,\N
241,241,TUESDAY,10:30:00,12:00:00,R041,\N,\N,\N,\N
242,242,WEDNESDAY,14:00:00,15:30:00,R042,\N,\N,\N,\N
243,243,THURSDAY,09:00:00,10:30:00,R043,\N,\N,\N,\N
244,244,FRIDAY,11:30:00,13:00:00,R044,\N,\N,\N,\N
245,245,MONDAY,10:30:00,12:00:00,R045,\N,\N,\N,\N
246,246,TUESDAY,10:00:00,11:30:00,R046,\N,\N,\N,\N
247,247,WEDNESDAY,14:00:00,15:30:00,R047,\N,\N,\N,\N
248,248,THURSDAY,14:30:00,16:00:00,R048,\N,\N,\N,\N
249,249,FRIDAY,14:00:00,15:30:00,R049,\N,\N,\N,\N
250,250,MONDAY,11:30:00,13:00:00,R050,\N,\N,\N,\N
251,251,TUESDAY,13:30:00,15:00:00,R051,\N,\N,\N,\N
252,252,WEDNESDAY,10:30:00,12:00:00,R052,\N,\N,\N,\N
253,253,THURSDAY,10:00:00,11:30:00,R053,\N,\N,\N,\N
254,254,FRIDAY,13:00:00,14:30:00,R054,\N,\N,\N,\N
255,255,MONDAY,09:00:00,10:30:00,R055,\N,\N,\N,\N
256,256,TUESDAY,13:00:00,14:30:00,R056,\N,\N,\N,\N
257,257,WEDNESDAY,11:00:00,12:30:00,R057,\N,\N,\N,\N
258,258,THURSDAY,13:30:00,15:00:00,R058,\N,\N,\N,\N
259,259,FRIDAY,12:00:00,13:30:00,R059,\N,\N,\N,\N
260,260,MONDAY,14:30:00,16:00:00,R060,\N,\N,\N,\N
261,261,TUESDAY,14:30:00,16:00:00,R061,\N,\N,\N,\N
262,262,WEDNESDAY,14:30:00,16:00:00,R062,\N,\N,\N,\N
263,263,THURSDAY,11:30:00,13:00:00,R063,\N,\N,\N,\N
264,264,FRIDAY,11:00:00,12:30:00,R064,\N,\N,\N,\N
265,265,MONDAY,12:00:00,13:30:00,R065,\N,\N,\N,\N
266,266,TUESDAY,11:30:00,13:00:00,R066,\N,\N,\N,\N
267,267,WEDNESDAY,10:30:00,12:00:00,R067,\N,\N,\N,\N
268,268,THURSDAY,15:30:00,17:00:00,R068,\N,\N,\N,\N
269,269,FRIDAY,14:00:00,15:30:00,R069,\N,\N,\N,\N
270,270,MONDAY,10:30:00,12:00:00,R070,\N,\N,\N,\N
271,271,TUESDAY,13:00:00,14:30:00,R071,\N,\N,\N,\N
272,272,WEDNESDAY,10:30:00,12:00:00,R072,\N,\N,\N,\N
273,273,THURSDAY,10:30:00,12:00:00,R073,\N,\N,\N,\N
274,274,FRIDAY,15:30:00,17:00:00,R074,\N,\N,\N,\N
275,275,MONDAY,14:00:00,15:30:00,R075,\N,\N,\N,\N
276,276,TUESDAY,13:00:00,14:30:00,R076,\N,\N,\N,\N
277,277,WEDNESDAY,13:30:00,15:00:00,R077,\N,\N,\N,\N
278,278,THURSDAY,10:00:00,11:30:00,R078,\N,\N,\N,\N
279,279,FRIDAY,10:30:00,12:00:00,R079,\N,\N,\N,\N
280,280,MONDAY,13:00:00,14:30:00,R080,\N,\N,\N,\N
281,281,TUESDAY,11:30:00,13:00:00,R081,\N,\N,\N,\N
282,282,WEDNESDAY,10:30:00,12:00:00,R082,\N,\N,\N,\N
283,283,THURSDAY,11:00:00,12:30:00,R083,\N,\N,\N,\N
284,284,FRIDAY,11:00:00,12:30:00,R084,\N,\N,\N,\N
285,285,MONDAY,10:30:00,12:00:00,R085,\N,\N,\N,\N
286,286,TUESDAY,13:30:00,15:00:00,R086,\N,\N,\N,\N
287,287,WEDNESDAY,10:30:00,12:00:00,R087,\N,\N,\N,\N
288,288,THURSDAY,15:00:00,16:30:00,R088,\N,\N,\N,\N
289,289,FRIDAY,10:30:00,12:00:00,R089,\N,\N,\N,\N
290,290,MONDAY,15:30:00,17:00:00,R090,\N,\N,\N,\N
291,291,TUESDAY,10:00:00,11:30:00,R091,\N,\N,\N,\N
292,292,WEDNESDAY,11:30:00,13:00:00,R092,\N,\N,\N,\N
293,293,THURSDAY,14:00:00,15:30:00,R093,\N,\N,\N,\N
294,294,FRIDAY,15:30:00,17:00:00,R094,\N,\N,\N,\N
295,295,MONDAY,15:00:00,16:30:00,R095,\N,\N,\N,\N
296,296,TUESDAY,13:30:00,15:00:00,R096,\N,\N,\N,\N
297,297,WEDNESDAY,13:00:00,14:30:00,R097,\N,\N,\N,\N
298,298,THURSDAY,11:00:00,12:30:00,R098,\N,\N,\N,\N
299,299,FRIDAY,11:30:00,13:00:00,R099,\N,\N,\N,\N
300,300,MONDAY,13:00:00,14:30:00,R100,\N,\N,\N,\N
301,301,TUESDAY,10:30:00,12:00:00,R101,\N,\N,\N,\N
302,302,WEDNESDAY,11:00:00,12:30:00,R102,\N,\N,\N,\N
303,303,THURSDAY,13:30:00,15:00:00,R103,\N,\N,\N,\N
304,304,FRIDAY,11:00:00,12:30:00,R104,\N,\N,\N,\N
305,305,MONDAY,12:30:00,14:00:00,R105,\N,\N,\N,\N
306,306,TUESDAY,13:30:00,15:00:00,R106,\N,\N,\N,\N
307,307,WEDNESDAY,13:00:00,14:30:00,R107,\N,\N,\N,\N
308,308,THURSDAY,11:00:00,12:30:00,R108,\N,\N,\N,\N
309,309,FRIDAY,09:00:00,10:30:00,R109,\N,\N,\N,\N
310,310,MONDAY,13:30:00,15:00:00,R110,\N,\N,\N,\N
311,311,TUESDAY,15:00:00,16:30:00,R111,\N,\N,\N,\N
312,312,WEDNESDAY,10:00:00,11:30:00,R112,\N,\N,\N,\N
313,313,THURSDAY,11:00:00,12:30:00,R113,\N,\N,\N,\N
314,314,FRIDAY,14:00:00,15:30:00,R114,\N,\N,\N,\N
315,315,MONDAY,11:30:00,13:00:00,R115,\N,\N,\N,\N
316,316,TUESDAY,13:00:00,14:30:00,R116,\N,\N,\N,\N
317,317,WEDNESDAY,11:00:00,12:30:00,R117,\N,\N,\N,\N
318,318,THURSDAY,11:00:00,12:30:00,R118,\N,\N,\N,\N
319,319,FRIDAY,14:00:00,15:30:00,R119,\N,\N,\N,\N
320,320,MONDAY,11:00:00,12:30:00,R120,\N,\N,\N,\N
321,321,TUESDAY,10:30:00,12:00:00,R121,\N,\N,\N,\N
322,322,WEDNESDAY,14:30:00,16:00:00,R122,\N,\N,\N,\N
323,323,THURSDAY,12:00:00,13:30:00,R123,\N,\N,\N,\N
324,324,FRIDAY,10:00:00,11:30:00,R124,\N,\N,\N,\N
325,325,MONDAY,13:00:00,14:30:00,R125,\N,\N,\N,\N
326,326,TUESDAY,14:00:00,15:30:00,R126,\N,\N,\N,\N
327,327,WEDNESDAY,12:30:00,14:00:00,R127,\N,\N,\N,\N
328,328,THURSDAY,13:30:00,15:00:00,R128,\N,\N,\N,\N
329,329,FRIDAY,09:00:00,10:30:00,R129,\N,\N,\N,\N
330,330,MONDAY,14:30:00,16:00:00,R130,\N,\N,\N,\N
331,331,TUESDAY,12:30:00,14:00:00,R131,\N,\N,\N,\N
332,332,WEDNESDAY,10:00:00,11:30:00,R132,\N,\N,\N,\N
333,333,THURSDAY,11:00:00,12:30:00,R133,\N,\N,\N,\N
334,334,FRIDAY,11:00:00,12:30:00,R134,\N,\N,\N,\N
335,335,MONDAY,10:30:00,12:00:00,R135,\N,\N,\N,\N
336,336,TUESDAY,10:00:00,11:30:00,R136,\N,\N,\N,\N
337,337,WEDNESDAY,14:30:00,16:00:00,R137,\N,\N,\N,\N
338,338,THURSDAY,11:30:00,13:00:00,R138,\N,\N,\N,\N
339,339,FRIDAY,11:30:00,13:00:00,R139,\N,\N,\N,\N
340,340,MONDAY,12:00:00,13:30:00,R140,\N,\N,\N,\N
341,341,TUESDAY,11:30:00,13:00:00,R141,\N,\N,\N,\N
342,342,WEDNESDAY,13:30:00,15:00:00,R142,\N,\N,\N,\N
343,343,THURSDAY,11:30:00,13:00:00,R143,\N,\N,\N,\N
344,344,FRIDAY,11:00:00,12:30:00,R144,\N,\N,\N,\N
345,345,MONDAY,13:00:00,14:30:00,R145,\N,\N,\N,\N
346,346,TUESDAY,14:30:00,16:00:00,R146,\N,\N,\N,\N
347,347,WEDNESDAY,11:00:00,12:30:00,R147,\N,\N,\N,\N
348,348,THURSDAY,10:30:00,12:00:00,R148,\N,\N,\N,\N
349,349,FRIDAY,11:30:00,13:00:00,R149,\N,\N,\N,\N
350,350,MONDAY,14:30:00,16:00:00,R150,\N,\N,\N,\N
351,351,TUESDAY,11:30:00,13:00:00,R151,\N,\N,\N,\N
352,352,WEDNESDAY,10:00:00,11:30:00,R152,\N,\N,\N,\N
353,353,THURSDAY,09:00:00,10:30:00,R153,\N,\N,\N,\N
354,354,FRIDAY,13:30:00,15:00:00,R154,\N,\N,\N,\N
355,355,MONDAY,11:00:00,12:30:00,R155,\N,\N,\N,\N
356,356,TUESDAY,11:00:00,12:30:00,R156,\N,\N,\N,\N
357,357,WEDNESDAY,10:00:00,11:30:00,R157,\N,\N,\N,\N
358,358,THURSDAY,13:00:00,14:30:00,R158,\N,\N,\N,\N
359,359,FRIDAY,14:30:00,16:00:00,R159,\N,\N,\N,\N
360,360,MONDAY,14:30:00,16:00:00,R160,\N,\N,\N,\N
361,361,TUESDAY,14:30:00,16:00:00,R161,\N,\N,\N,\N
362,362,WEDNESDAY,09:00:00,10:30:00,R162,\N,\N,\N,\N
363,363,THURSDAY,10:30:00,12:00:00,R163,\N,\N,\N,\N
364,364,FRIDAY,11:00:00,12:30:00,R164,\N,\N,\N,\N
365,365,MONDAY,11:30:00,13:00:00,R165,\N,\N,\N,\N
366,366,TUESDAY,14:00:00,15:30:00,R166,\N,\N,\N,\N
367,367,WEDNESDAY,10:00:00,11:30:00,R167,\N,\N,\N,\N
368,368,THURSDAY,14:30:00,16:00:00,R168,\N,\N,\N,\N
369,369,FRIDAY,15:30:00,17:00:00,R169,\N,\N,\N,\N
370,370,MONDAY,14:30:00,16:00:00,R170,\N,\N,\N,\N
371,371,TUESDAY,11:30:00,13:00:00,R171,\N,\N,\N,\N
372,372,WEDNESDAY,14:30:00,16:00:00,R172,\N,\N,\N,\N
373,373,THURSDAY,11:00:00,12:30:00,R173,\N,\N,\N,\N
374,374,FRIDAY,10:00:00,11:30:00,R174,\N,\N,\N,\N
375,375,MONDAY,12:30:00,14:00:00,R175,\N,\N,\N,\N
376,376,TUESDAY,14:30:00,16:00:00,R176,\N,\N,\N,\N
377,377,WEDNESDAY,10:00:00,11:30:00,R177,\N,\N,\N,\N
378,378,THURSDAY,14:00:00,15:30:00,R178,\N,\N,\N,\N
379,379,FRIDAY,11:30:00,13:00:00,R179,\N,\N,\N,\N
380,380,MONDAY,10:30:00,12:00:00,R180,\N,\N,\N,\N
381,381,TUESDAY,10:00:00,11:30:00,R181,\N,\N,\N,\N
382,382,WEDNESDAY,14:00:00,15:30:00,R182,\N,\N,\N,\N
383,383,THURSDAY,14:30:00,16:00:00,R183,\N,\N,\N,\N
384,384,FRIDAY,14:00:00,15:30:00,R184,\N,\N,\N,\N
385,385,MONDAY,11:30:00,13:00:00,R185,\N,\N,\N,\N
386,386,TUESDAY,10:30:00,12:00:00,R186,\N,\N,\N,\N
387,387,WEDNESDAY,10:00:00,11:30:00,R187,\N,\N,\N,\N
388,388,THURSDAY,10:30:00,12:00:00,R188,\N,\N,\N,\N
389,389,FRIDAY,14:00:00,15:30:00,R189,\N,\N,\N,\N
390,390,MONDAY,09:30:00,11:00:00,R190,\N,\N,\N,\N
391,391,TUESDAY,10:30:00,12:00:00,R191,\N,\N,\N,\N
392,392,WEDNESDAY,13:30:00,15:00:00,R192,\N,\N,\N,\N
393,393,THURSDAY,14:00:00,15:30:00,R193,\N,\N,\N,\N
394,394,FRIDAY,10:30:00,12:00:00,R194,\N,\N,\N,\N
395,395,MONDAY,11:30:00,13:00:00,R195,\N,\N,\N,\N
396,396,TUESDAY,10:00:00,11:30:00,R196,\N,\N,\N,\N
397,397,WEDNESDAY,10:00:00,11:30:00,R197,\N,\N,\N,\N
398,398,THURSDAY,13:00:00,14:30:00,R198,\N,\N,\N,\N
399,399,FRIDAY,10:00:00,11:30:00,R199,\N,\N,\N,\N
400,400,MONDAY,14:00:00,15:30:00,R200,\N,\N,\N,\N
401,401,TUESDAY,10:00:00,11:30:00,R001,\N,\N,\N,\N
402,402,WEDNESDAY,11:00:00,12:30:00,R002,\N,\N,\N,\N
403,403,THURSDAY,13:30:00,15:00:00,R003,\N,\N,\N,\N
404,404,FRIDAY,14:00:00,15:30:00,R004,\N,\N,\N,\N
405,405,MONDAY,12:30:00,14:00:00,R005,\N,\N,\N,\N
406,406,TUESDAY,10:00:00,11:30:00,R006,\N,\N,\N,\N
407,407,WEDNESDAY,10:00:00,11:30:00,R007,\N,\N,\N,\N
408,408,THURSDAY,09:30:00,11:00:00,R008,\N,\N,\N,\N
409,409,FRIDAY,11:00:00,12:30:00,R009,\N,\N,\N,\N
410,410,MONDAY,13:30:00,15:00:00,R010,\N,\N,\N,\N
411,411,TUESDAY,13:30:00,15:00:00,R011,\N,\N,\N,\N
412,412,WEDNESDAY,11:30:00,13:00:00,R012,\N,\N,\N,\N
413,413,THURSDAY,11:00:00,12:30:00,R013,\N,\N,\N,\N
414,414,FRIDAY,11:30:00,13:00:00,R014,\N,\N,\N,\N
415,415,MONDAY,14:00:00,15:30:00,R015,\N,\N,\N,\N
416,416,TUESDAY,13:00:00,14:30:00,R016,\N,\N,\N,\N
417,417,WEDNESDAY,13:30:00,15:00:00,R017,\N,\N,\N,\N
418,418,THURSDAY,14:00:00,15:30:00,R018,\N,\N,\N,\N
419,419,FRIDAY,13:30:00,15:00:00,R019,\N,\N,\N,\N
420,420,MONDAY,09:30:00,11:00:00,R020,\N,\N,\N,\N
421,421,TUESDAY,10:30:00,12:00:00,R021,\N,\N,\N,\N
422,422,WEDNESDAY,11:00:00,12:30:00,R022,\N,\N,\N,\N
423,423,THURSDAY,10:30:00,12:00:00,R023,\N,\N,\N,\N
424,424,FRIDAY,15:30:00,17:00:00,R024,\N,\N,\N,\N
425,425,MONDAY,11:00:00,12:30:00,R025,\N,\N,\N,\N
426,426,TUESDAY,10:00:00,11:30:00,R026,\N,\N,\N,\N
427,427,WEDNESDAY,10:00:00,11:30:00,R027,\N,\N,\N,\N
428,428,THURSDAY,14:30:00,16:00:00,R028,\N,\N,\N,\N
429,429,FRIDAY,14:00:00,15:30:00,R029,\N,\N,\N,\N
430,430,MONDAY,13:00:00,14:30:00,R030,\N,\N,\N,\N
431,431,TUESDAY,14:30:00,16:00:00,R031,\N,\N,\N,\N
432,432,WEDNESDAY,13:00:00,14:30:00,R032,\N,\N,\N,\N
433,433,THURSDAY,10:30:00,12:00:00,R033,\N,\N,\N,\N
434,434,FRIDAY,13:00:00,14:30:00,R034,\N,\N,\N,\N
435,435,MONDAY,15:00:00,16:30:00,R035,\N,\N,\N,\N
436,436,TUESDAY,11:00:00,12:30:00,R036,\N,\N,\N,\N
437,437,WEDNESDAY,11:00:00,12:30:00,R037,\N,\N,\N,\N
438,438,THURSDAY,10:00:00,11:30:00,R038,\N,\N,\N,\N
439,439,FRIDAY,14:30:00,16:00:00,R039,\N,\N,\N,\N
440,440,MONDAY,09:00:00,10:30:00,R040,\N,\N,\N,\N
441,441,TUESDAY,13:30:00,15:00:00,R041,\N,\N,\N,\N
442,442,WEDNESDAY,14:00:00,15:30:00,R042,\N,\N,\N,\N
443,443,THURSDAY,11:00:00,12:30:00,R043,\N,\N,\N,\N
444,444,FRIDAY,14:30:00,16:00:00,R044,\N,\N,\N,\N
445,445,MONDAY,14:30:00,16:00:00,R045,\N,\N,\N,\N
446,446,TUESDAY,11:00:00,12:30:00,R046,\N,\N,\N,\N
447,447,WEDNESDAY,13:30:00,15:00:00,R047,\N,\N,\N,\N
448,448,THURSDAY,13:00:00,14:30:00,R048,\N,\N,\N,\N
449,449,FRIDAY,10:30:00,12:00:00,R049,\N,\N,\N,\N
450,450,MONDAY,12:30:00,14:00:00,R050,\N,\N,\N,\N
451,451,TUESDAY,13:00:00,14:30:00,R051,\N,\N,\N,\N
452,452,WEDNESDAY,12:30:00,14:00:00,R052,\N,\N,\N,\N
453,453,THURSDAY,14:00:00,15:30:00,R053,\N,\N,\N,\N
454,454,FRIDAY,13:00:00,14:30:00,R054,\N,\N,\N,\N
455,455,MONDAY,13:30:00,15:00:00,R055,\N,\N,\N,\N
456,456,TUESDAY,12:00:00,13:30:00,R056,\N,\N,\N,\N
457,457,WEDNESDAY,14:30:00,16:00:00,R057,\N,\N,\N,\N
458,458,THURSDAY,11:00:00,12:30:00,R058,\N,\N,\N,\N
459,459,FRIDAY,11:00:00,12:30:00,R059,\N,\N,\N,\N
460,460,MONDAY,14:00:00,15:30:00,R060,\N,\N,\N,\N
461,461,TUESDAY,13:00:00,14:30:00,R061,\N,\N,\N,\N
462,462,WEDNESDAY,10:30:00,12:00:00,R062,\N,\N,\N,\N
463,463,THURSDAY,15:00:00,16:30:00,R063,\N,\N,\N,\N
464,464,FRIDAY,12:30:00,14:00:00,R064,\N,\N,\N,\N
465,465,MONDAY,13:30:00,15:00:00,R065,\N,\N,\N,\N
466,466,TUESDAY,14:30:00,16:00:00,R066,\N,\N,\N,\N
467,467,WEDNESDAY,09:00:00,10:30:00,R067,\N,\N,\N,\N
468,468,THURSDAY,12:30:00,14:00:00,R068,\N,\N,\N,\N
469,469,FRIDAY,12:00:00,13:30:00,R069,\N,\N,\N,\N
470,470,MONDAY,11:30:00,13:00:00,R070,\N,\N,\N,\N
471,471,TUESDAY,14:30:00,16:00:00,R071,\N,\N,\N,\N
472,472,WEDNESDAY,15:30:00,17:00:00,R072,\N,\N,\N,\N
473,473,THURSDAY,13:00:00,14:30:00,R073,\N,\N,\N,\N
474,474,FRIDAY,13:30:00,15:00:00,R074,\N,\N,\N,\N
475,475,MONDAY,13:00:00,14:30:00,R075,\N,\N,\N,\N
476,476,TUESDAY,13:00:00,14:30:00,R076,\N,\N,\N,\N
477,477,WEDNESDAY,11:30:00,13:00:00,R077,\N,\N,\N,\N
478,478,THURSDAY,13:00:00,14:30:00,R078,\N,\N,\N,\N
479,479,FRIDAY,14:00:00,15:30:00,R079,\N,\N,\N,\N
480,480,MONDAY,10:00:00,11:30:00,R080,\N,\N,\N,\N
481,481,TUESDAY,11:30:00,13:00:00,R081,\N,\N,\N,\N
482,482,WEDNESDAY,12:00:00,13:30:00,R082,\N,\N,\N,\N
483,483,THURSDAY,13:00:00,14:30:00,R083,\N,\N,\N,\N
484,484,FRIDAY,13:30:00,15:00:00,R084,\N,\N,\N,\N
485,485,MONDAY,11:30:00,13:00:00,R085,\N,\N,\N,\N
486,486,TUESDAY,10:30:00,12:00:00,R086,\N,\N,\N,\N
487,487,WEDNESDAY,12:30:00,14:00:00,R087,\N,\N,\N,\N
488,488,THURSDAY,10:00:00,11:30:00,R088,\N,\N,\N,\N
489,489,FRIDAY,11:00:00,12:30:00,R089,\N,\N,\N,\N
490,490,MONDAY,11:30:00,13:00:00,R090,\N,\N,\N,\N
491,491,TUESDAY,09:30:00,11:00:00,R091,\N,\N,\N,\N
492,492,WEDNESDAY,10:00:00,11:30:00,R092,\N,\N,\N,\N
493,493,THURSDAY,10:30:00,12:00:00,R093,\N,\N,\N,\N
494,494,FRIDAY,14:00:00,15:30:00,R094,\N,\N,\N,\N
495,495,MONDAY,11:00:00,12:30:00,R095,\N,\N,\N,\N
496,496,TUESDAY,13:30:00,15:00:00,R096,\N,\N,\N,\N
497,497,WEDNESDAY,14:00:00,15:30:00,R097,\N,\N,\N,\N
498,498,THURSDAY,15:00:00,16:30:00,R098,\N,\N,\N,\N
499,499,FRIDAY,11:00:00,12:30:00,R099,\N,\N,\N,\N
500,500,MONDAY,13:00:00,14:30:00,R100,\N,\N,\N,\N
501,501,TUESDAY,14:30:00,16:00:00,R101,\N,\N,\N,\N
502,502,WEDNESDAY,13:30:00,15:00:00,R102,\N,\N,\N,\N
503,503,THURSDAY,10:30:00,12:00:00,R103,\N,\N,\N,\N
504,504,FRIDAY,11:30:00,13:00:00,R104,\N,\N,\N,\N
505,505,MONDAY,09:00:00,10:30:00,R105,\N,\N,\N,\N
506,506,TUESDAY,10:00:00,11:30:00,R106,\N,\N,\N,\N
507,507,WEDNESDAY,14:30:00,16:00:00,R107,\N,\N,\N,\N
508,508,THURSDAY,10:00:00,11:30:00,R108,\N,\N,\N,\N
509,509,FRIDAY,10:30:00,12:00:00,R109,\N,\N,\N,\N
510,510,MONDAY,13:30:00,15:00:00,R110,\N,\N,\N,\N
511,511,TUESDAY,13:30:00,15:00:00,R111,\N,\N,\N,\N
512,512,WEDNESDAY,10:30:00,12:00:00,R112,\N,\N,\N,\N
513,513,THURSDAY,14:30:00,16:00:00,R113,\N,\N,\N,\N
514,514,FRIDAY,10:30:00,12:00:00,R114,\N,\N,\N,\N
515,515,MONDAY,10:30:00,12:00:00,R115,\N,\N,\N,\N
516,516,TUESDAY,13:30:00,15:00:00,R116,\N,\N,\N,\N
517,517,WEDNESDAY,11:00:00,12:30:00,R117,\N,\N,\N,\N
518,518,THURSDAY,13:30:00,15:00:00,R118,\N,\N,\N,\N
519,519,FRIDAY,13:30:00,15:00:00,R119,\N,\N,\N,\N
520,520,MONDAY,14:30:00,16:00:00,R120,\N,\N,\N,\N
521,521,TUESDAY,13:00:00,14:30:00,R121,\N,\N,\N,\N
522,522,WEDNESDAY,13:00:00,14:30:00,R122,\N,\N,\N,\N
523,523,THURSDAY,13:00:00,14:30:00,R123,\N,\N,\N,\N
524,524,FRIDAY,14:30:00,16:00:00,R124,\N,\N,\N,\N
525,525,MONDAY,14:30:00,16:00:00,R125,\N,\N,\N,\N
526,526,TUESDAY,13:00:00,14:30:00,R126,\N,\N,\N,\N
527,527,WEDNESDAY,10:00:00,11:30:00,R127,\N,\N,\N,\N
528,528,THURSDAY,14:00:00,15:30:00,R128,\N,\N,\N,\N
529,529,FRIDAY,13:00:00,14:30:00,R129,\N,\N,\N,\N
530,530,MONDAY,11:00:00,12:30:00,R130,\N,\N,\N,\N
531,531,TUESDAY,10:30:00,12:00:00,R131,\N,\N,\N,\N
532,532,WEDNESDAY,11:30:00,13:00:00,R132,\N,\N,\N,\N
533,533,THURSDAY,13:30:00,15:00:00,R133,\N,\N,\N,\N
534,534,FRIDAY,14:30:00,16:00:00,R134,\N,\N,\N,\N
535,535,MONDAY,10:30:00,12:00:00,R135,\N,\N,\N,\N
536,536,TUESDAY,11:30:00,13:00:00,R136,\N,\N,\N,\N
537,537,WEDNESDAY,13:00:00,14:30:00,R137,\N,\N,\N,\N
538,538,THURSDAY,11:00:00,12:30:00,R138,\N,\N,\N,\N
539,539,FRIDAY,12:00:00,13:30:00,R139,\N,\N,\N,\N
540,540,MONDAY,10:30:00,12:00:00,R140,\N,\N,\N,\N
541,541,TUESDAY,11:30:00,13:00:00,R141,\N,\N,\N,\N
542,542,WEDNESDAY,13:30:00,15:00:00,R142,\N,\N,\N,\N
543,543,THURSDAY,13:00:00,14:30:00,R143,\N,\N,\N,\N
544,544,FRIDAY,14:00:00,15:30:00,R144,\N,\N,\N,\N
545,545,MONDAY,11:30:00,13:00:00,R145,\N,\N,\N,\N
546,546,TUESDAY,11:00:00,12:30:00,R146,\N,\N,\N,\N
547,547,WEDNESDAY,11:30:00,13:00:00,R147,\N,\N,\N,\N
548,548,THURSDAY,10:00:00,11:30:00,R148,\N,\N,\N,\N
549,549,FRIDAY,13:00:00,14:30:00,R149,\N,\N,\N,\N
550,550,MONDAY,11:30:00,13:00:00,R150,\N,\N,\N,\N
551,551,TUESDAY,11:30:00,13:00:00,R151,\N,\N,\N,\N
552,552,WEDNESDAY,11:00:00,12:30:00,R152,\N,\N,\N,\N
553,553,THURSDAY,14:00:00,15:30:00,R153,\N,\N,\N,\N
554,554,FRIDAY,14:00:00,15:30:00,R154,\N,\N,\N,\N
555,555,MONDAY,13:30:00,15:00:00,R155,\N,\N,\N,\N
556,556,TUESDAY,14:00:00,15:30:00,R156,\N,\N,\N,\N
557,557,WEDNESDAY,13:30:00,15:00:00,R157,\N,\N,\N,\N
558,558,THURSDAY,14:00:00,15:30:00,R158,\N,\N,\N,\N
559,559,FRIDAY,10:30:00,12:00:00,R159,\N,\N,\N,\N
560,560,MONDAY,11:30:00,13:00:00,R160,\N,\N,\N,\N
561,561,TUESDAY,14:00:00,15:30:00,R161,\N,\N,\N,\N
562,562,WEDNESDAY,13:00:00,14:30:00,R162,\N,\N,\N,\N
563,563,THURSDAY,15:30:00,17:00:00,R163,\N,\N,\N,\N
564,564,FRIDAY,09:30:00,11:00:00,R164,\N,\N,\N,\N
565,565,MONDAY,15:00:00,16:30:00,R165,\N,\N,\N,\N
566,566,TUESDAY,13:00:00,14:30:00,R166,\N,\N,\N,\N
567,567,WEDNESDAY,14:00:00,15:30:00,R167,\N,\N,\N,\N
568,568,THURSDAY,09:00:00,10:30:00,R168,\N,\N,\N,\N
569,569,FRIDAY,14:00:00,15:30:00,R169,\N,\N,\N,\N
570,570,MONDAY,12:30:00,14:00:00,R170,\N,\N,\N,\N
571,571,TUESDAY,13:00:00,14:30:00,R171,\N,\N,\N,\N
572,572,WEDNESDAY,14:00:00,15:30:00,R172,\N,\N,\N,\N
573,573,THURSDAY,14:00:00,15:30:00,R173,\N,\N,\N,\N
574,574,FRIDAY,14:00:00,15:30:00,R174,\N,\N,\N,\N
575,575,MONDAY,10:00:00,11:30:00,R175,\N,\N,\N,\N
576,576,TUESDAY,14:30:00,16:00:00,R176,\N,\N,\N,\N
577,577,WEDNESDAY,10:00:00,11:30:00,R177,\N,\N,\N,\N
578,578,THURSDAY,11:30:00,13:00:00,R178,\N,\N,\N,\N
579,579,FRIDAY,14:30:00,16:00:00,R179,\N,\N,\N,\N
580,580,MONDAY,14:30:00,16:00:00,R180,\N,\N,\N,\N
581,581,TUESDAY,09:30:00,11:00:00,R181,\N,\N,\N,\N
582,582,WEDNESDAY,13:00:00,14:30:00,R182,\N,\N,\N,\N
583,583,THURSDAY,13:30:00,15:00:00,R183,\N,\N,\N,\N
584,584,FRIDAY,13:30:00,15:00:00,R184,\N,\N,\N,\N
585,585,MONDAY,10:00:00,11:30:00,R185,\N,\N,\N,\N
586,586,TUESDAY,13:30:00,15:00:00,R186,\N,\N,\N,\N
587,587,WEDNESDAY,11:00:00,12:30:00,R187,\N,\N,\N,\N
588,588,THURSDAY,14:00:00,15:30:00,R188,\N,\N,\N,\N
589,589,FRIDAY,09:30:00,11:00:00,R189,\N,\N,\N,\N
590,590,MONDAY,13:30:00,15:00:00,R190,\N,\N,\N,\N
591,591,TUESDAY,15:30:00,17:00:00,R191,\N,\N,\N,\N
592,592,WEDNESDAY,15:00:00,16:30:00,R192,\N,\N,\N,\N
593,593,THURSDAY,09:30:00,11:00:00,R193,\N,\N,\N,\N
594,594,FRIDAY,11:30:00,13:00:00,R194,\N,\N,\N,\N
595,595,MONDAY,14:30:00,16:00:00,R195,\N,\N,\N,\N
596,596,TUESDAY,11:00:00,12:30:00,R196,\N,\N,\N,\N
597,597,WEDNESDAY,13:30:00,15:00:00,R197,\N,\N,\N,\N
598,598,THURSDAY,10:30:00,12:00:00,R198,\N,\N,\N,\N
599,599,FRIDAY,10:30:00,12:00:00,R199,\N,\N,\N,\N
600,600,MONDAY,11:00:00,12:30:00,R200,\N,\N,\N,\N
601,601,TUESDAY,13:00:00,14:30:00,R001,\N,\N,\N,\N
602,602,WEDNESDAY,13:00:00,14:30:00,R002,\N,\N,\N,\N
603,603,THURSDAY,11:30:00,13:00:00,R003,\N,\N,\N,\N
604,604,FRIDAY,13:30:00,15:00:00,R004,\N,\N,\N,\N
605,605,MONDAY,13:00:00,14:30:00,R005,\N,\N,\N,\N
606,606,TUESDAY,13:30:00,15:00:00,R006,\N,\N,\N,\N
607,607,WEDNESDAY,13:00:00,14:30:00,R007,\N,\N,\N,\N
608,608,THURSDAY,11:30:00,13:00:00,R008,\N,\N,\N,\N
609,609,FRIDAY,14:00:00,15:30:00,R009,\N,\N,\N,\N
610,610,MONDAY,11:00:00,12:30:00,R010,\N,\N,\N,\N
611,611,TUESDAY,11:30:00,13:00:00,R011,\N,\N,\N,\N
612,612,WEDNESDAY,14:00:00,15:30:00,R012,\N,\N,\N,\N
613,613,THURSDAY,09:30:00,11:00:00,R013,\N,\N,\N,\N
614,614,FRIDAY,14:00:00,15:30:00,R014,\N,\N,\N,\N
615,615,MONDAY,10:30:00,12:00:00,R015,\N,\N,\N,\N
616,616,TUESDAY,14:00:00,15:30:00,R016,\N,\N,\N,\N
617,617,WEDNESDAY,10:00:00,11:30:00,R017,\N,\N,\N,\N
618,618,THURSDAY,11:00:00,12:30:00,R018,\N,\N,\N,\N
619,619,FRIDAY,10:00:00,11:30:00,R019,\N,\N,\N,\N
620,620,MONDAY,09:30:00,11:00:00,R020,\N,\N,\N,\N
621,621,TUESDAY,10:30:00,12:00:00,R021,\N,\N,\N,\N
622,622,WEDNESDAY,11:00:00,12:30:00,R022,\N,\N,\N,\N
623,623,THURSDAY,09:30:00,11:00:00,R023,\N,\N,\N,\N
624,624,FRIDAY,11:30:00,13:00:00,R024,\N,\N,\N,\N
625,625,MONDAY,10:30:00,12:00:00,R025,\N,\N,\N,\N
626,626,TUESDAY,11:00:00,12:30:00,R026,\N,\N,\N,\N
627,627,WEDNESDAY,14:00:00,15:30:00,R027,\N,\N,\N,\N
628,628,THURSDAY,10:30:00,12:00:00,R028,\N,\N,\N,\N
629,629,FRIDAY,15:00:00,16:30:00,R029,\N,\N,\N,\N
630,630,MONDAY,11:30:00,13:00:00,R030,\N,\N,\N,\N
631,631,TUESDAY,13:30:00,15:00:00,R031,\N,\N,\N,\N
632,632,WEDNESDAY,11:00:00,12:30:00,R032,\N,\N,\N,\N
633,633,THURSDAY,14:30:00,16:00:00,R033,\N,\N,\N,\N
634,634,FRIDAY,10:00:00,11:30:00,R034,\N,\N,\N,\N
635,635,MONDAY,10:30:00,12:00:00,R035,\N,\N,\N,\N
636,636,TUESDAY,10:00:00,11:30:00,R036,\N,\N,\N,\N
637,637,WEDNESDAY,12:30:00,14:00:00,R037,\N,\N,\N,\N
638,638,THURSDAY,10:00:00,11:30:00,R038,\N,\N,\N,\N
639,639,FRIDAY,15:30:00,17:00:00,R039,\N,\N,\N,\N
640,640,MONDAY,09:30:00,11:00:00,R040,\N,\N,\N,\N
641,641,TUESDAY,12:30:00,14:00:00,R041,\N,\N,\N,\N
642,642,WEDNESDAY,15:00:00,16:30:00,R042,\N,\N,\N,\N
643,643,THURSDAY,13:00:00,14:30:00,R043,\N,\N,\N,\N
644,644,FRIDAY,13:30:00,15:00:00,R044,\N,\N,\N,\N
645,645,MONDAY,11:00:00,12:30:00,R045,\N,\N,\N,\N
646,646,TUESDAY,11:00:00,12:30:00,R046,\N,\N,\N,\N
647,647,WEDNESDAY,15:30:00,17:00:00,R047,\N,\N,\N,\N
648,648,THURSDAY,10:30:00,12:00:00,R048,\N,\N,\N,\N
649,649,FRIDAY,10:00:00,11:30:00,R049,\N,\N,\N,\N
650,650,MONDAY,12:30:00,14:00:00,R050,\N,\N,\N,\N
651,651,TUESDAY,10:30:00,12:00:00,R051,\N,\N,\N,\N
652,652,WEDNESDAY,15:00:00,16:30:00,R052,\N,\N,\N,\N
653,653,THURSDAY,10:00:00,11:30:00,R053,\N,\N,\N,\N
654,654,FRIDAY,14:00:00,15:30:00,R054,\N,\N,\N,\N
655,655,MONDAY,14:00:00,15:30:00,R055,\N,\N,\N,\N
656,656,TUESDAY,14:30:00,16:00:00,R056,\N,\N,\N,\N
657,657,WEDNESDAY,14:30:00,16:00:00,R057,\N,\N,\N,\N
658,658,THURSDAY,11:00:00,12:30:00,R058,\N,\N,\N,\N
659,659,FRIDAY,13:00:00,14:30:00,R059,\N,\N,\N,\N
660,660,MONDAY,13:30:00,15:00:00,R060,\N,\N,\N,\N
661,661,TUESDAY,09:00:00,10:30:00,R061,\N,\N,\N,\N
662,662,WEDNESDAY,14:00:00,15:30:00,R062,\N,\N,\N,\N
663,663,THURSDAY,14:30:00,16:00:00,R063,\N,\N,\N,\N
664,664,FRIDAY,10:00:00,11:30:00,R064,\N,\N,\N,\N
665,665,MONDAY,14:30:00,16:00:00,R065,\N,\N,\N,\N
666,666,TUESDAY,14:30:00,16:00:00,R066,\N,\N,\N,\N
667,667,WEDNESDAY,13:30:00,15:00:00,R067,\N,\N,\N,\N
668,668,THURSDAY,11:30:00,13:00:00,R068,\N,\N,\N,\N
669,669,FRIDAY,14:30:00,16:00:00,R069,\N,\N,\N,\N
670,670,MONDAY,10:30:00,12:00:00,R070,\N,\N,\N,\N
671,671,TUESDAY,13:30:00,15:00:00,R071,\N,\N,\N,\N
672,672,WEDNESDAY,11:30:00,13:00:00,R072,\N,\N,\N,\N
673,673,THURSDAY,14:00:00,15:30:00,R073,\N,\N,\N,\N
674,674,FRIDAY,14:00:00,15:30:00,R074,\N,\N,\N,\N
675,675,MONDAY,13:30:00,15:00:00,R075,\N,\N,\N,\N
676,676,TUESDAY,14:30:00,16:00:00,R076,\N,\N,\N,\N
677,677,WEDNESDAY,15:30:00,17:00:00,R077,\N,\N,\N,\N
678,678,THURSDAY,11:30:00,13:00:00,R078,\N,\N,\N,\N
679,679,FRIDAY,13:00:00,14:30:00,R079,\N,\N,\N,\N
680,680,MONDAY,10:30:00,12:00:00,R080,\N,\N,\N,\N
681,681,TUESDAY,11:30:00,13:00:00,R081,\N,\N,\N,\N
682,682,WEDNESDAY,11:30:00,13:00:00,R082,\N,\N,\N,\N
683,683,THURSDAY,13:00:00,14:30:00,R083,\N,\N,\N,\N
684,684,FRIDAY,10:30:00,12:00:00,R084,\N,\N,\N,\N
685,685,MONDAY,13:30:00,15:00:00,R085,\N,\N,\N,\N
686,686,TUESDAY,15:00:00,16:30:00,R086,\N,\N,\N,\N
687,687,WEDNESDAY,13:00:00,14:30:00,R087,\N,\N,\N,\N
688,688,THURSDAY,13:30:00,15:00:00,R088,\N,\N,\N,\N
689,689,FRIDAY,09:30:00,11:00:00,R089,\N,\N,\N,\N
690,690,MONDAY,14:30:00,16:00:00,R090,\N,\N,\N,\N
691,691,TUESDAY,13:00:00,14:30:00,R091,\N,\N,\N,\N
692,692,WEDNESDAY,10:30:00,12:00:00,R092,\N,\N,\N,\N
693,693,THURSDAY,14:30:00,16:00:00,R093,\N,\N,\N,\N
694,694,FRIDAY,11:30:00,13:00:00,R094,\N,\N,\N,\N
695,695,MONDAY,14:00:00,15:30:00,R095,\N,\N,\N,\N
696,696,TUESDAY,11:00:00,12:30:00,R096,\N,\N,\N,\N
697,697,WEDNESDAY,13:30:00,15:00:00,R097,\N,\N,\N,\N
698,698,THURSDAY,11:30:00,13:00:00,R098,\N,\N,\N,\N
699,699,FRIDAY,11:30:00,13:00:00,R099,\N,\N,\N,\N
700,700,MONDAY,14:30:00,16:00:00,R100,\N,\N,\N,\N
701,701,TUESDAY,09:00:00,10:30:00,R101,\N,\N,\N,\N
702,702,WEDNESDAY,13:30:00,15:00:00,R102,\N,\N,\N,\N
703,703,THURSDAY,11:00:00,12:30:00,R103,\N,\N,\N,\N
704,704,FRIDAY,11:30:00,13:00:00,R104,\N,\N,\N,\N
705,705,MONDAY,10:30:00,12:00:00,R105,\N,\N,\N,\N
706,706,TUESDAY,14:00:00,15:30:00,R106,\N,\N,\N,\N
707,707,WEDNESDAY,14:30:00,16:00:00,R107,\N,\N,\N,\N
708,708,THURSDAY,14:30:00,16:00:00,R108,\N,\N,\N,\N
709,709,FRIDAY,10:30:00,12:00:00,R109,\N,\N,\N,\N
710,710,MONDAY,14:00:00,15:30:00,R110,\N,\N,\N,\N
711,711,TUESDAY,14:30:00,16:00:00,R111,\N,\N,\N,\N
712,712,WEDNESDAY,13:00:00,14:30:00,R112,\N,\N,\N,\N
713,713,THURSDAY,09:30:00,11:00:00,R113,\N,\N,\N,\N
714,714,FRIDAY,11:30:00,13:00:00,R114,\N,\N,\N,\N
715,715,MONDAY,12:00:00,13:30:00,R115,\N,\N,\N,\N
716,716,TUESDAY,10:00:00,11:30:00,R116,\N,\N,\N,\N
717,717,WEDNESDAY,13:30:00,15:00:00,R117,\N,\N,\N,\N
718,718,THURSDAY,10:30:00,12:00:00,R118,\N,\N,\N,\N
719,719,FRIDAY,12:30:00,14:00:00,R119,\N,\N,\N,\N
720,720,MONDAY,15:30:00,17:00:00,R120,\N,\N,\N,\N
721,721,TUESDAY,14:30:00,16:00:00,R121,\N,\N,\N,\N
722,722,WEDNESDAY,14:00:00,15:30:00,R122,\N,\N,\N,\N
723,723,THURSDAY,14:30:00,16:00:00,R123,\N,\N,\N,\N
724,724,FRIDAY,13:30:00,15:00:00,R124,\N,\N,\N,\N
725,725,MONDAY,14:00:00,15:30:00,R125,\N,\N,\N,\N
726,726,TUESDAY,14:30:00,16:00:00,R126,\N,\N,\N,\N
727,727,WEDNESDAY,14:30:00,16:00:00,R127,\N,\N,\N,\N
728,728,THURSDAY,13:30:00,15:00:00,R128,\N,\N,\N,\N
729,729,FRIDAY,14:00:00,15:30:00,R129,\N,\N,\N,\N
730,730,MONDAY,13:30:00,15:00:00,R130,\N,\N,\N,\N
731,731,TUESDAY,11:30:00,13:00:00,R131,\N,\N,\N,\N
732,732,WEDNESDAY,12:30:00,14:00:00,R132,\N,\N,\N,\N
733,733,THURSDAY,11:00:00,12:30:00,R133,\N,\N,\N,\N
734,734,FRIDAY,10:00:00,11:30:00,R134,\N,\N,\N,\N
735,735,MONDAY,10:30:00,12:00:00,R135,\N,\N,\N,\N
736,736,TUESDAY,11:00:00,12:30:00,R136,\N,\N,\N,\N
737,737,WEDNESDAY,13:00:00,14:30:00,R137,\N,\N,\N,\N
738,738,THURSDAY,10:30:00,12:00:00,R138,\N,\N,\N,\N
739,739,FRIDAY,14:00:00,15:30:00,R139,\N,\N,\N,\N
740,740,MONDAY,10:30:00,12:00:00,R140,\N,\N,\N,\N
741,741,TUESDAY,11:00:00,12:30:00,R141,\N,\N,\N,\N
742,742,WEDNESDAY,11:30:00,13:00:00,R142,\N,\N,\N,\N
743,743,THURSDAY,14:00:00,15:30:00,R143,\N,\N,\N,\N
744,744,FRIDAY,11:30:00,13:00:00,R144,\N,\N,\N,\N
745,745,MONDAY,15:30:00,17:00:00,R145,\N,\N,\N,\N
746,746,TUESDAY,13:30:00,15:00:00,R146,\N,\N,\N,\N
747,747,WEDNESDAY,12:00:00,13:30:00,R147,\N,\N,\N,\N
748,748,THURSDAY,10:00:00,11:30:00,R148,\N,\N,\N,\N
749,749,FRIDAY,11:00:00,12:30:00,R149,\N,\N,\N,\N
750,750,MONDAY,12:00:00,13:30:00,R150,\N,\N,\N,\N
751,751,TUESDAY,10:00:00,11:30:00,R151,\N,\N,\N,\N
752,752,WEDNESDAY,14:30:00,16:00:00,R152,\N,\N,\N,\N
753,753,THURSDAY,10:30:00,12:00:00,R153,\N,\N,\N,\N
754,754,FRIDAY,12:30:00,14:00:00,R154,\N,\N,\N,\N
755,755,MONDAY,09:00:00,10:30:00,R155,\N,\N,\N,\N
756,756,TUESDAY,14:00:00,15:30:00,R156,\N,\N,\N,\N
757,757,WEDNESDAY,11:00:00,12:30:00,R157,\N,\N,\N,\N
758,758,THURSDAY,11:30:00,13:00:00,R158,\N,\N,\N,\N
759,759,FRIDAY,10:00:00,11:30:00,R159,\N,\N,\N,\N
760,760,MONDAY,10:30:00,12:00:00,R160,\N,\N,\N,\N
761,761,TUESDAY,14:30:00,16:00:00,R161,\N,\N,\N,\N
762,762,WEDNESDAY,12:00:00,13:30:00,R162,\N,\N,\N,\N
763,763,THURSDAY,11:00:00,12:30:00,R163,\N,\N,\N,\N
764,764,FRIDAY,14:30:00,16:00:00,R164,\N,\N,\N,\N
765,765,MONDAY,10:00:00,11:30:00,R165,\N,\N,\N,\N
766,766,TUESDAY,09:00:00,10:30:00,R166,\N,\N,\N,\N
767,767,WEDNESDAY,15:00:00,16:30:00,R167,\N,\N,\N,\N
768,768,THURSDAY,12:00:00,13:30:00,R168,\N,\N,\N,\N
769,769,FRIDAY,14:00:00,15:30:00,R169,\N,\N,\N,\N
770,770,MONDAY,14:00:00,15:30:00,R170,\N,\N,\N,\N
771,771,TUESDAY,13:00:00,14:30:00,R171,\N,\N,\N,\N
772,772,WEDNESDAY,13:30:00,15:00:00,R172,\N,\N,\N,\N
773,773,THURSDAY,10:30:00,12:00:00,R173,\N,\N,\N,\N
774,774,FRIDAY,10:30:00,12:00:00,R174,\N,\N,\N,\N
775,775,MONDAY,11:00:00,12:30:00,R175,\N,\N,\N,\N
776,776,TUESDAY,14:00:00,15:30:00,R176,\N,\N,\N,\N
777,777,WEDNESDAY,10:30:00,12:00:00,R177,\N,\N,\N,\N
778,778,THURSDAY,11:00:00,12:30:00,R178,\N,\N,\N,\N
779,779,FRIDAY,13:30:00,15:00:00,R179,\N,\N,\N,\N
780,780,MONDAY,14:30:00,16:00:00,R180,\N,\N,\N,\N
781,781,TUESDAY,11:00:00,12:30:00,R181,\N,\N,\N,\N
782,782,WEDNESDAY,15:00:00,16:30:00,R182,\N,\N,\N,\N
783,783,THURSDAY,10:30:00,12:00:00,R183,\N,\N,\N,\N
784,784,FRIDAY,11:30:00,13:00:00,R184,\N,\N,\N,\N
785,785,MONDAY,11:30:00,13:00:00,R185,\N,\N,\N,\N
786,786,TUESDAY,15:00:00,16:30:00,R186,\N,\N,\N,\N
787,787,WEDNESDAY,12:30:00,14:00:00,R187,\N,\N,\N,\N
788,788,THURSDAY,11:30:00,13:00:00,R188,\N,\N,\N,\N
789,789,FRIDAY,10:30:00,12:00:00,R189,\N,\N,\N,\N
790,790,MONDAY,10:30:00,12:00:00,R190,\N,\N,\N,\N
791,791,TUESDAY,14:30:00,16:00:00,R191,\N,\N,\N,\N
792,792,WEDNESDAY,14:00:00,15:30:00,R192,\N,\N,\N,\N
793,793,THURSDAY,10:00:00,11:30:00,R193,\N,\N,\N,\N
794,794,FRIDAY,13:30:00,15:00:00,R194,\N,\N,\N,\N
795,795,MONDAY,13:00:00,14:30:00,R195,\N,\N,\N,\N
796,796,TUESDAY,13:00:00,14:30:00,R196,\N,\N,\N,\N
797,797,WEDNESDAY,13:00:00,14:30:00,R197,\N,\N,\N,\N
798,798,THURSDAY,12:30:00,14:00:00,R198,\N,\N,\N,\N
799,799,FRIDAY,15:30:00,17:00:00,R199,\N,\N,\N,\N
800,800,MONDAY,14:30:00,16:00:00,R200,\N,\N,\N,\N
801,801,TUESDAY,12:30:00,14:00:00,R001,\N,\N,\N,\N
802,802,WEDNESDAY,15:00:00,16:30:00,R002,\N,\N,\N,\N
803,803,THURSDAY,10:30:00,12:00:00,R003,\N,\N,\N,\N
804,804,FRIDAY,10:00:00,11:30:00,R004,\N,\N,\N,\N
805,805,MONDAY,11:30:00,13:00:00,R005,\N,\N,\N,\N
806,806,TUESDAY,11:30:00,13:00:00,R006,\N,\N,\N,\N
807,807,WEDNESDAY,11:00:00,12:30:00,R007,\N,\N,\N,\N
808,808,THURSDAY,11:30:00,13:00:00,R008,\N,\N,\N,\N
809,809,FRIDAY,10:00:00,11:30:00,R009,\N,\N,\N,\N
810,810,MONDAY,10:30:00,12:00:00,R010,\N,\N,\N,\N
811,811,TUESDAY,10:30:00,12:00:00,R011,\N,\N,\N,\N
812,812,WEDNESDAY,14:30:00,16:00:00,R012,\N,\N,\N,\N
813,813,THURSDAY,11:00:00,12:30:00,R013,\N,\N,\N,\N
814,814,FRIDAY,10:00:00,11:30:00,R014,\N,\N,\N,\N
815,815,MONDAY,09:00:00,10:30:00,R015,\N,\N,\N,\N
816,816,TUESDAY,14:00:00,15:30:00,R016,\N,\N,\N,\N
817,817,WEDNESDAY,13:00:00,14:30:00,R017,\N,\N,\N,\N
818,818,THURSDAY,14:00:00,15:30:00,R018,\N,\N,\N,\N
819,819,FRIDAY,12:00:00,13:30:00,R019,\N,\N,\N,\N
820,820,MONDAY,10:00:00,11:30:00,R020,\N,\N,\N,\N
821,821,TUESDAY,10:00:00,11:30:00,R021,\N,\N,\N,\N
822,822,WEDNESDAY,12:00:00,13:30:00,R022,\N,\N,\N,\N
823,823,THURSDAY,12:00:00,13:30:00,R023,\N,\N,\N,\N
824,824,FRIDAY,13:30:00,15:00:00,R024,\N,\N,\N,\N
825,825,MONDAY,11:00:00,12:30:00,R025,\N,\N,\N,\N
826,826,TUESDAY,10:00:00,11:30:00,R026,\N,\N,\N,\N
827,827,WEDNESDAY,11:00:00,12:30:00,R027,\N,\N,\N,\N
828,828,THURSDAY,15:30:00,17:00:00,R028,\N,\N,\N,\N
829,829,FRIDAY,11:00:00,12:30:00,R029,\N,\N,\N,\N
830,830,MONDAY,14:30:00,16:00:00,R030,\N,\N,\N,\N
831,831,TUESDAY,10:30:00,12:00:00,R031,\N,\N,\N,\N
832,832,WEDNESDAY,14:00:00,15:30:00,R032,\N,\N,\N,\N
833,833,THURSDAY,10:00:00,11:30:00,R033,\N,\N,\N,\N
834,834,FRIDAY,11:30:00,13:00:00,R034,\N,\N,\N,\N
835,835,MONDAY,11:30:00,13:00:00,R035,\N,\N,\N,\N
836,836,TUESDAY,11:30:00,13:00:00,R036,\N,\N,\N,\N
837,837,WEDNESDAY,11:00:00,12:30:00,R037,\N,\N,\N,\N
838,838,THURSDAY,10:30:00,12:00:00,R038,\N,\N,\N,\N
839,839,FRIDAY,10:00:00,11:30:00,R039,\N,\N,\N,\N
840,840,MONDAY,12:30:00,14:00:00,R040,\N,\N,\N,\N
841,841,TUESDAY,15:00:00,16:30:00,R041,\N,\N,\N,\N
842,842,WEDNESDAY,12:00:00,13:30:00,R042,\N,\N,\N,\N
843,843,THURSDAY,13:00:00,14:30:00,R043,\N,\N,\N,\N
844,844,FRIDAY,10:30:00,12:00:00,R044,\N,\N,\N,\N
845,845,MONDAY,13:30:00,15:00:00,R045,\N,\N,\N,\N
846,846,TUESDAY,12:30:00,14:00:00,R046,\N,\N,\N,\N
847,847,WEDNESDAY,13:30:00,15:00:00,R047,\N,\N,\N,\N
848,848,THURSDAY,11:30:00,13:00:00,R048,\N,\N,\N,\N
849,849,FRIDAY,13:00:00,14:30:00,R049,\N,\N,\N,\N
850,850,MONDAY,14:00:00,15:30:00,R050,\N,\N,\N,\N
851,851,TUESDAY,14:30:00,16:00:00,R051,\N,\N,\N,\N
852,852,WEDNESDAY,13:00:00,14:30:00,R052,\N,\N,\N,\N
853,853,THURSDAY,11:30:00,13:00:00,R053,\N,\N,\N,\N
854,854,FRIDAY,10:00:00,11:30:00,R054,\N,\N,\N,\N
855,855,MONDAY,14:30:00,16:00:00,R055,\N,\N,\N,\N
856,856,TUESDAY,13:00:00,14:30:00,R056,\N,\N,\N,\N
857,857,WEDNESDAY,11:00:00,12:30:00,R057,\N,\N,\N,\N
858,858,THURSDAY,09:30:00,11:00:00,R058,\N,\N,\N,\N
859,859,FRIDAY,11:30:00,13:00:00,R059,\N,\N,\N,\N
860,860,MONDAY,10:00:00,11:30:00,R060,\N,\N,\N,\N
861,861,TUESDAY,15:00:00,16:30:00,R061,\N,\N,\N,\N
862,862,WEDNESDAY,15:30:00,17:00:00,R062,\N,\N,\N,\N
863,863,THURSDAY,09:30:00,11:00:00,R063,\N,\N,\N,\N
864,864,FRIDAY,11:30:00,13:00:00,R064,\N,\N,\N,\N
865,865,MONDAY,15:00:00,16:30:00,R065,\N,\N,\N,\N
866,866,TUESDAY,10:00:00,11:30:00,R066,\N,\N,\N,\N
867,867,WEDNESDAY,10:30:00,12:00:00,R067,\N,\N,\N,\N
868,868,THURSDAY,14:00:00,15:30:00,R068,\N,\N,\N,\N
869,869,FRIDAY,13:30:00,15:00:00,R069,\N,\N,\N,\N
870,870,MONDAY,13:00:00,14:30:00,R070,\N,\N,\N,\N
871,871,TUESDAY,11:30:00,13:00:00,R071,\N,\N,\N,\N
872,872,WEDNESDAY,10:30:00,12:00:00,R072,\N,\N,\N,\N
873,873,THURSDAY,15:30:00,17:00:00,R073,\N,\N,\N,\N
874,874,FRIDAY,14:30:00,16:00:00,R074,\N,\N,\N,\N
875,875,MONDAY,14:30:00,16:00:00,R075,\N,\N,\N,\N
876,876,TUESDAY,11:30:00,13:00:00,R076,\N,\N,\N,\N
877,877,WEDNESDAY,14:00:00,15:30:00,R077,\N,\N,\N,\N
878,878,THURSDAY,14:00:00,15:30:00,R078,\N,\N,\N,\N
879,879,FRIDAY,14:00:00,15:30:00,R079,\N,\N,\N,\N
880,880,MONDAY,13:30:00,15:00:00,R080,\N,\N,\N,\N
881,881,TUESDAY,13:00:00,14:30:00,R081,\N,\N,\N,\N
882,882,WEDNESDAY,10:00:00,11:30:00,R082,\N,\N,\N,\N
883,883,THURSDAY,10:00:00,11:30:00,R083,\N,\N,\N,\N
884,884,FRIDAY,13:30:00,15:00:00,R084,\N,\N,\N,\N
885,885,MONDAY,14:00:00,15:30:00,R085,\N,\N,\N,\N
886,886,TUESDAY,14:30:00,16:00:00,R086,\N,\N,\N,\N
887,887,WEDNESDAY,12:00:00,13:30:00,R087,\N,\N,\N,\N
888,888,THURSDAY,13:30:00,15:00:00,R088,\N,\N,\N,\N
889,889,FRIDAY,14:30:00,16:00:00,R089,\N,\N,\N,\N
890,890,MONDAY,10:00:00,11:30:00,R090,\N,\N,\N,\N
891,891,TUESDAY,13:30:00,15:00:00,R091,\N,\N,\N,\N
892,892,WEDNESDAY,11:30:00,13:00:00,R092,\N,\N,\N,\N
893,893,THURSDAY,13:00:00,14:30:00,R093,\N,\N,\N,\N
894,894,FRIDAY,11:00:00,12:30:00,R094,\N,\N,\N,\N
895,895,MONDAY,13:00:00,14:30:00,R095,\N,\N,\N,\N
896,896,TUESDAY,10:30:00,12:00:00,R096,\N,\N,\N,\N
897,897,WEDNESDAY,13:30:00,15:00:00,R097,\N,\N,\N,\N
898,898,THURSDAY,13:00:00,14:30:00,R098,\N,\N,\N,\N
899,899,FRIDAY,09:00:00,10:30:00,R099,\N,\N,\N,\N
900,900,MONDAY,14:00:00,15:30:00,R100,\N,\N,\N,\N
901,901,TUESDAY,13:30:00,15:00:00,R101,\N,\N,\N,\N
902,902,WEDNESDAY,14:00:00,15:30:00,R102,\N,\N,\N,\N
903,903,THURSDAY,10:30:00,12:00:00,R103,\N,\N,\N,\N
904,904,FRIDAY,11:00:00,12:30:00,R104,\N,\N,\N,\N
905,905,MONDAY,13:30:00,15:00:00,R105,\N,\N,\N,\N
906,906,TUESDAY,14:30:00,16:00:00,R106,\N,\N,\N,\N
907,907,WEDNESDAY,14:30:00,16:00:00,R107,\N,\N,\N,\N
908,908,THURSDAY,13:00:00,14:30:00,R108,\N,\N,\N,\N
909,909,FRIDAY,10:30:00,12:00:00,R109,\N,\N,\N,\N
910,910,MONDAY,11:30:00,13:00:00,R110,\N,\N,\N,\N
911,911,TUESDAY,11:30:00,13:00:00,R111,\N,\N,\N,\N
912,912,WEDNESDAY,14:30:00,16:00:00,R112,\N,\N,\N,\N
913,913,THURSDAY,11:00:00,12:30:00,R113,\N,\N,\N,\N
914,914,FRIDAY,12:00:00,13:30:00,R114,\N,\N,\N,\N
915,915,MONDAY,13:00:00,14:30:00,R115,\N,\N,\N,\N
916,916,TUESDAY,14:30:00,16:00:00,R116,\N,\N,\N,\N
917,917,WEDNESDAY,10:30:00,12:00:00,R117,\N,\N,\N,\N
918,918,THURSDAY,09:30:00,11:00:00,R118,\N,\N,\N,\N
919,919,FRIDAY,10:30:00,12:00:00,R119,\N,\N,\N,\N
920,920,MONDAY,10:00:00,11:30:00,R120,\N,\N,\N,\N
921,921,TUESDAY,12:30:00,14:00:00,R121,\N,\N,\N,\N
922,922,WEDNESDAY,14:30:00,16:00:00,R122,\N,\N,\N,\N
923,923,THURSDAY,09:00:00,10:30:00,R123,\N,\N,\N,\N
924,924,FRIDAY,14:30:00,16:00:00,R124,\N,\N,\N,\N
925,925,MONDAY,14:00:00,15:30:00,R125,\N,\N,\N,\N
926,926,TUESDAY,11:30:00,13:00:00,R126,\N,\N,\N,\N
927,927,WEDNESDAY,10:00:00,11:30:00,R127,\N,\N,\N,\N
928,928,THURSDAY,10:30:00,12:00:00,R128,\N,\N,\N,\N
929,929,FRIDAY,13:30:00,15:00:00,R129,\N,\N,\N,\N
930,930,MONDAY,10:30:00,12:00:00,R130,\N,\N,\N,\N
931,931,TUESDAY,11:30:00,13:00:00,R131,\N,\N,\N,\N
932,932,WEDNESDAY,14:30:00,16:00:00,R132,\N,\N,\N,\N
933,933,THURSDAY,12:00:00,13:30:00,R133,\N,\N,\N,\N
934,934,FRIDAY,13:00:00,14:30:00,R134,\N,\N,\N,\N
935,935,MONDAY,11:30:00,13:00:00,R135,\N,\N,\N,\N
936,936,TUESDAY,14:00:00,15:30:00,R136,\N,\N,\N,\N
937,937,WEDNESDAY,14:00:00,15:30:00,R137,\N,\N,\N,\N
938,938,THURSDAY,14:00:00,15:30:00,R138,\N,\N,\N,\N
939,939,FRIDAY,10:30:00,12:00:00,R139,\N,\N,\N,\N
940,940,MONDAY,13:30:00,15:00:00,R140,\N,\N,\N,\N
941,941,TUESDAY,14:30:00,16:00:00,R141,\N,\N,\N,\N
942,942,WEDNESDAY,11:30:00,13:00:00,R142,\N,\N,\N,\N
943,943,THURSDAY,13:00:00,14:30:00,R143,\N,\N,\N,\N
944,944,FRIDAY,11:00:00,12:30:00,R144,\N,\N,\N,\N
945,945,MONDAY,13:00:00,14:30:00,R145,\N,\N,\N,\N
946,946,TUESDAY,11:00:00,12:30:00,R146,\N,\N,\N,\N
947,947,WEDNESDAY,11:00:00,12:30:00,R147,\N,\N,\N,\N
948,948,THURSDAY,11:30:00,13:00:00,R148,\N,\N,\N,\N
949,949,FRIDAY,14:00:00,15:30:00,R149,\N,\N,\N,\N
950,950,MONDAY,13:30:00,15:00:00,R150,\N,\N,\N,\N
951,951,TUESDAY,13:00:00,14:30:00,R151,\N,\N,\N,\N
952,952,WEDNESDAY,11:30:00,13:00:00,R152,\N,\N,\N,\N
953,953,THURSDAY,09:00:00,10:30:00,R153,\N,\N,\N,\N
954,954,FRIDAY,12:00:00,13:30:00,R154,\N,\N,\N,\N
955,955,MONDAY,12:30:00,14:00:00,R155,\N,\N,\N,\N
956,956,TUESDAY,15:30:00,17:00:00,R156,\N,\N,\N,\N
957,957,WEDNESDAY,15:30:00,17:00:00,R157,\N,\N,\N,\N
958,958,THURSDAY,14:30:00,16:00:00,R158,\N,\N,\N,\N
959,959,FRIDAY,11:30:00,13:00:00,R159,\N,\N,\N,\N
960,960,MONDAY,13:00:00,14:30:00,R160,\N,\N,\N,\N
961,961,TUESDAY,14:00:00,15:30:00,R161,\N,\N,\N,\N
962,962,WEDNESDAY,14:00:00,15:30:00,R162,\N,\N,\N,\N
963,963,THURSDAY,14:00:00,15:30:00,R163,\N,\N,\N,\N
964,964,FRIDAY,13:30:00,15:00:00,R164,\N,\N,\N,\N
965,965,MONDAY,14:30:00,16:00:00,R165,\N,\N,\N,\N
966,966,TUESDAY,14:00:00,15:30:00,R166,\N,\N,\N,\N
967,967,WEDNESDAY,13:00:00,14:30:00,R167,\N,\N,\N,\N
968,968,THURSDAY,13:30:00,15:00:00,R168,\N,\N,\N,\N
969,969,FRIDAY,13:00:00,14:30:00,R169,\N,\N,\N,\N
970,970,MONDAY,11:00:00,12:30:00,R170,\N,\N,\N,\N
971,971,TUESDAY,10:30:00,12:00:00,R171,\N,\N,\N,\N
972,972,WEDNESDAY,15:00:00,16:30:00,R172,\N,\N,\N,\N
973,973,THURSDAY,13:00:00,14:30:00,R173,\N,\N,\N,\N
974,974,FRIDAY,10:00:00,11:30:00,R174,\N,\N,\N,\N
975,975,MONDAY,14:00:00,15:30:00,R175,\N,\N,\N,\N
976,976,TUESDAY,10:00:00,11:30:00,R176,\N,\N,\N,\N
977,977,WEDNESDAY,13:00:00,14:30:00,R177,\N,\N,\N,\N
978,978,THURSDAY,14:00:00,15:30:00,R178,\N,\N,\N,\N
979,979,FRIDAY,13:00:00,14:30:00,R179,\N,\N,\N,\N
980,980,MONDAY,13:00:00,14:30:00,R180,\N,\N,\N,\N
981,981,TUESDAY,11:30:00,13:00:00,R181,\N,\N,\N,\N
982,982,WEDNESDAY,14:30:00,16:00:00,R182,\N,\N,\N,\N
983,983,THURSDAY,10:00:00,11:30:00,R183,\N,\N,\N,\N
984,984,FRIDAY,11:00:00,12:30:00,R184,\N,\N,\N,\N
985,985,MONDAY,13:00:00,14:30:00,R185,\N,\N,\N,\N
986,986,TUESDAY,15:30:00,17:00:00,R186,\N,\N,\N,\N
987,987,WEDNESDAY,13:30:00,15:00:00,R187,\N,\N,\N,\N
988,988,THURSDAY,10:00:00,11:30:00,R188,\N,\N,\N,\N
989,989,FRIDAY,13:00:00,14:30:00,R189,\N,\N,\N,\N
990,990,MONDAY,10:00:00,11:30:00,R190,\N,\N,\N,\N
991,991,TUESDAY,13:30:00,15:00:00,R191,\N,\N,\N,\N
992,992,WEDNESDAY,13:30:00,15:00:00,R192,\N,\N,\N,\N
993,993,THURSDAY,09:00:00,10:30:00,R193,\N,\N,\N,\N
994,994,FRIDAY,11:30:00,13:00:00,R194,\N,\N,\N,\N
995,995,MONDAY,14:00:00,15:30:00,R195,\N,\N,\N,\N
996,996,TUESDAY,11:30:00,13:00:00,R196,\N,\N,\N,\N
997,997,WEDNESDAY,11:00:00,12:30:00,R197,\N,\N,\N,\N
998,998,THURSDAY,14:00:00,15:30:00,R198,\N,\N,\N,\N
999,999,FRIDAY,11:00:00,12:30:00,R199,\N,\N,\N,\N
1000,1000,MONDAY,13:30:00,15:00:00,R200,\N,\N,\N,\N
1001,1001,TUESDAY,13:30:00,15:00:00,R001,\N,\N,\N,\N
1002,1002,WEDNESDAY,11:30:00,13:00:00,R002,\N,\N,\N,\N
1003,1003,THURSDAY,13:30:00,15:00:00,R003,\N,\N,\N,\N
1004,1004,FRIDAY,14:00:00,15:30:00,R004,\N,\N,\N,\N
1005,1005,MONDAY,13:00:00,14:30:00,R005,\N,\N,\N,\N
1006,1006,TUESDAY,13:00:00,14:30:00,R006,\N,\N,\N,\N
1007,1007,WEDNESDAY,14:30:00,16:00:00,R007,\N,\N,\N,\N
1008,1008,THURSDAY,14:00:00,15:30:00,R008,\N,\N,\N,\N
1009,1009,FRIDAY,10:00:00,11:30:00,R009,\N,\N,\N,\N
1010,1010,MONDAY,11:00:00,12:30:00,R010,\N,\N,\N,\N
1011,1011,TUESDAY,10:30:00,12:00:00,R011,\N,\N,\N,\N
1012,1012,WEDNESDAY,12:00:00,13:30:00,R012,\N,\N,\N,\N
1013,1013,THURSDAY,10:00:00,11:30:00,R013,\N,\N,\N,\N
1014,1014,FRIDAY,11:30:00,13:00:00,R014,\N,\N,\N,\N
1015,1015,MONDAY,14:30:00,16:00:00,R015,\N,\N,\N,\N
1016,1016,TUESDAY,10:00:00,11:30:00,R016,\N,\N,\N,\N
1017,1017,WEDNESDAY,10:00:00,11:30:00,R017,\N,\N,\N,\N
1018,1018,THURSDAY,13:00:00,14:30:00,R018,\N,\N,\N,\N
1019,1019,FRIDAY,10:00:00,11:30:00,R019,\N,\N,\N,\N
1020,1020,MONDAY,12:30:00,14:00:00,R020,\N,\N,\N,\N
1021,1021,TUESDAY,09:30:00,11:00:00,R021,\N,\N,\N,\N
1022,1022,WEDNESDAY,10:00:00,11:30:00,R022,\N,\N,\N,\N
1023,1023,THURSDAY,13:00:00,14:30:00,R023,\N,\N,\N,\N
1024,1024,FRIDAY,10:30:00,12:00:00,R024,\N,\N,\N,\N
1025,1025,MONDAY,12:00:00,13:30:00,R025,\N,\N,\N,\N
1026,1026,TUESDAY,14:00:00,15:30:00,R026,\N,\N,\N,\N
1027,1027,WEDNESDAY,14:30:00,16:00:00,R027,\N,\N,\N,\N
1028,1028,THURSDAY,14:30:00,16:00:00,R028,\N,\N,\N,\N
1029,1029,FRIDAY,11:30:00,13:00:00,R029,\N,\N,\N,\N
1030,1030,MONDAY,10:30:00,12:00:00,R030,\N,\N,\N,\N
1031,1031,TUESDAY,13:30:00,15:00:00,R031,\N,\N,\N,\N
1032,1032,WEDNESDAY,14:00:00,15:30:00,R032,\N,\N,\N,\N
1033,1033,THURSDAY,15:00:00,16:30:00,R033,\N,\N,\N,\N
1034,1034,FRIDAY,10:30:00,12:00:00,R034,\N,\N,\N,\N
1035,1035,MONDAY,10:00:00,11:30:00,R035,\N,\N,\N,\N
1036,1036,TUESDAY,10:30:00,12:00:00,R036,\N,\N,\N,\N
1037,1037,WEDNESDAY,11:30:00,13:00:00,R037,\N,\N,\N,\N
1038,1038,THURSDAY,13:00:00,14:30:00,R038,\N,\N,\N,\N
1039,1039,FRIDAY,10:30:00,12:00:00,R039,\N,\N,\N,\N
1040,1040,MONDAY,14:30:00,16:00:00,R040,\N,\N,\N,\N
1041,1041,TUESDAY,15:30:00,17:00:00,R041,\N,\N,\N,\N
1042,1042,WEDNESDAY,11:30:00,13:00:00,R042,\N,\N,\N,\N
1043,1043,THURSDAY,10:00:00,11:30:00,R043,\N,\N,\N,\N
1044,1044,FRIDAY,13:30:00,15:00:00,R044,\N,\N,\N,\N
1045,1045,MONDAY,11:00:00,12:30:00,R045,\N,\N,\N,\N
1046,1046,TUESDAY,13:30:00,15:00:00,R046,\N,\N,\N,\N
1047,1047,WEDNESDAY,11:00:00,12:30:00,R047,\N,\N,\N,\N
1048,1048,THURSDAY,09:00:00,10:30:00,R048,\N,\N,\N,\N
1049,1049,FRIDAY,13:30:00,15:00:00,R049,\N,\N,\N,\N
1050,1050,MONDAY,12:00:00,13:30:00,R050,\N,\N,\N,\N
1051,1051,TUESDAY,14:00:00,15:30:00,R051,\N,\N,\N,\N
1052,1052,WEDNESDAY,10:00:00,11:30:00,R052,\N,\N,\N,\N
1053,1053,THURSDAY,11:00:00,12:30:00,R053,\N,\N,\N,\N
1054,1054,FRIDAY,13:00:00,14:30:00,R054,\N,\N,\N,\N
1055,1055,MONDAY,14:00:00,15:30:00,R055,\N,\N,\N,\N
1056,1056,TUESDAY,15:30:00,17:00:00,R056,\N,\N,\N,\N
1057,1057,WEDNESDAY,12:30:00,14:00:00,R057,\N,\N,\N,\N
1058,1058,THURSDAY,14:30:00,16:00:00,R058,\N,\N,\N,\N
1059,1059,FRIDAY,11:00:00,12:30:00,R059,\N,\N,\N,\N
1060,1060,MONDAY,13:30:00,15:00:00,R060,\N,\N,\N,\N
1061,1061,TUESDAY,12:30:00,14:00:00,R061,\N,\N,\N,\N
1062,1062,WEDNESDAY,11:00:00,12:30:00,R062,\N,\N,\N,\N
1063,1063,THURSDAY,13:00:00,14:30:00,R063,\N,\N,\N,\N
1064,1064,FRIDAY,14:00:00,15:30:00,R064,\N,\N,\N,\N
1065,1065,MONDAY,10:00:00,11:30:00,R065,\N,\N,\N,\N
1066,1066,TUESDAY,10:30:00,12:00:00,R066,\N,\N,\N,\N
1067,1067,WEDNESDAY,13:00:00,14:30:00,R067,\N,\N,\N,\N
1068,1068,THURSDAY,15:00:00,16:30:00,R068,\N,\N,\N,\N
1069,1069,FRIDAY,14:00:00,15:30:00,R069,\N,\N,\N,\N
1070,1070,MONDAY,15:00:00,16:30:00,R070,\N,\N,\N,\N
1071,1071,TUESDAY,12:00:00,13:30:00,R071,\N,\N,\N,\N
1072,1072,WEDNESDAY,12:00:00,13:30:00,R072,\N,\N,\N,\N
1073,1073,THURSDAY,09:30:00,11:00:00,R073,\N,\N,\N,\N
1074,1074,FRIDAY,13:30:00,15:00:00,R074,\N,\N,\N,\N
1075,1075,MONDAY,11:30:00,13:00:00,R075,\N,\N,\N,\N
1076,1076,TUESDAY,09:00:00,10:30:00,R076,\N,\N,\N,\N
1077,1077,WEDNESDAY,15:00:00,16:30:00,R077,\N,\N,\N,\N
1078,1078,THURSDAY,10:30:00,12:00:00,R078,\N,\N,\N,\N
1079,1079,FRIDAY,14:30:00,16:00:00,R079,\N,\N,\N,\N
1080,1080,MONDAY,12:00:00,13:30:00,R080,\N,\N,\N,\N
1081,1081,TUESDAY,10:00:00,11:30:00,R081,\N,\N,\N,\N
1082,1082,WEDNESDAY,14:00:00,15:30:00,R082,\N,\N,\N,\N
1083,1083,THURSDAY,10:00:00,11:30:00,R083,\N,\N,\N,\N
1084,1084,FRIDAY,11:00:00,12:30:00,R084,\N,\N,\N,\N
1085,1085,MONDAY,11:00:00,12:30:00,R085,\N,\N,\N,\N
1086,1086,TUESDAY,11:00:00,12:30:00,R086,\N,\N,\N,\N
1087,1087,WEDNESDAY,10:00:00,11:30:00,R087,\N,\N,\N,\N
1088,1088,THURSDAY,10:00:00,11:30:00,R088,\N,\N,\N,\N
1089,1089,FRIDAY,12:30:00,14:00:00,R089,\N,\N,\N,\N
1090,1090,MONDAY,13:00:00,14:30:00,R090,\N,\N,\N,\N
1091,1091,TUESDAY,10:00:00,11:30:00,R091,\N,\N,\N,\N
1092,1092,WEDNESDAY,15:30:00,17:00:00,R092,\N,\N,\N,\N
1093,1093,THURSDAY,14:30:00,16:00:00,R093,\N,\N,\N,\N
1094,1094,FRIDAY,11:00:00,12:30:00,R094,\N,\N,\N,\N
1095,1095,MONDAY,11:30:00,13:00:00,R095,\N,\N,\N,\N
1096,1096,TUESDAY,12:00:00,13:30:00,R096,\N,\N,\N,\N
1097,1097,WEDNESDAY,13:00:00,14:30:00,R097,\N,\N,\N,\N
1098,1098,THURSDAY,14:00:00,15:30:00,R098,\N,\N,\N,\N
1099,1099,FRIDAY,10:30:00,12:00:00,R099,\N,\N,\N,\N
1100,1100,MONDAY,11:00:00,12:30:00,R100,\N,\N,\N,\N
1101,1101,TUESDAY,11:00:00,12:30:00,R101,\N,\N,\N,\N
1102,1102,WEDNESDAY,14:00:00,15:30:00,R102,\N,\N,\N,\N
1103,1103,THURSDAY,14:30:00,16:00:00,R103,\N,\N,\N,\N
1104,1104,FRIDAY,13:30:00,15:00:00,R104,\N,\N,\N,\N
1105,1105,MONDAY,13:00:00,14:30:00,R105,\N,\N,\N,\N
1106,1106,TUESDAY,11:30:00,13:00:00,R106,\N,\N,\N,\N
1107,1107,WEDNESDAY,10:00:00,11:30:00,R107,\N,\N,\N,\N
1108,1108,THURSDAY,11:00:00,12:30:00,R108,\N,\N,\N,\N
1109,1109,FRIDAY,14:00:00,15:30:00,R109,\N,\N,\N,\N
1110,1110,MONDAY,12:00:00,13:30:00,R110,\N,\N,\N,\N
1111,1111,TUESDAY,13:30:00,15:00:00,R111,\N,\N,\N,\N
1112,1112,WEDNESDAY,10:30:00,12:00:00,R112,\N,\N,\N,\N
1113,1113,THURSDAY,13:30:00,15:00:00,R113,\N,\N,\N,\N
1114,1114,FRIDAY,11:00:00,12:30:00,R114,\N,\N,\N,\N
1115,1115,MONDAY,11:30:00,13:00:00,R115,\N,\N,\N,\N
1116,1116,TUESDAY,10:00:00,11:30:00,R116,\N,\N,\N,\N
1117,1117,WEDNESDAY,13:30:00,15:00:00,R117,\N,\N,\N,\N
1118,1118,THURSDAY,14:30:00,16:00:00,R118,\N,\N,\N,\N
1119,1119,FRIDAY,14:30:00,16:00:00,R119,\N,\N,\N,\N
1120,1120,MONDAY,11:30:00,13:00:00,R120,\N,\N,\N,\N
1121,1121,TUESDAY,13:30:00,15:00:00,R121,\N,\N,\N,\N
1122,1122,WEDNESDAY,09:00:00,10:30:00,R122,\N,\N,\N,\N
1123,1123,THURSDAY,11:00:00,12:30:00,R123,\N,\N,\N,\N
1124,1124,FRIDAY,14:00:00,15:30:00,R124,\N,\N,\N,\N
1125,1125,MONDAY,10:30:00,12:00:00,R125,\N,\N,\N,\N
1126,1126,TUESDAY,13:30:00,15:00:00,R126,\N,\N,\N,\N
1127,1127,WEDNESDAY,14:30:00,16:00:00,R127,\N,\N,\N,\N
1128,1128,THURSDAY,11:00:00,12:30:00,R128,\N,\N,\N,\N
1129,1129,FRIDAY,15:30:00,17:00:00,R129,\N,\N,\N,\N
1130,1130,MONDAY,13:00:00,14:30:00,R130,\N,\N,\N,\N
1131,1131,TUESDAY,14:30:00,16:00:00,R131,\N,\N,\N,\N
1132,1132,WEDNESDAY,10:00:00,11:30:00,R132,\N,\N,\N,\N
1133,1133,THURSDAY,10:00:00,11:30:00,R133,\N,\N,\N,\N
1134,1134,FRIDAY,14:00:00,15:30:00,R134,\N,\N,\N,\N
1135,1135,MONDAY,09:30:00,11:00:00,R135,\N,\N,\N,\N
1136,1136,TUESDAY,14:30:00,16:00:00,R136,\N,\N,\N,\N
1137,1137,WEDNESDAY,13:00:00,14:30:00,R137,\N,\N,\N,\N
1138,1138,THURSDAY,10:00:00,11:30:00,R138,\N,\N,\N,\N
1139,1139,FRIDAY,11:00:00,12:30:00,R139,\N,\N,\N,\N
1140,1140,MONDAY,13:30:00,15:00:00,R140,\N,\N,\N,\N
1141,1141,TUESDAY,12:30:00,14:00:00,R141,\N,\N,\N,\N
1142,1142,WEDNESDAY,14:00:00,15:30:00,R142,\N,\N,\N,\N
1143,1143,THURSDAY,10:30:00,12:00:00,R143,\N,\N,\N,\N
1144,1144,FRIDAY,11:00:00,12:30:00,R144,\N,\N,\N,\N
1145,1145,MONDAY,10:00:00,11:30:00,R145,\N,\N,\N,\N
1146,1146,TUESDAY,10:00:00,11:30:00,R146,\N,\N,\N,\N
1147,1147,WEDNESDAY,12:30:00,14:00:00,R147,\N,\N,\N,\N
1148,1148,THURSDAY,14:30:00,16:00:00,R148,\N,\N,\N,\N
1149,1149,FRIDAY,10:30:00,12:00:00,R149,\N,\N,\N,\N
1150,1150,MONDAY,10:00:00,11:30:00,R150,\N,\N,\N,\N
1151,1151,TUESDAY,10:30:00,12:00:00,R151,\N,\N,\N,\N
1152,1152,WEDNESDAY,14:00:00,15:30:00,R152,\N,\N,\N,\N
1153,1153,THURSDAY,11:00:00,12:30:00,R153,\N,\N,\N,\N
1154,1154,FRIDAY,13:00:00,14:30:00,R154,\N,\N,\N,\N
1155,1155,MONDAY,13:30:00,15:00:00,R155,\N,\N,\N,\N
1156,1156,TUESDAY,14:30:00,16:00:00,R156,\N,\N,\N,\N
1157,1157,WEDNESDAY,14:00:00,15:30:00,R157,\N,\N,\N,\N
1158,1158,THURSDAY,14:00:00,15:30:00,R158,\N,\N,\N,\N
1159,1159,FRIDAY,15:30:00,17:00:00,R159,\N,\N,\N,\N
1160,1160,MONDAY,11:30:00,13:00:00,R160,\N,\N,\N,\N
1161,1161,TUESDAY,14:00:00,15:30:00,R161,\N,\N,\N,\N
1162,1162,WEDNESDAY,10:00:00,11:30:00,R162,\N,\N,\N,\N
1163,1163,THURSDAY,14:30:00,16:00:00,R163,\N,\N,\N,\N
1164,1164,FRIDAY,14:00:00,15:30:00,R164,\N,\N,\N,\N
1165,1165,MONDAY,11:30:00,13:00:00,R165,\N,\N,\N,\N
1166,1166,TUESDAY,10:00:00,11:30:00,R166,\N,\N,\N,\N
1167,1167,WEDNESDAY,14:30:00,16:00:00,R167,\N,\N,\N,\N
1168,1168,THURSDAY,11:30:00,13:00:00,R168,\N,\N,\N,\N
1169,1169,FRIDAY,13:00:00,14:30:00,R169,\N,\N,\N,\N
1170,1170,MONDAY,13:00:00,14:30:00,R170,\N,\N,\N,\N
1171,1171,TUESDAY,10:30:00,12:00:00,R171,\N,\N,\N,\N
1172,1172,WEDNESDAY,14:30:00,16:00:00,R172,\N,\N,\N,\N
1173,1173,THURSDAY,10:00:00,11:30:00,R173,\N,\N,\N,\N
1174,1174,FRIDAY,14:30:00,16:00:00,R174,\N,\N,\N,\N
1175,1175,MONDAY,14:00:00,15:30:00,R175,\N,\N,\N,\N
1176,1176,TUESDAY,14:00:00,15:30:00,R176,\N,\N,\N,\N
1177,1177,WEDNESDAY,10:30:00,12:00:00,R177,\N,\N,\N,\N
1178,1178,THURSDAY,13:30:00,15:00:00,R178,\N,\N,\N,\N
1179,1179,FRIDAY,11:30:00,13:00:00,R179,\N,\N,\N,\N
1180,1180,MONDAY,11:00:00,12:30:00,R180,\N,\N,\N,\N
1181,1181,TUESDAY,10:30:00,12:00:00,R181,\N,\N,\N,\N
1182,1182,WEDNESDAY,13:30:00,15:00:00,R182,\N,\N,\N,\N
1183,1183,THURSDAY,11:30:00,13:00:00,R183,\N,\N,\N,\N
1184,1184,FRIDAY,11:30:00,13:00:00,R184,\N,\N,\N,\N
1185,1185,MONDAY,09:30:00,11:00:00,R185,\N,\N,\N,\N
1186,1186,TUESDAY,10:30:00,12:00:00,R186,\N,\N,\N,\N
1187,1187,WEDNESDAY,13:30:00,15:00:00,R187,\N,\N,\N,\N
1188,1188,THURSDAY,10:30:00,12:00:00,R188,\N,\N,\N,\N
1189,1189,FRIDAY,11:00:00,12:30:00,R189,\N,\N,\N,\N
1190,1190,MONDAY,15:00:00,16:30:00,R190,\N,\N,\N,\N
1191,1191,TUESDAY,11:30:00,13:00:00,R191,\N,\N,\N,\N
1192,1192,WEDNESDAY,11:00:00,12:30:00,R192,\N,\N,\N,\N
1193,1193,THURSDAY,14:30:00,16:00:00,R193,\N,\N,\N,\N
1194,1194,FRIDAY,11:30:00,13:00:00,R194,\N,\N,\N,\N
1195,1195,MONDAY,15:30:00,17:00:00,R195,\N,\N,\N,\N
1196,1196,TUESDAY,11:30:00,13:00:00,R196,\N,\N,\N,\N
1197,1197,WEDNESDAY,10:00:00,11:30:00,R197,\N,\N,\N,\N
1198,1198,THURSDAY,13:30:00,15:00:00,R198,\N,\N,\N,\N
1199,1199,FRIDAY,11:30:00,13:00:00,R199,\N,\N,\N,\N
1200,1200,MONDAY,09:00:00,10:30:00,R200,\N,\N,\N,\N
1201,1201,TUESDAY,11:30:00,13:00:00,R001,\N,\N,\N,\N
1202,1202,WEDNESDAY,11:30:00,13:00:00,R002,\N,\N,\N,\N
1203,1203,THURSDAY,11:00:00,12:30:00,R003,\N,\N,\N,\N
1204,1204,FRIDAY,14:00:00,15:30:00,R004,\N,\N,\N,\N
1205,1205,MONDAY,11:00:00,12:30:00,R005,\N,\N,\N,\N
1206,1206,TUESDAY,10:30:00,12:00:00,R006,\N,\N,\N,\N
1207,1207,WEDNESDAY,10:30:00,12:00:00,R007,\N,\N,\N,\N
1208,1208,THURSDAY,09:30:00,11:00:00,R008,\N,\N,\N,\N
1209,1209,FRIDAY,11:00:00,12:30:00,R009,\N,\N,\N,\N
1210,1210,MONDAY,09:00:00,10:30:00,R010,\N,\N,\N,\N
1211,1211,TUESDAY,14:00:00,15:30:00,R011,\N,\N,\N,\N
1212,1212,WEDNESDAY,10:30:00,12:00:00,R012,\N,\N,\N,\N
1213,1213,THURSDAY,15:30:00,17:00:00,R013,\N,\N,\N,\N
1214,1214,FRIDAY,13:00:00,14:30:00,R014,\N,\N,\N,\N
1215,1215,MONDAY,09:30:00,11:00:00,R015,\N,\N,\N,\N
1216,1216,TUESDAY,10:30:00,12:00:00,R016,\N,\N,\N,\N
1217,1217,WEDNESDAY,11:00:00,12:30:00,R017,\N,\N,\N,\N
1218,1218,THURSDAY,10:30:00,12:00:00,R018,\N,\N,\N,\N
1219,1219,FRIDAY,11:00:00,12:30:00,R019,\N,\N,\N,\N
1220,1220,MONDAY,14:00:00,15:30:00,R020,\N,\N,\N,\N
1221,1221,TUESDAY,13:30:00,15:00:00,R021,\N,\N,\N,\N
1222,1222,WEDNESDAY,10:30:00,12:00:00,R022,\N,\N,\N,\N
1223,1223,THURSDAY,11:00:00,12:30:00,R023,\N,\N,\N,\N
1224,1224,FRIDAY,14:00:00,15:30:00,R024,\N,\N,\N,\N
1225,1225,MONDAY,13:00:00,14:30:00,R025,\N,\N,\N,\N
1226,1226,TUESDAY,14:30:00,16:00:00,R026,\N,\N,\N,\N
1227,1227,WEDNESDAY,13:00:00,14:30:00,R027,\N,\N,\N,\N
1228,1228,THURSDAY,15:30:00,17:00:00,R028,\N,\N,\N,\N
1229,1229,FRIDAY,10:00:00,11:30:00,R029,\N,\N,\N,\N
1230,1230,MONDAY,13:00:00,14:30:00,R030,\N,\N,\N,\N
1231,1231,TUESDAY,13:00:00,14:30:00,R031,\N,\N,\N,\N
1232,1232,WEDNESDAY,10:00:00,11:30:00,R032,\N,\N,\N,\N
1233,1233,THURSDAY,10:00:00,11:30:00,R033,\N,\N,\N,\N
1234,1234,FRIDAY,13:30:00,15:00:00,R034,\N,\N,\N,\N
1235,1235,MONDAY,12:30:00,14:00:00,R035,\N,\N,\N,\N
1236,1236,TUESDAY,13:30:00,15:00:00,R036,\N,\N,\N,\N
1237,1237,WEDNESDAY,09:30:00,11:00:00,R037,\N,\N,\N,\N
1238,1238,THURSDAY,10:30:00,12:00:00,R038,\N,\N,\N,\N
1239,1239,FRIDAY,14:00:00,15:30:00,R039,\N,\N,\N,\N
1240,1240,MONDAY,13:30:00,15:00:00,R040,\N,\N,\N,\N
1241,1241,TUESDAY,14:30:00,16:00:00,R041,\N,\N,\N,\N
1242,1242,WEDNESDAY,10:00:00,11:30:00,R042,\N,\N,\N,\N
1243,1243,THURSDAY,14:30:00,16:00:00,R043,\N,\N,\N,\N
1244,1244,FRIDAY,13:00:00,14:30:00,R044,\N,\N,\N,\N
1245,1245,MONDAY,11:00:00,12:30:00,R045,\N,\N,\N,\N
1246,1246,TUESDAY,11:30:00,13:00:00,R046,\N,\N,\N,\N
1247,1247,WEDNESDAY,13:00:00,14:30:00,R047,\N,\N,\N,\N
1248,1248,THURSDAY,11:30:00,13:00:00,R048,\N,\N,\N,\N
1249,1249,FRIDAY,11:00:00,12:30:00,R049,\N,\N,\N,\N
1250,1250,MONDAY,11:00:00,12:30:00,R050,\N,\N,\N,\N
1251,1251,TUESDAY,11:30:00,13:00:00,R051,\N,\N,\N,\N
1252,1252,WEDNESDAY,15:30:00,17:00:00,R052,\N,\N,\N,\N
1253,1253,THURSDAY,14:30:00,16:00:00,R053,\N,\N,\N,\N
1254,1254,FRIDAY,13:00:00,14:30:00,R054,\N,\N,\N,\N
1255,1255,MONDAY,13:00:00,14:30:00,R055,\N,\N,\N,\N
1256,1256,TUESDAY,13:30:00,15:00:00,R056,\N,\N,\N,\N
1257,1257,WEDNESDAY,12:00:00,13:30:00,R057,\N,\N,\N,\N
1258,1258,THURSDAY,13:30:00,15:00:00,R058,\N,\N,\N,\N
1259,1259,FRIDAY,13:00:00,14:30:00,R059,\N,\N,\N,\N
1260,1260,MONDAY,14:30:00,16:00:00,R060,\N,\N,\N,\N
1261,1261,TUESDAY,10:00:00,11:30:00,R061,\N,\N,\N,\N
1262,1262,WEDNESDAY,10:30:00,12:00:00,R062,\N,\N,\N,\N
1263,1263,THURSDAY,14:30:00,16:00:00,R063,\N,\N,\N,\N
1264,1264,FRIDAY,11:30:00,13:00:00,R064,\N,\N,\N,\N
1265,1265,MONDAY,14:30:00,16:00:00,R065,\N,\N,\N,\N
1266,1266,TUESDAY,13:00:00,14:30:00,R066,\N,\N,\N,\N
1267,1267,WEDNESDAY,10:00:00,11:30:00,R067,\N,\N,\N,\N
1268,1268,THURSDAY,14:00:00,15:30:00,R068,\N,\N,\N,\N
1269,1269,FRIDAY,13:30:00,15:00:00,R069,\N,\N,\N,\N
1270,1270,MONDAY,13:30:00,15:00:00,R070,\N,\N,\N,\N
1271,1271,TUESDAY,13:30:00,15:00:00,R071,\N,\N,\N,\N
1272,1272,WEDNESDAY,14:00:00,15:30:00,R072,\N,\N,\N,\N
1273,1273,THURSDAY,10:00:00,11:30:00,R073,\N,\N,\N,\N
1274,1274,FRIDAY,13:00:00,14:30:00,R074,\N,\N,\N,\N
1275,1275,MONDAY,14:30:00,16:00:00,R075,\N,\N,\N,\N
1276,1276,TUESDAY,13:00:00,14:30:00,R076,\N,\N,\N,\N
1277,1277,WEDNESDAY,11:00:00,12:30:00,R077,\N,\N,\N,\N
1278,1278,THURSDAY,14:30:00,16:00:00,R078,\N,\N,\N,\N
1279,1279,FRIDAY,11:30:00,13:00:00,R079,\N,\N,\N,\N
1280,1280,MONDAY,14:00:00,15:30:00,R080,\N,\N,\N,\N
1281,1281,TUESDAY,11:00:00,12:30:00,R081,\N,\N,\N,\N
1282,1282,WEDNESDAY,11:30:00,13:00:00,R082,\N,\N,\N,\N
1283,1283,THURSDAY,11:30:00,13:00:00,R083,\N,\N,\N,\N
1284,1284,FRIDAY,11:30:00,13:00:00,R084,\N,\N,\N,\N
1285,1285,MONDAY,14:30:00,16:00:00,R085,\N,\N,\N,\N
1286,1286,TUESDAY,10:00:00,11:30:00,R086,\N,\N,\N,\N
1287,1287,WEDNESDAY,14:30:00,16:00:00,R087,\N,\N,\N,\N
1288,1288,THURSDAY,11:00:00,12:30:00,R088,\N,\N,\N,\N
1289,1289,FRIDAY,14:30:00,16:00:00,R089,\N,\N,\N,\N
1290,1290,MONDAY,10:30:00,12:00:00,R090,\N,\N,\N,\N
1291,1291,TUESDAY,15:30:00,17:00:00,R091,\N,\N,\N,\N
1292,1292,WEDNESDAY,14:30:00,16:00:00,R092,\N,\N,\N,\N
1293,1293,THURSDAY,14:30:00,16:00:00,R093,\N,\N,\N,\N
1294,1294,FRIDAY,13:30:00,15:00:00,R094,\N,\N,\N,\N
1295,1295,MONDAY,10:30:00,12:00:00,R095,\N,\N,\N,\N
1296,1296,TUESDAY,14:00:00,15:30:00,R096,\N,\N,\N,\N
1297,1297,WEDNESDAY,14:00:00,15:30:00,R097,\N,\N,\N,\N
1298,1298,THURSDAY,14:30:00,16:00:00,R098,\N,\N,\N,\N
1299,1299,FRIDAY,10:30:00,12:00:00,R099,\N,\N,\N,\N
1300,1300,MONDAY,12:00:00,13:30:00,R100,\N,\N,\N,\N
1301,1301,TUESDAY,12:30:00,14:00:00,R101,\N,\N,\N,\N
1302,1302,WEDNESDAY,14:00:00,15:30:00,R102,\N,\N,\N,\N
1303,1303,THURSDAY,10:00:00,11:30:00,R103,\N,\N,\N,\N
1304,1304,FRIDAY,15:00:00,16:30:00,R104,\N,\N,\N,\N
1305,1305,MONDAY,13:00:00,14:30:00,R105,\N,\N,\N,\N
1306,1306,TUESDAY,11:30:00,13:00:00,R106,\N,\N,\N,\N
1307,1307,WEDNESDAY,11:30:00,13:00:00,R107,\N,\N,\N,\N
1308,1308,THURSDAY,14:00:00,15:30:00,R108,\N,\N,\N,\N
1309,1309,FRIDAY,10:00:00,11:30:00,R109,\N,\N,\N,\N
1310,1310,MONDAY,10:00:00,11:30:00,R110,\N,\N,\N,\N
1311,1311,TUESDAY,14:00:00,15:30:00,R111,\N,\N,\N,\N
1312,1312,WEDNESDAY,14:30:00,16:00:00,R112,\N,\N,\N,\N
1313,1313,THURSDAY,14:30:00,16:00:00,R113,\N,\N,\N,\N
1314,1314,FRIDAY,10:30:00,12:00:00,R114,\N,\N,\N,\N
1315,1315,MONDAY,11:30:00,13:00:00,R115,\N,\N,\N,\N
1316,1316,TUESDAY,15:00:00,16:30:00,R116,\N,\N,\N,\N
1317,1317,WEDNESDAY,10:00:00,11:30:00,R117,\N,\N,\N,\N
1318,1318,THURSDAY,14:30:00,16:00:00,R118,\N,\N,\N,\N
1319,1319,FRIDAY,14:30:00,16:00:00,R119,\N,\N,\N,\N
1320,1320,MONDAY,14:30:00,16:00:00,R120,\N,\N,\N,\N
1321,1321,TUESDAY,09:30:00,11:00:00,R121,\N,\N,\N,\N
1322,1322,WEDNESDAY,11:30:00,13:00:00,R122,\N,\N,\N,\N
1323,1323,THURSDAY,09:30:00,11:00:00,R123,\N,\N,\N,\N
1324,1324,FRIDAY,10:30:00,12:00:00,R124,\N,\N,\N,\N
1325,1325,MONDAY,11:30:00,13:00:00,R125,\N,\N,\N,\N
1326,1326,TUESDAY,12:30:00,14:00:00,R126,\N,\N,\N,\N
1327,1327,WEDNESDAY,13:30:00,15:00:00,R127,\N,\N,\N,\N
1328,1328,THURSDAY,14:00:00,15:30:00,R128,\N,\N,\N,\N
1329,1329,FRIDAY,09:00:00,10:30:00,R129,\N,\N,\N,\N
1330,1330,MONDAY,10:30:00,12:00:00,R130,\N,\N,\N,\N
1331,1331,TUESDAY,11:30:00,13:00:00,R131,\N,\N,\N,\N
1332,1332,WEDNESDAY,15:00:00,16:30:00,R132,\N,\N,\N,\N
1333,1333,THURSDAY,13:30:00,15:00:00,R133,\N,\N,\N,\N
1334,1334,FRIDAY,11:00:00,12:30:00,R134,\N,\N,\N,\N
1335,1335,MONDAY,11:30:00,13:00:00,R135,\N,\N,\N,\N
1336,1336,TUESDAY,09:30:00,11:00:00,R136,\N,\N,\N,\N
1337,1337,WEDNESDAY,11:30:00,13:00:00,R137,\N,\N,\N,\N
1338,1338,THURSDAY,13:30:00,15:00:00,R138,\N,\N,\N,\N
1339,1339,FRIDAY,11:30:00,13:00:00,R139,\N,\N,\N,\N
1340,1340,MONDAY,13:00:00,14:30:00,R140,\N,\N,\N,\N
1341,1341,TUESDAY,14:00:00,15:30:00,R141,\N,\N,\N,\N
1342,1342,WEDNESDAY,13:30:00,15:00:00,R142,\N,\N,\N,\N
1343,1343,THURSDAY,13:30:00,15:00:00,R143,\N,\N,\N,\N
1344,1344,FRIDAY,10:00:00,11:30:00,R144,\N,\N,\N,\N
1345,1345,MONDAY,14:30:00,16:00:00,R145,\N,\N,\N,\N
1346,1346,TUESDAY,12:30:00,14:00:00,R146,\N,\N,\N,\N
1347,1347,WEDNESDAY,13:00:00,14:30:00,R147,\N,\N,\N,\N
1348,1348,THURSDAY,15:00:00,16:30:00,R148,\N,\N,\N,\N
1349,1349,FRIDAY,11:30:00,13:00:00,R149,\N,\N,\N,\N
1350,1350,MONDAY,10:30:00,12:00:00,R150,\N,\N,\N,\N
1351,1351,TUESDAY,11:30:00,13:00:00,R151,\N,\N,\N,\N
1352,1352,WEDNESDAY,10:00:00,11:30:00,R152,\N,\N,\N,\N
1353,1353,THURSDAY,10:30:00,12:00:00,R153,\N,\N,\N,\N
1354,1354,FRIDAY,11:30:00,13:00:00,R154,\N,\N,\N,\N
1355,1355,MONDAY,11:30:00,13:00:00,R155,\N,\N,\N,\N
1356,1356,TUESDAY,13:00:00,14:30:00,R156,\N,\N,\N,\N
1357,1357,WEDNESDAY,14:30:00,16:00:00,R157,\N,\N,\N,\N
1358,1358,THURSDAY,14:30:00,16:00:00,R158,\N,\N,\N,\N
1359,1359,FRIDAY,13:00:00,14:30:00,R159,\N,\N,\N,\N
1360,1360,MONDAY,14:00:00,15:30:00,R160,\N,\N,\N,\N
1361,1361,TUESDAY,11:30:00,13:00:00,R161,\N,\N,\N,\N
1362,1362,WEDNESDAY,11:30:00,13:00:00,R162,\N,\N,\N,\N
1363,1363,THURSDAY,13:00:00,14:30:00,R163,\N,\N,\N,\N
1364,1364,FRIDAY,10:30:00,12:00:00,R164,\N,\N,\N,\N
1365,1365,MONDAY,14:00:00,15:30:00,R165,\N,\N,\N,\N
1366,1366,TUESDAY,14:30:00,16:00:00,R166,\N,\N,\N,\N
1367,1367,WEDNESDAY,10:30:00,12:00:00,R167,\N,\N,\N,\N
1368,1368,THURSDAY,12:00:00,13:30:00,R168,\N,\N,\N,\N
1369,1369,FRIDAY,15:30:00,17:00:00,R169,\N,\N,\N,\N
1370,1370,MONDAY,14:30:00,16:00:00,R170,\N,\N,\N,\N
1371,1371,TUESDAY,13:30:00,15:00:00,R171,\N,\N,\N,\N
1372,1372,WEDNESDAY,12:30:00,14:00:00,R172,\N,\N,\N,\N
1373,1373,THURSDAY,10:00:00,11:30:00,R173,\N,\N,\N,\N
1374,1374,FRIDAY,10:00:00,11:30:00,R174,\N,\N,\N,\N
1375,1375,MONDAY,13:30:00,15:00:00,R175,\N,\N,\N,\N
1376,1376,TUESDAY,10:30:00,12:00:00,R176,\N,\N,\N,\N
1377,1377,WEDNESDAY,09:00:00,10:30:00,R177,\N,\N,\N,\N
1378,1378,THURSDAY,11:30:00,13:00:00,R178,\N,\N,\N,\N
1379,1379,FRIDAY,12:30:00,14:00:00,R179,\N,\N,\N,\N
1380,1380,MONDAY,11:30:00,13:00:00,R180,\N,\N,\N,\N
1381,1381,TUESDAY,11:00:00,12:30:00,R181,\N,\N,\N,\N
1382,1382,WEDNESDAY,11:00:00,12:30:00,R182,\N,\N,\N,\N
1383,1383,THURSDAY,12:00:00,13:30:00,R183,\N,\N,\N,\N
1384,1384,FRIDAY,13:00:00,14:30:00,R184,\N,\N,\N,\N
1385,1385,MONDAY,10:30:00,12:00:00,R185,\N,\N,\N,\N
1386,1386,TUESDAY,09:00:00,10:30:00,R186,\N,\N,\N,\N
1387,1387,WEDNESDAY,14:30:00,16:00:00,R187,\N,\N,\N,\N
1388,1388,THURSDAY,14:30:00,16:00:00,R188,\N,\N,\N,\N
1389,1389,FRIDAY,10:30:00,12:00:00,R189,\N,\N,\N,\N
1390,1390,MONDAY,11:00:00,12:30:00,R190,\N,\N,\N,\N
1391,1391,TUESDAY,13:00:00,14:30:00,R191,\N,\N,\N,\N
1392,1392,WEDNESDAY,14:00:00,15:30:00,R192,\N,\N,\N,\N
1393,1393,THURSDAY,10:00:00,11:30:00,R193,\N,\N,\N,\N
1394,1394,FRIDAY,13:00:00,14:30:00,R194,\N,\N,\N,\N
1395,1395,MONDAY,14:30:00,16:00:00,R195,\N,\N,\N,\N
1396,1396,TUESDAY,14:00:00,15:30:00,R196,\N,\N,\N,\N
1397,1397,WEDNESDAY,11:00:00,12:30:00,R197,\N,\N,\N,\N
1398,1398,THURSDAY,13:30:00,15:00:00,R198,\N,\N,\N,\N
1399,1399,FRIDAY,10:00:00,11:30:00,R199,\N,\N,\N,\N
1400,1400,MONDAY,14:30:00,16:00:00,R200,\N,\N,\N,\N
1401,1401,TUESDAY,09:30:00,11:00:00,R001,\N,\N,\N,\N
1402,1402,WEDNESDAY,13:30:00,15:00:00,R002,\N,\N,\N,\N
1403,1403,THURSDAY,11:00:00,12:30:00,R003,\N,\N,\N,\N
1404,1404,FRIDAY,13:00:00,14:30:00,R004,\N,\N,\N,\N
1405,1405,MONDAY,15:00:00,16:30:00,R005,\N,\N,\N,\N
1406,1406,TUESDAY,14:30:00,16:00:00,R006,\N,\N,\N,\N
1407,1407,WEDNESDAY,15:00:00,16:30:00,R007,\N,\N,\N,\N
1408,1408,THURSDAY,13:30:00,15:00:00,R008,\N,\N,\N,\N
1409,1409,FRIDAY,14:00:00,15:30:00,R009,\N,\N,\N,\N
1410,1410,MONDAY,12:00:00,13:30:00,R010,\N,\N,\N,\N
1411,1411,TUESDAY,10:30:00,12:00:00,R011,\N,\N,\N,\N
1412,1412,WEDNESDAY,13:30:00,15:00:00,R012,\N,\N,\N,\N
1413,1413,THURSDAY,09:30:00,11:00:00,R013,\N,\N,\N,\N
1414,1414,FRIDAY,13:00:00,14:30:00,R014,\N,\N,\N,\N
1415,1415,MONDAY,10:00:00,11:30:00,R015,\N,\N,\N,\N
1416,1416,TUESDAY,13:30:00,15:00:00,R016,\N,\N,\N,\N
1417,1417,WEDNESDAY,14:30:00,16:00:00,R017,\N,\N,\N,\N
1418,1418,THURSDAY,11:30:00,13:00:00,R018,\N,\N,\N,\N
1419,1419,FRIDAY,14:30:00,16:00:00,R019,\N,\N,\N,\N
1420,1420,MONDAY,10:00:00,11:30:00,R020,\N,\N,\N,\N
1421,1421,TUESDAY,10:30:00,12:00:00,R021,\N,\N,\N,\N
1422,1422,WEDNESDAY,14:30:00,16:00:00,R022,\N,\N,\N,\N
1423,1423,THURSDAY,15:30:00,17:00:00,R023,\N,\N,\N,\N
1424,1424,FRIDAY,13:30:00,15:00:00,R024,\N,\N,\N,\N
1425,1425,MONDAY,13:30:00,15:00:00,R025,\N,\N,\N,\N
1426,1426,TUESDAY,11:30:00,13:00:00,R026,\N,\N,\N,\N
1427,1427,WEDNESDAY,13:30:00,15:00:00,R027,\N,\N,\N,\N
1428,1428,THURSDAY,12:30:00,14:00:00,R028,\N,\N,\N,\N
1429,1429,FRIDAY,13:30:00,15:00:00,R029,\N,\N,\N,\N
1430,1430,MONDAY,10:00:00,11:30:00,R030,\N,\N,\N,\N
1431,1431,TUESDAY,13:30:00,15:00:00,R031,\N,\N,\N,\N
1432,1432,WEDNESDAY,10:00:00,11:30:00,R032,\N,\N,\N,\N
1433,1433,THURSDAY,11:00:00,12:30:00,R033,\N,\N,\N,\N
1434,1434,FRIDAY,13:00:00,14:30:00,R034,\N,\N,\N,\N
1435,1435,MONDAY,10:30:00,12:00:00,R035,\N,\N,\N,\N
1436,1436,TUESDAY,13:30:00,15:00:00,R036,\N,\N,\N,\N
1437,1437,WEDNESDAY,13:00:00,14:30:00,R037,\N,\N,\N,\N
1438,1438,THURSDAY,11:00:00,12:30:00,R038,\N,\N,\N,\N
1439,1439,FRIDAY,14:00:00,15:30:00,R039,\N,\N,\N,\N
1440,1440,MONDAY,14:00:00,15:30:00,R040,\N,\N,\N,\N
1441,1441,TUESDAY,11:30:00,13:00:00,R041,\N,\N,\N,\N
1442,1442,WEDNESDAY,10:30:00,12:00:00,R042,\N,\N,\N,\N
1443,1443,THURSDAY,10:00:00,11:30:00,R043,\N,\N,\N,\N
1444,1444,FRIDAY,11:30:00,13:00:00,R044,\N,\N,\N,\N
1445,1445,MONDAY,11:00:00,12:30:00,R045,\N,\N,\N,\N
1446,1446,TUESDAY,11:00:00,12:30:00,R046,\N,\N,\N,\N
1447,1447,WEDNESDAY,10:30:00,12:00:00,R047,\N,\N,\N,\N
1448,1448,THURSDAY,11:30:00,13:00:00,R048,\N,\N,\N,\N
1449,1449,FRIDAY,11:00:00,12:30:00,R049,\N,\N,\N,\N
1450,1450,MONDAY,10:30:00,12:00:00,R050,\N,\N,\N,\N
1451,1451,TUESDAY,14:30:00,16:00:00,R051,\N,\N,\N,\N
1452,1452,WEDNESDAY,13:30:00,15:00:00,R052,\N,\N,\N,\N
1453,1453,THURSDAY,15:00:00,16:30:00,R053,\N,\N,\N,\N
1454,1454,FRIDAY,15:30:00,17:00:00,R054,\N,\N,\N,\N
1455,1455,MONDAY,13:00:00,14:30:00,R055,\N,\N,\N,\N
1456,1456,TUESDAY,15:00:00,16:30:00,R056,\N,\N,\N,\N
1457,1457,WEDNESDAY,13:00:00,14:30:00,R057,\N,\N,\N,\N
1458,1458,THURSDAY,13:00:00,14:30:00,R058,\N,\N,\N,\N
1459,1459,FRIDAY,11:30:00,13:00:00,R059,\N,\N,\N,\N
1460,1460,MONDAY,13:00:00,14:30:00,R060,\N,\N,\N,\N
1461,1461,TUESDAY,11:00:00,12:30:00,R061,\N,\N,\N,\N
1462,1462,WEDNESDAY,14:00:00,15:30:00,R062,\N,\N,\N,\N
1463,1463,THURSDAY,13:00:00,14:30:00,R063,\N,\N,\N,\N
1464,1464,FRIDAY,12:30:00,14:00:00,R064,\N,\N,\N,\N
1465,1465,MONDAY,11:30:00,13:00:00,R065,\N,\N,\N,\N
1466,1466,TUESDAY,15:30:00,17:00:00,R066,\N,\N,\N,\N
1467,1467,WEDNESDAY,10:30:00,12:00:00,R067,\N,\N,\N,\N
1468,1468,THURSDAY,14:00:00,15:30:00,R068,\N,\N,\N,\N
1469,1469,FRIDAY,13:00:00,14:30:00,R069,\N,\N,\N,\N
1470,1470,MONDAY,11:00:00,12:30:00,R070,\N,\N,\N,\N
1471,1471,TUESDAY,12:30:00,14:00:00,R071,\N,\N,\N,\N
1472,1472,WEDNESDAY,13:30:00,15:00:00,R072,\N,\N,\N,\N
1473,1473,THURSDAY,13:00:00,14:30:00,R073,\N,\N,\N,\N
1474,1474,FRIDAY,10:00:00,11:30:00,R074,\N,\N,\N,\N
1475,1475,MONDAY,10:30:00,12:00:00,R075,\N,\N,\N,\N
1476,1476,TUESDAY,14:30:00,16:00:00,R076,\N,\N,\N,\N
1477,1477,WEDNESDAY,12:00:00,13:30:00,R077,\N,\N,\N,\N
1478,1478,THURSDAY,11:00:00,12:30:00,R078,\N,\N,\N,\N
1479,1479,FRIDAY,11:30:00,13:00:00,R079,\N,\N,\N,\N
1480,1480,MONDAY,13:00:00,14:30:00,R080,\N,\N,\N,\N
1481,1481,TUESDAY,13:00:00,14:30:00,R081,\N,\N,\N,\N
1482,1482,WEDNESDAY,13:30:00,15:00:00,R082,\N,\N,\N,\N
1483,1483,THURSDAY,15:30:00,17:00:00,R083,\N,\N,\N,\N
1484,1484,FRIDAY,14:30:00,16:00:00,R084,\N,\N,\N,\N
1485,1485,MONDAY,10:00:00,11:30:00,R085,\N,\N,\N,\N
1486,1486,TUESDAY,13:00:00,14:30:00,R086,\N,\N,\N,\N
1487,1487,WEDNESDAY,15:00:00,16:30:00,R087,\N,\N,\N,\N
1488,1488,THURSDAY,11:00:00,12:30:00,R088,\N,\N,\N,\N
1489,1489,FRIDAY,13:00:00,14:30:00,R089,\N,\N,\N,\N
1490,1490,MONDAY,14:00:00,15:30:00,R090,\N,\N,\N,\N
1491,1491,TUESDAY,13:00:00,14:30:00,R091,\N,\N,\N,\N
1492,1492,WEDNESDAY,11:30:00,13:00:00,R092,\N,\N,\N,\N
1493,1493,THURSDAY,10:30:00,12:00:00,R093,\N,\N,\N,\N
1494,1494,FRIDAY,13:00:00,14:30:00,R094,\N,\N,\N,\N
1495,1495,MONDAY,10:00:00,11:30:00,R095,\N,\N,\N,\N
1496,1496,TUESDAY,13:30:00,15:00:00,R096,\N,\N,\N,\N
1497,1497,WEDNESDAY,11:30:00,13:00:00,R097,\N,\N,\N,\N
1498,1498,THURSDAY,13:00:00,14:30:00,R098,\N,\N,\N,\N
1499,1499,FRIDAY,10:30:00,12:00:00,R099,\N,\N,\N,\N
1500,1500,MONDAY,10:00:00,11:30:00,R100,\N,\N,\N,\N
1501,1501,TUESDAY,10:30:00,12:00:00,R101,\N,\N,\N,\N
1502,1502,WEDNESDAY,13:00:00,14:30:00,R102,\N,\N,\N,\N
1503,1503,THURSDAY,13:00:00,14:30:00,R103,\N,\N,\N,\N
1504,1504,FRIDAY,13:30:00,15:00:00,R104,\N,\N,\N,\N
1505,1505,MONDAY,13:30:00,15:00:00,R105,\N,\N,\N,\N
1506,1506,TUESDAY,10:00:00,11:30:00,R106,\N,\N,\N,\N
1507,1507,WEDNESDAY,14:30:00,16:00:00,R107,\N,\N,\N,\N
1508,1508,THURSDAY,14:30:00,16:00:00,R108,\N,\N,\N,\N
1509,1509,FRIDAY,12:00:00,13:30:00,R109,\N,\N,\N,\N
1510,1510,MONDAY,13:00:00,14:30:00,R110,\N,\N,\N,\N
1511,1511,TUESDAY,14:00:00,15:30:00,R111,\N,\N,\N,\N
1512,1512,WEDNESDAY,13:30:00,15:00:00,R112,\N,\N,\N,\N
1513,1513,THURSDAY,10:30:00,12:00:00,R113,\N,\N,\N,\N
1514,1514,FRIDAY,13:30:00,15:00:00,R114,\N,\N,\N,\N
1515,1515,MONDAY,11:00:00,12:30:00,R115,\N,\N,\N,\N
1516,1516,TUESDAY,13:30:00,15:00:00,R116,\N,\N,\N,\N
1517,1517,WEDNESDAY,10:00:00,11:30:00,R117,\N,\N,\N,\N
1518,1518,THURSDAY,14:30:00,16:00:00,R118,\N,\N,\N,\N
1519,1519,FRIDAY,13:00:00,14:30:00,R119,\N,\N,\N,\N
1520,1520,MONDAY,12:00:00,13:30:00,R120,\N,\N,\N,\N
1521,1521,TUESDAY,11:00:00,12:30:00,R121,\N,\N,\N,\N
1522,1522,WEDNESDAY,11:30:00,13:00:00,R122,\N,\N,\N,\N
1523,1523,THURSDAY,13:30:00,15:00:00,R123,\N,\N,\N,\N
1524,1524,FRIDAY,11:30:00,13:00:00,R124,\N,\N,\N,\N
1525,1525,MONDAY,15:30:00,17:00:00,R125,\N,\N,\N,\N
1526,1526,TUESDAY,11:30:00,13:00:00,R126,\N,\N,\N,\N
1527,1527,WEDNESDAY,14:00:00,15:30:00,R127,\N,\N,\N,\N
1528,1528,THURSDAY,12:30:00,14:00:00,R128,\N,\N,\N,\N
1529,1529,FRIDAY,13:30:00,15:00:00,R129,\N,\N,\N,\N
1530,1530,MONDAY,11:00:00,12:30:00,R130,\N,\N,\N,\N
1531,1531,TUESDAY,11:30:00,13:00:00,R131,\N,\N,\N,\N
1532,1532,WEDNESDAY,12:30:00,14:00:00,R132,\N,\N,\N,\N
1533,1533,THURSDAY,14:30:00,16:00:00,R133,\N,\N,\N,\N
1534,1534,FRIDAY,13:00:00,14:30:00,R134,\N,\N,\N,\N
1535,1535,MONDAY,13:30:00,15:00:00,R135,\N,\N,\N,\N
1536,1536,TUESDAY,11:00:00,12:30:00,R136,\N,\N,\N,\N
1537,1537,WEDNESDAY,13:30:00,15:00:00,R137,\N,\N,\N,\N
1538,1538,THURSDAY,11:30:00,13:00:00,R138,\N,\N,\N,\N
1539,1539,FRIDAY,14:30:00,16:00:00,R139,\N,\N,\N,\N
1540,1540,MONDAY,13:00:00,14:30:00,R140,\N,\N,\N,\N
1541,1541,TUESDAY,14:30:00,16:00:00,R141,\N,\N,\N,\N
1542,1542,WEDNESDAY,09:30:00,11:00:00,R142,\N,\N,\N,\N
1543,1543,THURSDAY,14:30:00,16:00:00,R143,\N,\N,\N,\N
1544,1544,FRIDAY,12:30:00,14:00:00,R144,\N,\N,\N,\N
1545,1545,MONDAY,10:30:00,12:00:00,R145,\N,\N,\N,\N
1546,1546,TUESDAY,11:30:00,13:00:00,R146,\N,\N,\N,\N
1547,1547,WEDNESDAY,13:30:00,15:00:00,R147,\N,\N,\N,\N
1548,1548,THURSDAY,14:30:00,16:00:00,R148,\N,\N,\N,\N
1549,1549,FRIDAY,11:00:00,12:30:00,R149,\N,\N,\N,\N
1550,1550,MONDAY,10:00:00,11:30:00,R150,\N,\N,\N,\N
1551,1551,TUESDAY,11:00:00,12:30:00,R151,\N,\N,\N,\N
1552,1552,WEDNESDAY,11:30:00,13:00:00,R152,\N,\N,\N,\N
1553,1553,THURSDAY,11:00:00,12:30:00,R153,\N,\N,\N,\N
1554,1554,FRIDAY,12:00:00,13:30:00,R154,\N,\N,\N,\N
1555,1555,MONDAY,10:00:00,11:30:00,R155,\N,\N,\N,\N
1556,1556,TUESDAY,13:00:00,14:30:00,R156,\N,\N,\N,\N
1557,1557,WEDNESDAY,14:00:00,15:30:00,R157,\N,\N,\N,\N
1558,1558,THURSDAY,13:30:00,15:00:00,R158,\N,\N,\N,\N
1559,1559,FRIDAY,10:00:00,11:30:00,R159,\N,\N,\N,\N
1560,1560,MONDAY,13:30:00,15:00:00,R160,\N,\N,\N,\N
1561,1561,TUESDAY,11:00:00,12:30:00,R161,\N,\N,\N,\N
1562,1562,WEDNESDAY,13:00:00,14:30:00,R162,\N,\N,\N,\N
1563,1563,THURSDAY,11:30:00,13:00:00,R163,\N,\N,\N,\N
1564,1564,FRIDAY,10:00:00,11:30:00,R164,\N,\N,\N,\N
1565,1565,MONDAY,10:30:00,12:00:00,R165,\N,\N,\N,\N
1566,1566,TUESDAY,10:00:00,11:30:00,R166,\N,\N,\N,\N
1567,1567,WEDNESDAY,13:00:00,14:30:00,R167,\N,\N,\N,\N
1568,1568,THURSDAY,10:00:00,11:30:00,R168,\N,\N,\N,\N
1569,1569,FRIDAY,14:00:00,15:30:00,R169,\N,\N,\N,\N
1570,1570,MONDAY,14:30:00,16:00:00,R170,\N,\N,\N,\N
1571,1571,TUESDAY,10:30:00,12:00:00,R171,\N,\N,\N,\N
1572,1572,WEDNESDAY,13:00:00,14:30:00,R172,\N,\N,\N,\N
1573,1573,THURSDAY,12:00:00,13:30:00,R173,\N,\N,\N,\N
1574,1574,FRIDAY,13:00:00,14:30:00,R174,\N,\N,\N,\N
1575,1575,MONDAY,10:00:00,11:30:00,R175,\N,\N,\N,\N
1576,1576,TUESDAY,14:00:00,15:30:00,R176,\N,\N,\N,\N
1577,1577,WEDNESDAY,10:30:00,12:00:00,R177,\N,\N,\N,\N
1578,1578,THURSDAY,12:30:00,14:00:00,R178,\N,\N,\N,\N
1579,1579,FRIDAY,14:00:00,15:30:00,R179,\N,\N,\N,\N
1580,1580,MONDAY,11:00:00,12:30:00,R180,\N,\N,\N,\N
1581,1581,TUESDAY,14:30:00,16:00:00,R181,\N,\N,\N,\N
1582,1582,WEDNESDAY,15:00:00,16:30:00,R182,\N,\N,\N,\N
1583,1583,THURSDAY,13:00:00,14:30:00,R183,\N,\N,\N,\N
1584,1584,FRIDAY,13:30:00,15:00:00,R184,\N,\N,\N,\N
1585,1585,MONDAY,12:00:00,13:30:00,R185,\N,\N,\N,\N
1586,1586,TUESDAY,13:00:00,14:30:00,R186,\N,\N,\N,\N
1587,1587,WEDNESDAY,13:00:00,14:30:00,R187,\N,\N,\N,\N
1588,1588,THURSDAY,13:30:00,15:00:00,R188,\N,\N,\N,\N
1589,1589,FRIDAY,14:00:00,15:30:00,R189,\N,\N,\N,\N
1590,1590,MONDAY,10:00:00,11:30:00,R190,\N,\N,\N,\N
1591,1591,TUESDAY,11:00:00,12:30:00,R191,\N,\N,\N,\N
1592,1592,WEDNESDAY,11:00:00,12:30:00,R192,\N,\N,\N,\N
1593,1593,THURSDAY,11:00:00,12:30:00,R193,\N,\N,\N,\N
1594,1594,FRIDAY,10:30:00,12:00:00,R194,\N,\N,\N,\N
1595,1595,MONDAY,14:00:00,15:30:00,R195,\N,\N,\N,\N
1596,1596,TUESDAY,14:30:00,16:00:00,R196,\N,\N,\N,\N
1597,1597,WEDNESDAY,14:30:00,16:00:00,R197,\N,\N,\N,\N
1598,1598,THURSDAY,10:00:00,11:30:00,R198,\N,\N,\N,\N
1599,1599,FRIDAY,13:30:00,15:00:00,R199,\N,\N,\N,\N
1600,1600,MONDAY,10:30:00,12:00:00,R200,\N,\N,\N,\N
1601,1601,TUESDAY,12:00:00,13:30:00,R001,\N,\N,\N,\N
1602,1602,WEDNESDAY,11:30:00,13:00:00,R002,\N,\N,\N,\N
1603,1603,THURSDAY,10:00:00,11:30:00,R003,\N,\N,\N,\N
1604,1604,FRIDAY,11:30:00,13:00:00,R004,\N,\N,\N,\N
1605,1605,MONDAY,13:00:00,14:30:00,R005,\N,\N,\N,\N
1606,1606,TUESDAY,13:00:00,14:30:00,R006,\N,\N,\N,\N
1607,1607,WEDNESDAY,11:30:00,13:00:00,R007,\N,\N,\N,\N
1608,1608,THURSDAY,14:30:00,16:00:00,R008,\N,\N,\N,\N
1609,1609,FRIDAY,11:30:00,13:00:00,R009,\N,\N,\N,\N
1610,1610,MONDAY,10:00:00,11:30:00,R010,\N,\N,\N,\N
1611,1611,TUESDAY,13:00:00,14:30:00,R011,\N,\N,\N,\N
1612,1612,WEDNESDAY,14:00:00,15:30:00,R012,\N,\N,\N,\N
1613,1613,THURSDAY,09:30:00,11:00:00,R013,\N,\N,\N,\N
1614,1614,FRIDAY,14:00:00,15:30:00,R014,\N,\N,\N,\N
1615,1615,MONDAY,10:30:00,12:00:00,R015,\N,\N,\N,\N
1616,1616,TUESDAY,13:30:00,15:00:00,R016,\N,\N,\N,\N
1617,1617,WEDNESDAY,13:00:00,14:30:00,R017,\N,\N,\N,\N
1618,1618,THURSDAY,14:30:00,16:00:00,R018,\N,\N,\N,\N
1619,1619,FRIDAY,10:30:00,12:00:00,R019,\N,\N,\N,\N
1620,1620,MONDAY,13:00:00,14:30:00,R020,\N,\N,\N,\N
1621,1621,TUESDAY,11:30:00,13:00:00,R021,\N,\N,\N,\N
1622,1622,WEDNESDAY,14:30:00,16:00:00,R022,\N,\N,\N,\N
1623,1623,THURSDAY,10:00:00,11:30:00,R023,\N,\N,\N,\N
1624,1624,FRIDAY,09:30:00,11:00:00,R024,\N,\N,\N,\N
1625,1625,MONDAY,13:00:00,14:30:00,R025,\N,\N,\N,\N
1626,1626,TUESDAY,10:00:00,11:30:00,R026,\N,\N,\N,\N
1627,1627,WEDNESDAY,13:30:00,15:00:00,R027,\N,\N,\N,\N
1628,1628,THURSDAY,11:30:00,13:00:00,R028,\N,\N,\N,\N
1629,1629,FRIDAY,11:00:00,12:30:00,R029,\N,\N,\N,\N
1630,1630,MONDAY,10:00:00,11:30:00,R030,\N,\N,\N,\N
1631,1631,TUESDAY,12:00:00,13:30:00,R031,\N,\N,\N,\N
1632,1632,WEDNESDAY,14:00:00,15:30:00,R032,\N,\N,\N,\N
1633,1633,THURSDAY,11:00:00,12:30:00,R033,\N,\N,\N,\N
1634,1634,FRIDAY,14:00:00,15:30:00,R034,\N,\N,\N,\N
1635,1635,MONDAY,13:00:00,14:30:00,R035,\N,\N,\N,\N
1636,1636,TUESDAY,09:00:00,10:30:00,R036,\N,\N,\N,\N
1637,1637,WEDNESDAY,11:30:00,13:00:00,R037,\N,\N,\N,\N
1638,1638,THURSDAY,09:30:00,11:00:00,R038,\N,\N,\N,\N
1639,1639,FRIDAY,11:00:00,12:30:00,R039,\N,\N,\N,\N
1640,1640,MONDAY,11:30:00,13:00:00,R040,\N,\N,\N,\N
1641,1641,TUESDAY,11:30:00,13:00:00,R041,\N,\N,\N,\N
1642,1642,WEDNESDAY,14:30:00,16:00:00,R042,\N,\N,\N,\N
1643,1643,THURSDAY,13:30:00,15:00:00,R043,\N,\N,\N,\N
1644,1644,FRIDAY,14:30:00,16:00:00,R044,\N,\N,\N,\N
1645,1645,MONDAY,10:30:00,12:00:00,R045,\N,\N,\N,\N
1646,1646,TUESDAY,12:00:00,13:30:00,R046,\N,\N,\N,\N
1647,1647,WEDNESDAY,10:30:00,12:00:00,R047,\N,\N,\N,\N
1648,1648,THURSDAY,12:30:00,14:00:00,R048,\N,\N,\N,\N
1649,1649,FRIDAY,10:30:00,12:00:00,R049,\N,\N,\N,\N
1650,1650,MONDAY,10:30:00,12:00:00,R050,\N,\N,\N,\N
1651,1651,TUESDAY,10:30:00,12:00:00,R051,\N,\N,\N,\N
1652,1652,WEDNESDAY,14:00:00,15:30:00,R052,\N,\N,\N,\N
1653,1653,THURSDAY,13:30:00,15:00:00,R053,\N,\N,\N,\N
1654,1654,FRIDAY,11:00:00,12:30:00,R054,\N,\N,\N,\N
1655,1655,MONDAY,10:30:00,12:00:00,R055,\N,\N,\N,\N
1656,1656,TUESDAY,14:30:00,16:00:00,R056,\N,\N,\N,\N
1657,1657,WEDNESDAY,14:00:00,15:30:00,R057,\N,\N,\N,\N
1658,1658,THURSDAY,09:30:00,11:00:00,R058,\N,\N,\N,\N
1659,1659,FRIDAY,13:00:00,14:30:00,R059,\N,\N,\N,\N
1660,1660,MONDAY,15:00:00,16:30:00,R060,\N,\N,\N,\N
1661,1661,TUESDAY,10:30:00,12:00:00,R061,\N,\N,\N,\N
1662,1662,WEDNESDAY,11:30:00,13:00:00,R062,\N,\N,\N,\N
1663,1663,THURSDAY,12:00:00,13:30:00,R063,\N,\N,\N,\N
1664,1664,FRIDAY,14:30:00,16:00:00,R064,\N,\N,\N,\N
1665,1665,MONDAY,09:00:00,10:30:00,R065,\N,\N,\N,\N
1666,1666,TUESDAY,14:00:00,15:30:00,R066,\N,\N,\N,\N
1667,1667,WEDNESDAY,10:30:00,12:00:00,R067,\N,\N,\N,\N
1668,1668,THURSDAY,15:00:00,16:30:00,R068,\N,\N,\N,\N
1669,1669,FRIDAY,14:00:00,15:30:00,R069,\N,\N,\N,\N
1670,1670,MONDAY,10:30:00,12:00:00,R070,\N,\N,\N,\N
1671,1671,TUESDAY,11:30:00,13:00:00,R071,\N,\N,\N,\N
1672,1672,WEDNESDAY,13:30:00,15:00:00,R072,\N,\N,\N,\N
1673,1673,THURSDAY,14:30:00,16:00:00,R073,\N,\N,\N,\N
1674,1674,FRIDAY,11:00:00,12:30:00,R074,\N,\N,\N,\N
1675,1675,MONDAY,13:30:00,15:00:00,R075,\N,\N,\N,\N
1676,1676,TUESDAY,14:00:00,15:30:00,R076,\N,\N,\N,\N
1677,1677,WEDNESDAY,13:00:00,14:30:00,R077,\N,\N,\N,\N
1678,1678,THURSDAY,13:00:00,14:30:00,R078,\N,\N,\N,\N
1679,1679,FRIDAY,14:30:00,16:00:00,R079,\N,\N,\N,\N
1680,1680,MONDAY,09:30:00,11:00:00,R080,\N,\N,\N,\N
1681,1681,TUESDAY,13:00:00,14:30:00,R081,\N,\N,\N,\N
1682,1682,WEDNESDAY,14:00:00,15:30:00,R082,\N,\N,\N,\N
1683,1683,THURSDAY,10:00:00,11:30:00,R083,\N,\N,\N,\N
1684,1684,FRIDAY,13:00:00,14:30:00,R084,\N,\N,\N,\N
1685,1685,MONDAY,14:30:00,16:00:00,R085,\N,\N,\N,\N
1686,1686,TUESDAY,11:00:00,12:30:00,R086,\N,\N,\N,\N
1687,1687,WEDNESDAY,09:30:00,11:00:00,R087,\N,\N,\N,\N
1688,1688,THURSDAY,14:00:00,15:30:00,R088,\N,\N,\N,\N
1689,1689,FRIDAY,11:00:00,12:30:00,R089,\N,\N,\N,\N
1690,1690,MONDAY,14:00:00,15:30:00,R090,\N,\N,\N,\N
1691,1691,TUESDAY,10:30:00,12:00:00,R091,\N,\N,\N,\N
1692,1692,WEDNESDAY,10:00:00,11:30:00,R092,\N,\N,\N,\N
1693,1693,THURSDAY,15:30:00,17:00:00,R093,\N,\N,\N,\N
1694,1694,FRIDAY,13:30:00,15:00:00,R094,\N,\N,\N,\N
1695,1695,MONDAY,11:00:00,12:30:00,R095,\N,\N,\N,\N
1696,1696,TUESDAY,10:00:00,11:30:00,R096,\N,\N,\N,\N
1697,1697,WEDNESDAY,14:00:00,15:30:00,R097,\N,\N,\N,\N
1698,1698,THURSDAY,14:00:00,15:30:00,R098,\N,\N,\N,\N
1699,1699,FRIDAY,13:30:00,15:00:00,R099,\N,\N,\N,\N
1700,1700,MONDAY,10:30:00,12:00:00,R100,\N,\N,\N,\N
1701,1701,TUESDAY,13:30:00,15:00:00,R101,\N,\N,\N,\N
1702,1702,WEDNESDAY,14:00:00,15:30:00,R102,\N,\N,\N,\N
1703,1703,THURSDAY,10:30:00,12:00:00,R103,\N,\N,\N,\N
1704,1704,FRIDAY,11:00:00,12:30:00,R104,\N,\N,\N,\N
1705,1705,MONDAY,11:00:00,12:30:00,R105,\N,\N,\N,\N
1706,1706,TUESDAY,13:30:00,15:00:00,R106,\N,\N,\N,\N
1707,1707,WEDNESDAY,10:00:00,11:30:00,R107,\N,\N,\N,\N
1708,1708,THURSDAY,12:00:00,13:30:00,R108,\N,\N,\N,\N
1709,1709,FRIDAY,11:00:00,12:30:00,R109,\N,\N,\N,\N
1710,1710,MONDAY,10:00:00,11:30:00,R110,\N,\N,\N,\N
1711,1711,TUESDAY,11:00:00,12:30:00,R111,\N,\N,\N,\N
1712,1712,WEDNESDAY,10:00:00,11:30:00,R112,\N,\N,\N,\N
1713,1713,THURSDAY,13:00:00,14:30:00,R113,\N,\N,\N,\N
1714,1714,FRIDAY,12:30:00,14:00:00,R114,\N,\N,\N,\N
1715,1715,MONDAY,13:00:00,14:30:00,R115,\N,\N,\N,\N
1716,1716,TUESDAY,13:30:00,15:00:00,R116,\N,\N,\N,\N
1717,1717,WEDNESDAY,14:00:00,15:30:00,R117,\N,\N,\N,\N
1718,1718,THURSDAY,14:00:00,15:30:00,R118,\N,\N,\N,\N
1719,1719,FRIDAY,11:00:00,12:30:00,R119,\N,\N,\N,\N
1720,1720,MONDAY,10:00:00,11:30:00,R120,\N,\N,\N,\N
1721,1721,TUESDAY,11:00:00,12:30:00,R121,\N,\N,\N,\N
1722,1722,WEDNESDAY,12:00:00,13:30:00,R122,\N,\N,\N,\N
1723,1723,THURSDAY,14:00:00,15:30:00,R123,\N,\N,\N,\N
1724,1724,FRIDAY,10:30:00,12:00:00,R124,\N,\N,\N,\N
1725,1725,MONDAY,13:30:00,15:00:00,R125,\N,\N,\N,\N
1726,1726,TUESDAY,11:30:00,13:00:00,R126,\N,\N,\N,\N
1727,1727,WEDNESDAY,10:30:00,12:00:00,R127,\N,\N,\N,\N
1728,1728,THURSDAY,14:30:00,16:00:00,R128,\N,\N,\N,\N
1729,1729,FRIDAY,14:30:00,16:00:00,R129,\N,\N,\N,\N
1730,1730,MONDAY,13:30:00,15:00:00,R130,\N,\N,\N,\N
1731,1731,TUESDAY,13:00:00,14:30:00,R131,\N,\N,\N,\N
1732,1732,WEDNESDAY,13:00:00,14:30:00,R132,\N,\N,\N,\N
1733,1733,THURSDAY,13:30:00,15:00:00,R133,\N,\N,\N,\N
1734,1734,FRIDAY,10:30:00,12:00:00,R134,\N,\N,\N,\N
1735,1735,MONDAY,14:30:00,16:00:00,R135,\N,\N,\N,\N
1736,1736,TUESDAY,14:30:00,16:00:00,R136,\N,\N,\N,\N
1737,1737,WEDNESDAY,14:30:00,16:00:00,R137,\N,\N,\N,\N
1738,1738,THURSDAY,13:30:00,15:00:00,R138,\N,\N,\N,\N
1739,1739,FRIDAY,11:30:00,13:00:00,R139,\N,\N,\N,\N
1740,1740,MONDAY,11:30:00,13:00:00,R140,\N,\N,\N,\N
1741,1741,TUESDAY,14:30:00,16:00:00,R141,\N,\N,\N,\N
1742,1742,WEDNESDAY,11:30:00,13:00:00,R142,\N,\N,\N,\N
1743,1743,THURSDAY,14:30:00,16:00:00,R143,\N,\N,\N,\N
1744,1744,FRIDAY,10:30:00,12:00:00,R144,\N,\N,\N,\N
1745,1745,MONDAY,14:00:00,15:30:00,R145,\N,\N,\N,\N
1746,1746,TUESDAY,12:00:00,13:30:00,R146,\N,\N,\N,\N
1747,1747,WEDNESDAY,13:00:00,14:30:00,R147,\N,\N,\N,\N
1748,1748,THURSDAY,10:00:00,11:30:00,R148,\N,\N,\N,\N
1749,1749,FRIDAY,11:30:00,13:00:00,R149,\N,\N,\N,\N
1750,1750,MONDAY,13:00:00,14:30:00,R150,\N,\N,\N,\N
1751,1751,TUESDAY,12:00:00,13:30:00,R151,\N,\N,\N,\N
1752,1752,WEDNESDAY,12:30:00,14:00:00,R152,\N,\N,\N,\N
1753,1753,THURSDAY,13:00:00,14:30:00,R153,\N,\N,\N,\N
1754,1754,FRIDAY,14:30:00,16:00:00,R154,\N,\N,\N,\N
1755,1755,MONDAY,10:00:00,11:30:00,R155,\N,\N,\N,\N
1756,1756,TUESDAY,13:00:00,14:30:00,R156,\N,\N,\N,\N
1757,1757,WEDNESDAY,14:00:00,15:30:00,R157,\N,\N,\N,\N
1758,1758,THURSDAY,13:00:00,14:30:00,R158,\N,\N,\N,\N
1759,1759,FRIDAY,10:00:00,11:30:00,R159,\N,\N,\N,\N
1760,1760,MONDAY,14:00:00,15:30:00,R160,\N,\N,\N,\N
1761,1761,TUESDAY,14:30:00,16:00:00,R161,\N,\N,\N,\N
1762,1762,WEDNESDAY,11:30:00,13:00:00,R162,\N,\N,\N,\N
1763,1763,THURSDAY,10:30:00,12:00:00,R163,\N,\N,\N,\N
1764,1764,FRIDAY,11:00:00,12:30:00,R164,\N,\N,\N,\N
1765,1765,MONDAY,13:30:00,15:00:00,R165,\N,\N,\N,\N
1766,1766,TUESDAY,14:30:00,16:00:00,R166,\N,\N,\N,\N
1767,1767,WEDNESDAY,13:00:00,14:30:00,R167,\N,\N,\N,\N
1768,1768,THURSDAY,10:00:00,11:30:00,R168,\N,\N,\N,\N
1769,1769,FRIDAY,09:30:00,11:00:00,R169,\N,\N,\N,\N
1770,1770,MONDAY,11:30:00,13:00:00,R170,\N,\N,\N,\N
1771,1771,TUESDAY,13:00:00,14:30:00,R171,\N,\N,\N,\N
1772,1772,WEDNESDAY,10:00:00,11:30:00,R172,\N,\N,\N,\N
1773,1773,THURSDAY,11:00:00,12:30:00,R173,\N,\N,\N,\N
1774,1774,FRIDAY,11:00:00,12:30:00,R174,\N,\N,\N,\N
1775,1775,MONDAY,10:30:00,12:00:00,R175,\N,\N,\N,\N
1776,1776,TUESDAY,14:30:00,16:00:00,R176,\N,\N,\N,\N
1777,1777,WEDNESDAY,14:30:00,16:00:00,R177,\N,\N,\N,\N
1778,1778,THURSDAY,13:00:00,14:30:00,R178,\N,\N,\N,\N
1779,1779,FRIDAY,15:00:00,16:30:00,R179,\N,\N,\N,\N
1780,1780,MONDAY,10:00:00,11:30:00,R180,\N,\N,\N,\N
1781,1781,TUESDAY,11:30:00,13:00:00,R181,\N,\N,\N,\N
1782,1782,WEDNESDAY,13:00:00,14:30:00,R182,\N,\N,\N,\N
1783,1783,THURSDAY,14:30:00,16:00:00,R183,\N,\N,\N,\N
1784,1784,FRIDAY,14:30:00,16:00:00,R184,\N,\N,\N,\N
1785,1785,MONDAY,13:00:00,14:30:00,R185,\N,\N,\N,\N
1786,1786,TUESDAY,11:00:00,12:30:00,R186,\N,\N,\N,\N
1787,1787,WEDNESDAY,15:00:00,16:30:00,R187,\N,\N,\N,\N
1788,1788,THURSDAY,11:00:00,12:30:00,R188,\N,\N,\N,\N
1789,1789,FRIDAY,13:30:00,15:00:00,R189,\N,\N,\N,\N
1790,1790,MONDAY,14:30:00,16:00:00,R190,\N,\N,\N,\N
1791,1791,TUESDAY,13:30:00,15:00:00,R191,\N,\N,\N,\N
1792,1792,WEDNESDAY,13:00:00,14:30:00,R192,\N,\N,\N,\N
1793,1793,THURSDAY,11:30:00,13:00:00,R193,\N,\N,\N,\N
1794,1794,FRIDAY,10:30:00,12:00:00,R194,\N,\N,\N,\N
1795,1795,MONDAY,10:30:00,12:00:00,R195,\N,\N,\N,\N
1796,1796,TUESDAY,09:30:00,11:00:00,R196,\N,\N,\N,\N
1797,1797,WEDNESDAY,10:30:00,12:00:00,R197,\N,\N,\N,\N
1798,1798,THURSDAY,14:30:00,16:00:00,R198,\N,\N,\N,\N
1799,1799,FRIDAY,13:30:00,15:00:00,R199,\N,\N,\N,\N
1800,1800,MONDAY,13:00:00,14:30:00,R200,\N,\N,\N,\N
1801,1801,TUESDAY,14:30:00,16:00:00,R001,\N,\N,\N,\N
1802,1802,WEDNESDAY,10:30:00,12:00:00,R002,\N,\N,\N,\N
1803,1803,THURSDAY,11:00:00,12:30:00,R003,\N,\N,\N,\N
1804,1804,FRIDAY,11:00:00,12:30:00,R004,\N,\N,\N,\N
1805,1805,MONDAY,13:00:00,14:30:00,R005,\N,\N,\N,\N
1806,1806,TUESDAY,11:30:00,13:00:00,R006,\N,\N,\N,\N
1807,1807,WEDNESDAY,12:00:00,13:30:00,R007,\N,\N,\N,\N
1808,1808,THURSDAY,14:30:00,16:00:00,R008,\N,\N,\N,\N
1809,1809,FRIDAY,11:00:00,12:30:00,R009,\N,\N,\N,\N
1810,1810,MONDAY,10:30:00,12:00:00,R010,\N,\N,\N,\N
1811,1811,TUESDAY,11:00:00,12:30:00,R011,\N,\N,\N,\N
1812,1812,WEDNESDAY,11:00:00,12:30:00,R012,\N,\N,\N,\N
1813,1813,THURSDAY,13:00:00,14:30:00,R013,\N,\N,\N,\N
1814,1814,FRIDAY,10:30:00,12:00:00,R014,\N,\N,\N,\N
1815,1815,MONDAY,13:00:00,14:30:00,R015,\N,\N,\N,\N
1816,1816,TUESDAY,11:30:00,13:00:00,R016,\N,\N,\N,\N
1817,1817,WEDNESDAY,13:00:00,14:30:00,R017,\N,\N,\N,\N
1818,1818,THURSDAY,14:00:00,15:30:00,R018,\N,\N,\N,\N
1819,1819,FRIDAY,11:00:00,12:30:00,R019,\N,\N,\N,\N
1820,1820,MONDAY,14:30:00,16:00:00,R020,\N,\N,\N,\N
1821,1821,TUESDAY,14:00:00,15:30:00,R021,\N,\N,\N,\N
1822,1822,WEDNESDAY,12:00:00,13:30:00,R022,\N,\N,\N,\N
1823,1823,THURSDAY,12:30:00,14:00:00,R023,\N,\N,\N,\N
1824,1824,FRIDAY,10:00:00,11:30:00,R024,\N,\N,\N,\N
1825,1825,MONDAY,10:30:00,12:00:00,R025,\N,\N,\N,\N
1826,1826,TUESDAY,14:30:00,16:00:00,R026,\N,\N,\N,\N
1827,1827,WEDNESDAY,13:00:00,14:30:00,R027,\N,\N,\N,\N
1828,1828,THURSDAY,10:00:00,11:30:00,R028,\N,\N,\N,\N
1829,1829,FRIDAY,10:30:00,12:00:00,R029,\N,\N,\N,\N
1830,1830,MONDAY,11:00:00,12:30:00,R030,\N,\N,\N,\N
1831,1831,TUESDAY,11:00:00,12:30:00,R031,\N,\N,\N,\N
1832,1832,WEDNESDAY,10:30:00,12:00:00,R032,\N,\N,\N,\N
1833,1833,THURSDAY,14:30:00,16:00:00,R033,\N,\N,\N,\N
1834,1834,FRIDAY,09:30:00,11:00:00,R034,\N,\N,\N,\N
1835,1835,MONDAY,14:30:00,16:00:00,R035,\N,\N,\N,\N
1836,1836,TUESDAY,14:30:00,16:00:00,R036,\N,\N,\N,\N
1837,1837,WEDNESDAY,15:00:00,16:30:00,R037,\N,\N,\N,\N
1838,1838,THURSDAY,14:30:00,16:00:00,R038,\N,\N,\N,\N
1839,1839,FRIDAY,13:30:00,15:00:00,R039,\N,\N,\N,\N
1840,1840,MONDAY,14:30:00,16:00:00,R040,\N,\N,\N,\N
1841,1841,TUESDAY,11:00:00,12:30:00,R041,\N,\N,\N,\N
1842,1842,WEDNESDAY,11:30:00,13:00:00,R042,\N,\N,\N,\N
1843,1843,THURSDAY,11:00:00,12:30:00,R043,\N,\N,\N,\N
1844,1844,FRIDAY,12:30:00,14:00:00,R044,\N,\N,\N,\N
1845,1845,MONDAY,13:30:00,15:00:00,R045,\N,\N,\N,\N
1846,1846,TUESDAY,14:00:00,15:30:00,R046,\N,\N,\N,\N
1847,1847,WEDNESDAY,13:30:00,15:00:00,R047,\N,\N,\N,\N
1848,1848,THURSDAY,14:00:00,15:30:00,R048,\N,\N,\N,\N
1849,1849,FRIDAY,14:00:00,15:30:00,R049,\N,\N,\N,\N
1850,1850,MONDAY,15:00:00,16:30:00,R050,\N,\N,\N,\N
1851,1851,TUESDAY,11:00:00,12:30:00,R051,\N,\N,\N,\N
1852,1852,WEDNESDAY,11:00:00,12:30:00,R052,\N,\N,\N,\N
1853,1853,THURSDAY,13:00:00,14:30:00,R053,\N,\N,\N,\N
1854,1854,FRIDAY,11:00:00,12:30:00,R054,\N,\N,\N,\N
1855,1855,MONDAY,13:00:00,14:30:00,R055,\N,\N,\N,\N
1856,1856,TUESDAY,13:30:00,15:00:00,R056,\N,\N,\N,\N
1857,1857,WEDNESDAY,13:30:00,15:00:00,R057,\N,\N,\N,\N
1858,1858,THURSDAY,14:00:00,15:30:00,R058,\N,\N,\N,\N
1859,1859,FRIDAY,11:00:00,12:30:00,R059,\N,\N,\N,\N
1860,1860,MONDAY,14:30:00,16:00:00,R060,\N,\N,\N,\N
1861,1861,TUESDAY,15:30:00,17:00:00,R061,\N,\N,\N,\N
1862,1862,WEDNESDAY,10:30:00,12:00:00,R062,\N,\N,\N,\N
1863,1863,THURSDAY,11:00:00,12:30:00,R063,\N,\N,\N,\N
1864,1864,FRIDAY,14:30:00,16:00:00,R064,\N,\N,\N,\N
1865,1865,MONDAY,13:00:00,14:30:00,R065,\N,\N,\N,\N
1866,1866,TUESDAY,10:30:00,12:00:00,R066,\N,\N,\N,\N
1867,1867,WEDNESDAY,10:30:00,12:00:00,R067,\N,\N,\N,\N
1868,1868,THURSDAY,13:30:00,15:00:00,R068,\N,\N,\N,\N
1869,1869,FRIDAY,11:30:00,13:00:00,R069,\N,\N,\N,\N
1870,1870,MONDAY,12:30:00,14:00:00,R070,\N,\N,\N,\N
1871,1871,TUESDAY,10:00:00,11:30:00,R071,\N,\N,\N,\N
1872,1872,WEDNESDAY,10:00:00,11:30:00,R072,\N,\N,\N,\N
1873,1873,THURSDAY,13:00:00,14:30:00,R073,\N,\N,\N,\N
1874,1874,FRIDAY,10:00:00,11:30:00,R074,\N,\N,\N,\N
1875,1875,MONDAY,14:00:00,15:30:00,R075,\N,\N,\N,\N
1876,1876,TUESDAY,13:30:00,15:00:00,R076,\N,\N,\N,\N
1877,1877,WEDNESDAY,12:00:00,13:30:00,R077,\N,\N,\N,\N
1878,1878,THURSDAY,11:30:00,13:00:00,R078,\N,\N,\N,\N
1879,1879,FRIDAY,11:00:00,12:30:00,R079,\N,\N,\N,\N
1880,1880,MONDAY,11:00:00,12:30:00,R080,\N,\N,\N,\N
1881,1881,TUESDAY,14:30:00,16:00:00,R081,\N,\N,\N,\N
1882,1882,WEDNESDAY,11:30:00,13:00:00,R082,\N,\N,\N,\N
1883,1883,THURSDAY,11:00:00,12:30:00,R083,\N,\N,\N,\N
1884,1884,FRIDAY,12:30:00,14:00:00,R084,\N,\N,\N,\N
1885,1885,MONDAY,14:00:00,15:30:00,R085,\N,\N,\N,\N
1886,1886,TUESDAY,11:30:00,13:00:00,R086,\N,\N,\N,\N
1887,1887,WEDNESDAY,13:00:00,14:30:00,R087,\N,\N,\N,\N
1888,1888,THURSDAY,10:00:00,11:30:00,R088,\N,\N,\N,\N
1889,1889,FRIDAY,15:30:00,17:00:00,R089,\N,\N,\N,\N
1890,1890,MONDAY,15:30:00,17:00:00,R090,\N,\N,\N,\N
1891,1891,TUESDAY,11:30:00,13:00:00,R091,\N,\N,\N,\N
1892,1892,WEDNESDAY,10:00:00,11:30:00,R092,\N,\N,\N,\N
1893,1893,THURSDAY,13:30:00,15:00:00,R093,\N,\N,\N,\N
1894,1894,FRIDAY,15:00:00,16:30:00,R094,\N,\N,\N,\N
1895,1895,MONDAY,10:00:00,11:30:00,R095,\N,\N,\N,\N
1896,1896,TUESDAY,09:30:00,11:00:00,R096,\N,\N,\N,\N
1897,1897,WEDNESDAY,11:30:00,13:00:00,R097,\N,\N,\N,\N
1898,1898,THURSDAY,10:00:00,11:30:00,R098,\N,\N,\N,\N
1899,1899,FRIDAY,15:00:00,16:30:00,R099,\N,\N,\N,\N
1900,1900,MONDAY,11:00:00,12:30:00,R100,\N,\N,\N,\N
1901,1901,TUESDAY,11:30:00,13:00:00,R101,\N,\N,\N,\N
1902,1902,WEDNESDAY,15:00:00,16:30:00,R102,\N,\N,\N,\N
1903,1903,THURSDAY,14:00:00,15:30:00,R103,\N,\N,\N,\N
1904,1904,FRIDAY,09:30:00,11:00:00,R104,\N,\N,\N,\N
1905,1905,MONDAY,14:30:00,16:00:00,R105,\N,\N,\N,\N
1906,1906,TUESDAY,14:00:00,15:30:00,R106,\N,\N,\N,\N
1907,1907,WEDNESDAY,12:00:00,13:30:00,R107,\N,\N,\N,\N
1908,1908,THURSDAY,12:30:00,14:00:00,R108,\N,\N,\N,\N
1909,1909,FRIDAY,14:00:00,15:30:00,R109,\N,\N,\N,\N
1910,1910,MONDAY,10:30:00,12:00:00,R110,\N,\N,\N,\N
1911,1911,TUESDAY,13:30:00,15:00:00,R111,\N,\N,\N,\N
1912,1912,WEDNESDAY,12:30:00,14:00:00,R112,\N,\N,\N,\N
1913,1913,THURSDAY,13:30:00,15:00:00,R113,\N,\N,\N,\N
1914,1914,FRIDAY,11:00:00,12:30:00,R114,\N,\N,\N,\N
1915,1915,MONDAY,10:30:00,12:00:00,R115,\N,\N,\N,\N
1916,1916,TUESDAY,10:00:00,11:30:00,R116,\N,\N,\N,\N
1917,1917,WEDNESDAY,13:00:00,14:30:00,R117,\N,\N,\N,\N
1918,1918,THURSDAY,14:00:00,15:30:00,R118,\N,\N,\N,\N
1919,1919,FRIDAY,14:00:00,15:30:00,R119,\N,\N,\N,\N
1920,1920,MONDAY,13:30:00,15:00:00,R120,\N,\N,\N,\N
1921,1921,TUESDAY,11:30:00,13:00:00,R121,\N,\N,\N,\N
1922,1922,WEDNESDAY,13:30:00,15:00:00,R122,\N,\N,\N,\N
1923,1923,THURSDAY,11:30:00,13:00:00,R123,\N,\N,\N,\N
1924,1924,FRIDAY,13:00:00,14:30:00,R124,\N,\N,\N,\N
1925,1925,MONDAY,13:00:00,14:30:00,R125,\N,\N,\N,\N
1926,1926,TUESDAY,14:00:00,15:30:00,R126,\N,\N,\N,\N
1927,1927,WEDNESDAY,13:30:00,15:00:00,R127,\N,\N,\N,\N
1928,1928,THURSDAY,11:00:00,12:30:00,R128,\N,\N,\N,\N
1929,1929,FRIDAY,14:30:00,16:00:00,R129,\N,\N,\N,\N
1930,1930,MONDAY,13:00:00,14:30:00,R130,\N,\N,\N,\N
1931,1931,TUESDAY,14:30:00,16:00:00,R131,\N,\N,\N,\N
1932,1932,WEDNESDAY,10:00:00,11:30:00,R132,\N,\N,\N,\N
1933,1933,THURSDAY,13:00:00,14:30:00,R133,\N,\N,\N,\N
1934,1934,FRIDAY,10:30:00,12:00:00,R134,\N,\N,\N,\N
1935,1935,MONDAY,13:30:00,15:00:00,R135,\N,\N,\N,\N
1936,1936,TUESDAY,10:30:00,12:00:00,R136,\N,\N,\N,\N
1937,1937,WEDNESDAY,11:30:00,13:00:00,R137,\N,\N,\N,\N
1938,1938,THURSDAY,13:00:00,14:30:00,R138,\N,\N,\N,\N
1939,1939,FRIDAY,10:30:00,12:00:00,R139,\N,\N,\N,\N
1940,1940,MONDAY,11:30:00,13:00:00,R140,\N,\N,\N,\N
1941,1941,TUESDAY,10:00:00,11:30:00,R141,\N,\N,\N,\N
1942,1942,WEDNESDAY,10:30:00,12:00:00,R142,\N,\N,\N,\N
1943,1943,THURSDAY,12:00:00,13:30:00,R143,\N,\N,\N,\N
1944,1944,FRIDAY,13:00:00,14:30:00,R144,\N,\N,\N,\N
1945,1945,MONDAY,14:00:00,15:30:00,R145,\N,\N,\N,\N
1946,1946,TUESDAY,10:30:00,12:00:00,R146,\N,\N,\N,\N
1947,1947,WEDNESDAY,10:00:00,11:30:00,R147,\N,\N,\N,\N
1948,1948,THURSDAY,13:00:00,14:30:00,R148,\N,\N,\N,\N
1949,1949,FRIDAY,15:00:00,16:30:00,R149,\N,\N,\N,\N
1950,1950,MONDAY,13:00:00,14:30:00,R150,\N,\N,\N,\N
1951,1951,TUESDAY,11:00:00,12:30:00,R151,\N,\N,\N,\N
1952,1952,WEDNESDAY,10:00:00,11:30:00,R152,\N,\N,\N,\N
1953,1953,THURSDAY,14:30:00,16:00:00,R153,\N,\N,\N,\N
1954,1954,FRIDAY,13:00:00,14:30:00,R154,\N,\N,\N,\N
1955,1955,MONDAY,13:30:00,15:00:00,R155,\N,\N,\N,\N
1956,1956,TUESDAY,14:30:00,16:00:00,R156,\N,\N,\N,\N
1957,1957,WEDNESDAY,12:30:00,14:00:00,R157,\N,\N,\N,\N
1958,1958,THURSDAY,14:30:00,16:00:00,R158,\N,\N,\N,\N
1959,1959,FRIDAY,09:30:00,11:00:00,R159,\N,\N,\N,\N
1960,1960,MONDAY,11:30:00,13:00:00,R160,\N,\N,\N,\N
1961,1961,TUESDAY,13:30:00,15:00:00,R161,\N,\N,\N,\N
1962,1962,WEDNESDAY,13:00:00,14:30:00,R162,\N,\N,\N,\N
1963,1963,THURSDAY,13:30:00,15:00:00,R163,\N,\N,\N,\N
1964,1964,FRIDAY,10:30:00,12:00:00,R164,\N,\N,\N,\N
1965,1965,MONDAY,11:30:00,13:00:00,R165,\N,\N,\N,\N
1966,1966,TUESDAY,15:30:00,17:00:00,R166,\N,\N,\N,\N
1967,1967,WEDNESDAY,14:00:00,15:30:00,R167,\N,\N,\N,\N
1968,1968,THURSDAY,10:30:00,12:00:00,R168,\N,\N,\N,\N
1969,1969,FRIDAY,10:30:00,12:00:00,R169,\N,\N,\N,\N
1970,1970,MONDAY,12:00:00,13:30:00,R170,\N,\N,\N,\N
1971,1971,TUESDAY,14:30:00,16:00:00,R171,\N,\N,\N,\N
1972,1972,WEDNESDAY,14:00:00,15:30:00,R172,\N,\N,\N,\N
1973,1973,THURSDAY,12:00:00,13:30:00,R173,\N,\N,\N,\N
1974,1974,FRIDAY,14:00:00,15:30:00,R174,\N,\N,\N,\N
1975,1975,MONDAY,09:00:00,10:30:00,R175,\N,\N,\N,\N
1976,1976,TUESDAY,10:00:00,11:30:00,R176,\N,\N,\N,\N
1977,1977,WEDNESDAY,14:30:00,16:00:00,R177,\N,\N,\N,\N
1978,1978,THURSDAY,11:00:00,12:30:00,R178,\N,\N,\N,\N
1979,1979,FRIDAY,11:00:00,12:30:00,R179,\N,\N,\N,\N
1980,1980,MONDAY,14:30:00,16:00:00,R180,\N,\N,\N,\N
1981,1981,TUESDAY,13:30:00,15:00:00,R181,\N,\N,\N,\N
1982,1982,WEDNESDAY,14:30:00,16:00:00,R182,\N,\N,\N,\N
1983,1983,THURSDAY,10:00:00,11:30:00,R183,\N,\N,\N,\N
1984,1984,FRIDAY,13:30:00,15:00:00,R184,\N,\N,\N,\N
1985,1985,MONDAY,10:30:00,12:00:00,R185,\N,\N,\N,\N
1986,1986,TUESDAY,15:00:00,16:30:00,R186,\N,\N,\N,\N
1987,1987,WEDNESDAY,14:30:00,16:00:00,R187,\N,\N,\N,\N
1988,1988,THURSDAY,11:00:00,12:30:00,R188,\N,\N,\N,\N
1989,1989,FRIDAY,14:30:00,16:00:00,R189,\N,\N,\N,\N
1990,1990,MONDAY,14:30:00,16:00:00,R190,\N,\N,\N,\N
1991,1991,TUESDAY,12:00:00,13:30:00,R191,\N,\N,\N,\N
1992,1992,WEDNESDAY,11:00:00,12:30:00,R192,\N,\N,\N,\N
1993,1993,THURSDAY,13:00:00,14:30:00,R193,\N,\N,\N,\N
1994,1994,FRIDAY,13:00:00,14:30:00,R194,\N,\N,\N,\N
1995,1995,MONDAY,13:00:00,14:30:00,R195,\N,\N,\N,\N
1996,1996,TUESDAY,14:30:00,16:00:00,R196,\N,\N,\N,\N
1997,1997,WEDNESDAY,11:30:00,13:00:00,R197,\N,\N,\N,\N
1998,1998,THURSDAY,10:30:00,12:00:00,R198,\N,\N,\N,\N
1999,1999,FRIDAY,11:00:00,12:30:00,R199,\N,\N,\N,\N
2000,2000,MONDAY,10:00:00,11:30:00,R200,\N,\N,\N,\N
2001,2001,TUESDAY,13:30:00,15:00:00,R001,\N,\N,\N,\N
2002,2002,WEDNESDAY,14:30:00,16:00:00,R002,\N,\N,\N,\N
2003,2003,THURSDAY,13:30:00,15:00:00,R003,\N,\N,\N,\N
2004,2004,FRIDAY,14:30:00,16:00:00,R004,\N,\N,\N,\N
2005,2005,MONDAY,14:30:00,16:00:00,R005,\N,\N,\N,\N
2006,2006,TUESDAY,11:30:00,13:00:00,R006,\N,\N,\N,\N
2007,2007,WEDNESDAY,11:00:00,12:30:00,R007,\N,\N,\N,\N
2008,2008,THURSDAY,13:00:00,14:30:00,R008,\N,\N,\N,\N
2009,2009,FRIDAY,13:30:00,15:00:00,R009,\N,\N,\N,\N
2010,2010,MONDAY,13:00:00,14:30:00,R010,\N,\N,\N,\N
2011,2011,TUESDAY,10:00:00,11:30:00,R011,\N,\N,\N,\N
2012,2012,WEDNESDAY,10:00:00,11:30:00,R012,\N,\N,\N,\N
2013,2013,THURSDAY,10:00:00,11:30:00,R013,\N,\N,\N,\N
2014,2014,FRIDAY,11:00:00,12:30:00,R014,\N,\N,\N,\N
2015,2015,MONDAY,13:30:00,15:00:00,R015,\N,\N,\N,\N
2016,2016,TUESDAY,14:00:00,15:30:00,R016,\N,\N,\N,\N
2017,2017,WEDNESDAY,13:30:00,15:00:00,R017,\N,\N,\N,\N
2018,2018,THURSDAY,13:30:00,15:00:00,R018,\N,\N,\N,\N
2019,2019,FRIDAY,11:30:00,13:00:00,R019,\N,\N,\N,\N
2020,2020,MONDAY,13:00:00,14:30:00,R020,\N,\N,\N,\N
2021,2021,TUESDAY,11:00:00,12:30:00,R021,\N,\N,\N,\N
2022,2022,WEDNESDAY,13:00:00,14:30:00,R022,\N,\N,\N,\N
2023,2023,THURSDAY,13:00:00,14:30:00,R023,\N,\N,\N,\N
2024,2024,FRIDAY,10:00:00,11:30:00,R024,\N,\N,\N,\N
2025,2025,MONDAY,13:30:00,15:00:00,R025,\N,\N,\N,\N
2026,2026,TUESDAY,12:30:00,14:00:00,R026,\N,\N,\N,\N
2027,2027,WEDNESDAY,15:30:00,17:00:00,R027,\N,\N,\N,\N
2028,2028,THURSDAY,13:30:00,15:00:00,R028,\N,\N,\N,\N
2029,2029,FRIDAY,13:00:00,14:30:00,R029,\N,\N,\N,\N
2030,2030,MONDAY,13:00:00,14:30:00,R030,\N,\N,\N,\N
2031,2031,TUESDAY,14:00:00,15:30:00,R031,\N,\N,\N,\N
2032,2032,WEDNESDAY,14:30:00,16:00:00,R032,\N,\N,\N,\N
2033,2033,THURSDAY,15:00:00,16:30:00,R033,\N,\N,\N,\N
2034,2034,FRIDAY,12:30:00,14:00:00,R034,\N,\N,\N,\N
2035,2035,MONDAY,14:00:00,15:30:00,R035,\N,\N,\N,\N
2036,2036,TUESDAY,09:30:00,11:00:00,R036,\N,\N,\N,\N
2037,2037,WEDNESDAY,14:30:00,16:00:00,R037,\N,\N,\N,\N
2038,2038,THURSDAY,13:30:00,15:00:00,R038,\N,\N,\N,\N
2039,2039,FRIDAY,10:30:00,12:00:00,R039,\N,\N,\N,\N
2040,2040,MONDAY,14:00:00,15:30:00,R040,\N,\N,\N,\N
2041,2041,TUESDAY,15:30:00,17:00:00,R041,\N,\N,\N,\N
2042,2042,WEDNESDAY,12:30:00,14:00:00,R042,\N,\N,\N,\N
2043,2043,THURSDAY,09:30:00,11:00:00,R043,\N,\N,\N,\N
2044,2044,FRIDAY,14:00:00,15:30:00,R044,\N,\N,\N,\N
2045,2045,MONDAY,11:00:00,12:30:00,R045,\N,\N,\N,\N
2046,2046,TUESDAY,15:30:00,17:00:00,R046,\N,\N,\N,\N
2047,2047,WEDNESDAY,15:00:00,16:30:00,R047,\N,\N,\N,\N
2048,2048,THURSDAY,10:00:00,11:30:00,R048,\N,\N,\N,\N
2049,2049,FRIDAY,10:30:00,12:00:00,R049,\N,\N,\N,\N
2050,2050,MONDAY,15:30:00,17:00:00,R050,\N,\N,\N,\N
2051,2051,TUESDAY,14:00:00,15:30:00,R051,\N,\N,\N,\N
2052,2052,WEDNESDAY,10:00:00,11:30:00,R052,\N,\N,\N,\N
2053,2053,THURSDAY,13:30:00,15:00:00,R053,\N,\N,\N,\N
2054,2054,FRIDAY,13:00:00,14:30:00,R054,\N,\N,\N,\N
2055,2055,MONDAY,11:30:00,13:00:00,R055,\N,\N,\N,\N
2056,2056,TUESDAY,10:30:00,12:00:00,R056,\N,\N,\N,\N
2057,2057,WEDNESDAY,10:00:00,11:30:00,R057,\N,\N,\N,\N
2058,2058,THURSDAY,15:00:00,16:30:00,R058,\N,\N,\N,\N
2059,2059,FRIDAY,10:30:00,12:00:00,R059,\N,\N,\N,\N
2060,2060,MONDAY,11:00:00,12:30:00,R060,\N,\N,\N,\N
2061,2061,TUESDAY,09:30:00,11:00:00,R061,\N,\N,\N,\N
2062,2062,WEDNESDAY,13:00:00,14:30:00,R062,\N,\N,\N,\N
2063,2063,THURSDAY,13:00:00,14:30:00,R063,\N,\N,\N,\N
2064,2064,FRIDAY,14:00:00,15:30:00,R064,\N,\N,\N,\N
2065,2065,MONDAY,11:30:00,13:00:00,R065,\N,\N,\N,\N
2066,2066,TUESDAY,14:00:00,15:30:00,R066,\N,\N,\N,\N
2067,2067,WEDNESDAY,11:30:00,13:00:00,R067,\N,\N,\N,\N
2068,2068,THURSDAY,14:00:00,15:30:00,R068,\N,\N,\N,\N
2069,2069,FRIDAY,13:00:00,14:30:00,R069,\N,\N,\N,\N
2070,2070,MONDAY,14:00:00,15:30:00,R070,\N,\N,\N,\N
2071,2071,TUESDAY,10:30:00,12:00:00,R071,\N,\N,\N,\N
2072,2072,WEDNESDAY,11:00:00,12:30:00,R072,\N,\N,\N,\N
2073,2073,THURSDAY,13:30:00,15:00:00,R073,\N,\N,\N,\N
2074,2074,FRIDAY,11:30:00,13:00:00,R074,\N,\N,\N,\N
2075,2075,MONDAY,14:30:00,16:00:00,R075,\N,\N,\N,\N
2076,2076,TUESDAY,13:00:00,14:30:00,R076,\N,\N,\N,\N
2077,2077,WEDNESDAY,14:00:00,15:30:00,R077,\N,\N,\N,\N
2078,2078,THURSDAY,13:30:00,15:00:00,R078,\N,\N,\N,\N
2079,2079,FRIDAY,13:00:00,14:30:00,R079,\N,\N,\N,\N
2080,2080,MONDAY,13:00:00,14:30:00,R080,\N,\N,\N,\N
2081,2081,TUESDAY,10:30:00,12:00:00,R081,\N,\N,\N,\N
2082,2082,WEDNESDAY,13:30:00,15:00:00,R082,\N,\N,\N,\N
2083,2083,THURSDAY,14:00:00,15:30:00,R083,\N,\N,\N,\N
2084,2084,FRIDAY,13:30:00,15:00:00,R084,\N,\N,\N,\N
2085,2085,MONDAY,14:00:00,15:30:00,R085,\N,\N,\N,\N
2086,2086,TUESDAY,14:00:00,15:30:00,R086,\N,\N,\N,\N
2087,2087,WEDNESDAY,11:00:00,12:30:00,R087,\N,\N,\N,\N
2088,2088,THURSDAY,14:00:00,15:30:00,R088,\N,\N,\N,\N
2089,2089,FRIDAY,11:00:00,12:30:00,R089,\N,\N,\N,\N
2090,2090,MONDAY,10:30:00,12:00:00,R090,\N,\N,\N,\N
2091,2091,TUESDAY,11:30:00,13:00:00,R091,\N,\N,\N,\N
2092,2092,WEDNESDAY,14:30:00,16:00:00,R092,\N,\N,\N,\N
2093,2093,THURSDAY,12:30:00,14:00:00,R093,\N,\N,\N,\N
2094,2094,FRIDAY,10:00:00,11:30:00,R094,\N,\N,\N,\N
2095,2095,MONDAY,12:30:00,14:00:00,R095,\N,\N,\N,\N
2096,2096,TUESDAY,12:00:00,13:30:00,R096,\N,\N,\N,\N
2097,2097,WEDNESDAY,11:30:00,13:00:00,R097,\N,\N,\N,\N
2098,2098,THURSDAY,14:30:00,16:00:00,R098,\N,\N,\N,\N
2099,2099,FRIDAY,13:00:00,14:30:00,R099,\N,\N,\N,\N
2100,2100,MONDAY,14:00:00,15:30:00,R100,\N,\N,\N,\N
2101,2101,TUESDAY,14:00:00,15:30:00,R101,\N,\N,\N,\N
2102,2102,WEDNESDAY,14:30:00,16:00:00,R102,\N,\N,\N,\N
2103,2103,THURSDAY,11:30:00,13:00:00,R103,\N,\N,\N,\N
2104,2104,FRIDAY,12:00:00,13:30:00,R104,\N,\N,\N,\N
2105,2105,MONDAY,10:30:00,12:00:00,R105,\N,\N,\N,\N
2106,2106,TUESDAY,15:00:00,16:30:00,R106,\N,\N,\N,\N
2107,2107,WEDNESDAY,14:00:00,15:30:00,R107,\N,\N,\N,\N
2108,2108,THURSDAY,13:00:00,14:30:00,R108,\N,\N,\N,\N
2109,2109,FRIDAY,13:30:00,15:00:00,R109,\N,\N,\N,\N
2110,2110,MONDAY,14:00:00,15:30:00,R110,\N,\N,\N,\N
2111,2111,TUESDAY,11:30:00,13:00:00,R111,\N,\N,\N,\N
2112,2112,WEDNESDAY,12:00:00,13:30:00,R112,\N,\N,\N,\N
2113,2113,THURSDAY,10:00:00,11:30:00,R113,\N,\N,\N,\N
2114,2114,FRIDAY,12:00:00,13:30:00,R114,\N,\N,\N,\N
2115,2115,MONDAY,11:30:00,13:00:00,R115,\N,\N,\N,\N
2116,2116,TUESDAY,14:00:00,15:30:00,R116,\N,\N,\N,\N
2117,2117,WEDNESDAY,13:00:00,14:30:00,R117,\N,\N,\N,\N
2118,2118,THURSDAY,11:00:00,12:30:00,R118,\N,\N,\N,\N
2119,2119,FRIDAY,14:00:00,15:30:00,R119,\N,\N,\N,\N
2120,2120,MONDAY,11:30:00,13:00:00,R120,\N,\N,\N,\N
2121,2121,TUESDAY,11:00:00,12:30:00,R121,\N,\N,\N,\N
2122,2122,WEDNESDAY,14:00:00,15:30:00,R122,\N,\N,\N,\N
2123,2123,THURSDAY,11:30:00,13:00:00,R123,\N,\N,\N,\N
2124,2124,FRIDAY,14:30:00,16:00:00,R124,\N,\N,\N,\N
2125,2125,MONDAY,11:30:00,13:00:00,R125,\N,\N,\N,\N
2126,2126,TUESDAY,11:00:00,12:30:00,R126,\N,\N,\N,\N
2127,2127,WEDNESDAY,10:00:00,11:30:00,R127,\N,\N,\N,\N
2128,2128,THURSDAY,15:30:00,17:00:00,R128,\N,\N,\N,\N
2129,2129,FRIDAY,10:30:00,12:00:00,R129,\N,\N,\N,\N
2130,2130,MONDAY,10:30:00,12:00:00,R130,\N,\N,\N,\N
2131,2131,TUESDAY,10:30:00,12:00:00,R131,\N,\N,\N,\N
2132,2132,WEDNESDAY,13:30:00,15:00:00,R132,\N,\N,\N,\N
2133,2133,THURSDAY,10:00:00,11:30:00,R133,\N,\N,\N,\N
2134,2134,FRIDAY,10:00:00,11:30:00,R134,\N,\N,\N,\N
2135,2135,MONDAY,10:30:00,12:00:00,R135,\N,\N,\N,\N
2136,2136,TUESDAY,10:00:00,11:30:00,R136,\N,\N,\N,\N
2137,2137,WEDNESDAY,14:00:00,15:30:00,R137,\N,\N,\N,\N
2138,2138,THURSDAY,13:30:00,15:00:00,R138,\N,\N,\N,\N
2139,2139,FRIDAY,14:00:00,15:30:00,R139,\N,\N,\N,\N
2140,2140,MONDAY,10:00:00,11:30:00,R140,\N,\N,\N,\N
2141,2141,TUESDAY,11:00:00,12:30:00,R141,\N,\N,\N,\N
2142,2142,WEDNESDAY,09:00:00,10:30:00,R142,\N,\N,\N,\N
2143,2143,THURSDAY,14:30:00,16:00:00,R143,\N,\N,\N,\N
2144,2144,FRIDAY,10:00:00,11:30:00,R144,\N,\N,\N,\N
2145,2145,MONDAY,14:00:00,15:30:00,R145,\N,\N,\N,\N
2146,2146,TUESDAY,14:00:00,15:30:00,R146,\N,\N,\N,\N
2147,2147,WEDNESDAY,14:00:00,15:30:00,R147,\N,\N,\N,\N
2148,2148,THURSDAY,11:00:00,12:30:00,R148,\N,\N,\N,\N
2149,2149,FRIDAY,12:00:00,13:30:00,R149,\N,\N,\N,\N
2150,2150,MONDAY,13:00:00,14:30:00,R150,\N,\N,\N,\N
2151,2151,TUESDAY,12:00:00,13:30:00,R151,\N,\N,\N,\N
2152,2152,WEDNESDAY,10:30:00,12:00:00,R152,\N,\N,\N,\N
2153,2153,THURSDAY,11:30:00,13:00:00,R153,\N,\N,\N,\N
2154,2154,FRIDAY,15:00:00,16:30:00,R154,\N,\N,\N,\N
2155,2155,MONDAY,10:00:00,11:30:00,R155,\N,\N,\N,\N
2156,2156,TUESDAY,14:00:00,15:30:00,R156,\N,\N,\N,\N
2157,2157,WEDNESDAY,10:00:00,11:30:00,R157,\N,\N,\N,\N
2158,2158,THURSDAY,10:30:00,12:00:00,R158,\N,\N,\N,\N
2159,2159,FRIDAY,14:00:00,15:30:00,R159,\N,\N,\N,\N
2160,2160,MONDAY,10:30:00,12:00:00,R160,\N,\N,\N,\N
2161,2161,TUESDAY,10:00:00,11:30:00,R161,\N,\N,\N,\N
2162,2162,WEDNESDAY,13:30:00,15:00:00,R162,\N,\N,\N,\N
2163,2163,THURSDAY,14:30:00,16:00:00,R163,\N,\N,\N,\N
2164,2164,FRIDAY,10:30:00,12:00:00,R164,\N,\N,\N,\N
2165,2165,MONDAY,12:00:00,13:30:00,R165,\N,\N,\N,\N
2166,2166,TUESDAY,10:00:00,11:30:00,R166,\N,\N,\N,\N
2167,2167,WEDNESDAY,09:00:00,10:30:00,R167,\N,\N,\N,\N
2168,2168,THURSDAY,12:30:00,14:00:00,R168,\N,\N,\N,\N
2169,2169,FRIDAY,15:00:00,16:30:00,R169,\N,\N,\N,\N
2170,2170,MONDAY,10:00:00,11:30:00,R170,\N,\N,\N,\N
2171,2171,TUESDAY,13:30:00,15:00:00,R171,\N,\N,\N,\N
2172,2172,WEDNESDAY,12:00:00,13:30:00,R172,\N,\N,\N,\N
2173,2173,THURSDAY,13:30:00,15:00:00,R173,\N,\N,\N,\N
2174,2174,FRIDAY,14:00:00,15:30:00,R174,\N,\N,\N,\N
2175,2175,MONDAY,13:30:00,15:00:00,R175,\N,\N,\N,\N
2176,2176,TUESDAY,14:30:00,16:00:00,R176,\N,\N,\N,\N
2177,2177,WEDNESDAY,11:00:00,12:30:00,R177,\N,\N,\N,\N
2178,2178,THURSDAY,13:00:00,14:30:00,R178,\N,\N,\N,\N
2179,2179,FRIDAY,13:30:00,15:00:00,R179,\N,\N,\N,\N
2180,2180,MONDAY,11:30:00,13:00:00,R180,\N,\N,\N,\N
2181,2181,TUESDAY,11:00:00,12:30:00,R181,\N,\N,\N,\N
2182,2182,WEDNESDAY,10:30:00,12:00:00,R182,\N,\N,\N,\N
2183,2183,THURSDAY,13:30:00,15:00:00,R183,\N,\N,\N,\N
2184,2184,FRIDAY,10:00:00,11:30:00,R184,\N,\N,\N,\N
2185,2185,MONDAY,13:30:00,15:00:00,R185,\N,\N,\N,\N
2186,2186,TUESDAY,11:00:00,12:30:00,R186,\N,\N,\N,\N
2187,2187,WEDNESDAY,10:30:00,12:00:00,R187,\N,\N,\N,\N
2188,2188,THURSDAY,09:00:00,10:30:00,R188,\N,\N,\N,\N
2189,2189,FRIDAY,13:30:00,15:00:00,R189,\N,\N,\N,\N
2190,2190,MONDAY,12:00:00,13:30:00,R190,\N,\N,\N,\N
2191,2191,TUESDAY,15:00:00,16:30:00,R191,\N,\N,\N,\N
2192,2192,WEDNESDAY,11:00:00,12:30:00,R192,\N,\N,\N,\N
2193,2193,THURSDAY,10:30:00,12:00:00,R193,\N,\N,\N,\N
2194,2194,FRIDAY,13:30:00,15:00:00,R194,\N,\N,\N,\N
2195,2195,MONDAY,14:30:00,16:00:00,R195,\N,\N,\N,\N
2196,2196,TUESDAY,13:00:00,14:30:00,R196,\N,\N,\N,\N
2197,2197,WEDNESDAY,13:00:00,14:30:00,R197,\N,\N,\N,\N
2198,2198,THURSDAY,11:30:00,13:00:00,R198,\N,\N,\N,\N
2199,2199,FRIDAY,13:30:00,15:00:00,R199,\N,\N,\N,\N
2200,2200,MONDAY,10:00:00,11:30:00,R200,\N,\N,\N,\N
2201,2201,TUESDAY,10:30:00,12:00:00,R001,\N,\N,\N,\N
2202,2202,WEDNESDAY,11:00:00,12:30:00,R002,\N,\N,\N,\N
2203,2203,THURSDAY,14:00:00,15:30:00,R003,\N,\N,\N,\N
2204,2204,FRIDAY,13:00:00,14:30:00,R004,\N,\N,\N,\N
2205,2205,MONDAY,10:30:00,12:00:00,R005,\N,\N,\N,\N
2206,2206,TUESDAY,09:00:00,10:30:00,R006,\N,\N,\N,\N
2207,2207,WEDNESDAY,11:00:00,12:30:00,R007,\N,\N,\N,\N
2208,2208,THURSDAY,13:00:00,14:30:00,R008,\N,\N,\N,\N
2209,2209,FRIDAY,10:30:00,12:00:00,R009,\N,\N,\N,\N
2210,2210,MONDAY,13:00:00,14:30:00,R010,\N,\N,\N,\N
2211,2211,TUESDAY,11:30:00,13:00:00,R011,\N,\N,\N,\N
2212,2212,WEDNESDAY,13:30:00,15:00:00,R012,\N,\N,\N,\N
2213,2213,THURSDAY,12:30:00,14:00:00,R013,\N,\N,\N,\N
2214,2214,FRIDAY,15:30:00,17:00:00,R014,\N,\N,\N,\N
2215,2215,MONDAY,15:00:00,16:30:00,R015,\N,\N,\N,\N
2216,2216,TUESDAY,09:00:00,10:30:00,R016,\N,\N,\N,\N
2217,2217,WEDNESDAY,11:00:00,12:30:00,R017,\N,\N,\N,\N
2218,2218,THURSDAY,14:30:00,16:00:00,R018,\N,\N,\N,\N
2219,2219,FRIDAY,10:30:00,12:00:00,R019,\N,\N,\N,\N
2220,2220,MONDAY,10:30:00,12:00:00,R020,\N,\N,\N,\N
2221,2221,TUESDAY,10:30:00,12:00:00,R021,\N,\N,\N,\N
2222,2222,WEDNESDAY,13:30:00,15:00:00,R022,\N,\N,\N,\N
2223,2223,THURSDAY,12:30:00,14:00:00,R023,\N,\N,\N,\N
2224,2224,FRIDAY,10:00:00,11:30:00,R024,\N,\N,\N,\N
2225,2225,MONDAY,13:30:00,15:00:00,R025,\N,\N,\N,\N
2226,2226,TUESDAY,13:00:00,14:30:00,R026,\N,\N,\N,\N
2227,2227,WEDNESDAY,12:30:00,14:00:00,R027,\N,\N,\N,\N
2228,2228,THURSDAY,10:30:00,12:00:00,R028,\N,\N,\N,\N
2229,2229,FRIDAY,12:00:00,13:30:00,R029,\N,\N,\N,\N
2230,2230,MONDAY,14:30:00,16:00:00,R030,\N,\N,\N,\N
2231,2231,TUESDAY,10:00:00,11:30:00,R031,\N,\N,\N,\N
2232,2232,WEDNESDAY,10:00:00,11:30:00,R032,\N,\N,\N,\N
2233,2233,THURSDAY,11:00:00,12:30:00,R033,\N,\N,\N,\N
2234,2234,FRIDAY,14:00:00,15:30:00,R034,\N,\N,\N,\N
2235,2235,MONDAY,11:30:00,13:00:00,R035,\N,\N,\N,\N
2236,2236,TUESDAY,13:30:00,15:00:00,R036,\N,\N,\N,\N
2237,2237,WEDNESDAY,14:30:00,16:00:00,R037,\N,\N,\N,\N
2238,2238,THURSDAY,14:00:00,15:30:00,R038,\N,\N,\N,\N
2239,2239,FRIDAY,14:30:00,16:00:00,R039,\N,\N,\N,\N
2240,2240,MONDAY,14:00:00,15:30:00,R040,\N,\N,\N,\N
2241,2241,TUESDAY,14:00:00,15:30:00,R041,\N,\N,\N,\N
2242,2242,WEDNESDAY,11:30:00,13:00:00,R042,\N,\N,\N,\N
2243,2243,THURSDAY,10:30:00,12:00:00,R043,\N,\N,\N,\N
2244,2244,FRIDAY,11:30:00,13:00:00,R044,\N,\N,\N,\N
2245,2245,MONDAY,13:30:00,15:00:00,R045,\N,\N,\N,\N
2246,2246,TUESDAY,13:00:00,14:30:00,R046,\N,\N,\N,\N
2247,2247,WEDNESDAY,13:30:00,15:00:00,R047,\N,\N,\N,\N
2248,2248,THURSDAY,14:30:00,16:00:00,R048,\N,\N,\N,\N
2249,2249,FRIDAY,11:00:00,12:30:00,R049,\N,\N,\N,\N
2250,2250,MONDAY,15:00:00,16:30:00,R050,\N,\N,\N,\N
2251,2251,TUESDAY,10:30:00,12:00:00,R051,\N,\N,\N,\N
2252,2252,WEDNESDAY,10:30:00,12:00:00,R052,\N,\N,\N,\N
2253,2253,THURSDAY,14:30:00,16:00:00,R053,\N,\N,\N,\N
2254,2254,FRIDAY,13:00:00,14:30:00,R054,\N,\N,\N,\N
2255,2255,MONDAY,11:00:00,12:30:00,R055,\N,\N,\N,\N
2256,2256,TUESDAY,15:00:00,16:30:00,R056,\N,\N,\N,\N
2257,2257,WEDNESDAY,14:00:00,15:30:00,R057,\N,\N,\N,\N
2258,2258,THURSDAY,11:30:00,13:00:00,R058,\N,\N,\N,\N
2259,2259,FRIDAY,10:00:00,11:30:00,R059,\N,\N,\N,\N
2260,2260,MONDAY,13:00:00,14:30:00,R060,\N,\N,\N,\N
2261,2261,TUESDAY,13:30:00,15:00:00,R061,\N,\N,\N,\N
2262,2262,WEDNESDAY,13:00:00,14:30:00,R062,\N,\N,\N,\N
2263,2263,THURSDAY,10:30:00,12:00:00,R063,\N,\N,\N,\N
2264,2264,FRIDAY,11:30:00,13:00:00,R064,\N,\N,\N,\N
2265,2265,MONDAY,15:30:00,17:00:00,R065,\N,\N,\N,\N
2266,2266,TUESDAY,14:30:00,16:00:00,R066,\N,\N,\N,\N
2267,2267,WEDNESDAY,11:30:00,13:00:00,R067,\N,\N,\N,\N
2268,2268,THURSDAY,13:00:00,14:30:00,R068,\N,\N,\N,\N
2269,2269,FRIDAY,13:00:00,14:30:00,R069,\N,\N,\N,\N
2270,2270,MONDAY,10:30:00,12:00:00,R070,\N,\N,\N,\N
2271,2271,TUESDAY,13:30:00,15:00:00,R071,\N,\N,\N,\N
2272,2272,WEDNESDAY,11:00:00,12:30:00,R072,\N,\N,\N,\N
2273,2273,THURSDAY,13:00:00,14:30:00,R073,\N,\N,\N,\N
2274,2274,FRIDAY,14:00:00,15:30:00,R074,\N,\N,\N,\N
2275,2275,MONDAY,13:30:00,15:00:00,R075,\N,\N,\N,\N
2276,2276,TUESDAY,15:00:00,16:30:00,R076,\N,\N,\N,\N
2277,2277,WEDNESDAY,10:30:00,12:00:00,R077,\N,\N,\N,\N
2278,2278,THURSDAY,14:30:00,16:00:00,R078,\N,\N,\N,\N
2279,2279,FRIDAY,13:30:00,15:00:00,R079,\N,\N,\N,\N
2280,2280,MONDAY,12:30:00,14:00:00,R080,\N,\N,\N,\N
2281,2281,TUESDAY,09:30:00,11:00:00,R081,\N,\N,\N,\N
2282,2282,WEDNESDAY,13:30:00,15:00:00,R082,\N,\N,\N,\N
2283,2283,THURSDAY,11:00:00,12:30:00,R083,\N,\N,\N,\N
2284,2284,FRIDAY,09:00:00,10:30:00,R084,\N,\N,\N,\N
2285,2285,MONDAY,11:30:00,13:00:00,R085,\N,\N,\N,\N
2286,2286,TUESDAY,15:30:00,17:00:00,R086,\N,\N,\N,\N
2287,2287,WEDNESDAY,11:00:00,12:30:00,R087,\N,\N,\N,\N
2288,2288,THURSDAY,10:00:00,11:30:00,R088,\N,\N,\N,\N
2289,2289,FRIDAY,14:30:00,16:00:00,R089,\N,\N,\N,\N
2290,2290,MONDAY,14:00:00,15:30:00,R090,\N,\N,\N,\N
2291,2291,TUESDAY,11:00:00,12:30:00,R091,\N,\N,\N,\N
2292,2292,WEDNESDAY,14:00:00,15:30:00,R092,\N,\N,\N,\N
2293,2293,THURSDAY,10:30:00,12:00:00,R093,\N,\N,\N,\N
2294,2294,FRIDAY,11:00:00,12:30:00,R094,\N,\N,\N,\N
2295,2295,MONDAY,14:00:00,15:30:00,R095,\N,\N,\N,\N
2296,2296,TUESDAY,10:00:00,11:30:00,R096,\N,\N,\N,\N
2297,2297,WEDNESDAY,12:00:00,13:30:00,R097,\N,\N,\N,\N
2298,2298,THURSDAY,14:00:00,15:30:00,R098,\N,\N,\N,\N
2299,2299,FRIDAY,10:30:00,12:00:00,R099,\N,\N,\N,\N
2300,2300,MONDAY,11:00:00,12:30:00,R100,\N,\N,\N,\N
2301,2301,TUESDAY,14:00:00,15:30:00,R101,\N,\N,\N,\N
2302,2302,WEDNESDAY,14:30:00,16:00:00,R102,\N,\N,\N,\N
2303,2303,THURSDAY,13:00:00,14:30:00,R103,\N,\N,\N,\N
2304,2304,FRIDAY,13:00:00,14:30:00,R104,\N,\N,\N,\N
2305,2305,MONDAY,13:00:00,14:30:00,R105,\N,\N,\N,\N
2306,2306,TUESDAY,13:00:00,14:30:00,R106,\N,\N,\N,\N
2307,2307,WEDNESDAY,11:30:00,13:00:00,R107,\N,\N,\N,\N
2308,2308,THURSDAY,14:00:00,15:30:00,R108,\N,\N,\N,\N
2309,2309,FRIDAY,11:00:00,12:30:00,R109,\N,\N,\N,\N
2310,2310,MONDAY,14:00:00,15:30:00,R110,\N,\N,\N,\N
2311,2311,TUESDAY,10:30:00,12:00:00,R111,\N,\N,\N,\N
2312,2312,WEDNESDAY,10:30:00,12:00:00,R112,\N,\N,\N,\N
2313,2313,THURSDAY,14:00:00,15:30:00,R113,\N,\N,\N,\N
2314,2314,FRIDAY,13:30:00,15:00:00,R114,\N,\N,\N,\N
2315,2315,MONDAY,13:30:00,15:00:00,R115,\N,\N,\N,\N
2316,2316,TUESDAY,11:00:00,12:30:00,R116,\N,\N,\N,\N
2317,2317,WEDNESDAY,10:00:00,11:30:00,R117,\N,\N,\N,\N
2318,2318,THURSDAY,09:00:00,10:30:00,R118,\N,\N,\N,\N
2319,2319,FRIDAY,09:30:00,11:00:00,R119,\N,\N,\N,\N
2320,2320,MONDAY,12:30:00,14:00:00,R120,\N,\N,\N,\N
2321,2321,TUESDAY,13:30:00,15:00:00,R121,\N,\N,\N,\N
2322,2322,WEDNESDAY,14:00:00,15:30:00,R122,\N,\N,\N,\N
2323,2323,THURSDAY,14:30:00,16:00:00,R123,\N,\N,\N,\N
2324,2324,FRIDAY,14:00:00,15:30:00,R124,\N,\N,\N,\N
2325,2325,MONDAY,13:00:00,14:30:00,R125,\N,\N,\N,\N
2326,2326,TUESDAY,10:00:00,11:30:00,R126,\N,\N,\N,\N
2327,2327,WEDNESDAY,10:30:00,12:00:00,R127,\N,\N,\N,\N
2328,2328,THURSDAY,13:30:00,15:00:00,R128,\N,\N,\N,\N
2329,2329,FRIDAY,14:00:00,15:30:00,R129,\N,\N,\N,\N
2330,2330,MONDAY,11:30:00,13:00:00,R130,\N,\N,\N,\N
2331,2331,TUESDAY,11:30:00,13:00:00,R131,\N,\N,\N,\N
2332,2332,WEDNESDAY,11:00:00,12:30:00,R132,\N,\N,\N,\N
2333,2333,THURSDAY,10:30:00,12:00:00,R133,\N,\N,\N,\N
2334,2334,FRIDAY,10:00:00,11:30:00,R134,\N,\N,\N,\N
2335,2335,MONDAY,14:00:00,15:30:00,R135,\N,\N,\N,\N
2336,2336,TUESDAY,09:30:00,11:00:00,R136,\N,\N,\N,\N
2337,2337,WEDNESDAY,10:30:00,12:00:00,R137,\N,\N,\N,\N
2338,2338,THURSDAY,11:30:00,13:00:00,R138,\N,\N,\N,\N
2339,2339,FRIDAY,11:00:00,12:30:00,R139,\N,\N,\N,\N
2340,2340,MONDAY,10:00:00,11:30:00,R140,\N,\N,\N,\N
2341,2341,TUESDAY,10:00:00,11:30:00,R141,\N,\N,\N,\N
2342,2342,WEDNESDAY,13:00:00,14:30:00,R142,\N,\N,\N,\N
2343,2343,THURSDAY,10:30:00,12:00:00,R143,\N,\N,\N,\N
2344,2344,FRIDAY,10:30:00,12:00:00,R144,\N,\N,\N,\N
2345,2345,MONDAY,10:00:00,11:30:00,R145,\N,\N,\N,\N
2346,2346,TUESDAY,13:30:00,15:00:00,R146,\N,\N,\N,\N
2347,2347,WEDNESDAY,13:00:00,14:30:00,R147,\N,\N,\N,\N
2348,2348,THURSDAY,10:00:00,11:30:00,R148,\N,\N,\N,\N
2349,2349,FRIDAY,14:00:00,15:30:00,R149,\N,\N,\N,\N
2350,2350,MONDAY,11:30:00,13:00:00,R150,\N,\N,\N,\N
2351,2351,TUESDAY,10:30:00,12:00:00,R151,\N,\N,\N,\N
2352,2352,WEDNESDAY,11:00:00,12:30:00,R152,\N,\N,\N,\N
2353,2353,THURSDAY,13:00:00,14:30:00,R153,\N,\N,\N,\N
2354,2354,FRIDAY,12:00:00,13:30:00,R154,\N,\N,\N,\N
2355,2355,MONDAY,10:00:00,11:30:00,R155,\N,\N,\N,\N
2356,2356,TUESDAY,15:00:00,16:30:00,R156,\N,\N,\N,\N
2357,2357,WEDNESDAY,13:00:00,14:30:00,R157,\N,\N,\N,\N
2358,2358,THURSDAY,15:00:00,16:30:00,R158,\N,\N,\N,\N
2359,2359,FRIDAY,13:00:00,14:30:00,R159,\N,\N,\N,\N
2360,2360,MONDAY,10:30:00,12:00:00,R160,\N,\N,\N,\N
2361,2361,TUESDAY,12:30:00,14:00:00,R161,\N,\N,\N,\N
2362,2362,WEDNESDAY,11:30:00,13:00:00,R162,\N,\N,\N,\N
2363,2363,THURSDAY,13:30:00,15:00:00,R163,\N,\N,\N,\N
2364,2364,FRIDAY,10:00:00,11:30:00,R164,\N,\N,\N,\N
2365,2365,MONDAY,14:00:00,15:30:00,R165,\N,\N,\N,\N
2366,2366,TUESDAY,12:30:00,14:00:00,R166,\N,\N,\N,\N
2367,2367,WEDNESDAY,11:30:00,13:00:00,R167,\N,\N,\N,\N
2368,2368,THURSDAY,10:30:00,12:00:00,R168,\N,\N,\N,\N
2369,2369,FRIDAY,14:30:00,16:00:00,R169,\N,\N,\N,\N
2370,2370,MONDAY,15:30:00,17:00:00,R170,\N,\N,\N,\N
2371,2371,TUESDAY,10:30:00,12:00:00,R171,\N,\N,\N,\N
2372,2372,WEDNESDAY,14:30:00,16:00:00,R172,\N,\N,\N,\N
2373,2373,THURSDAY,14:30:00,16:00:00,R173,\N,\N,\N,\N
2374,2374,FRIDAY,14:30:00,16:00:00,R174,\N,\N,\N,\N
2375,2375,MONDAY,10:30:00,12:00:00,R175,\N,\N,\N,\N
2376,2376,TUESDAY,14:00:00,15:30:00,R176,\N,\N,\N,\N
2377,2377,WEDNESDAY,13:00:00,14:30:00,R177,\N,\N,\N,\N
2378,2378,THURSDAY,13:30:00,15:00:00,R178,\N,\N,\N,\N
2379,2379,FRIDAY,13:00:00,14:30:00,R179,\N,\N,\N,\N
2380,2380,MONDAY,14:00:00,15:30:00,R180,\N,\N,\N,\N
2381,2381,TUESDAY,14:00:00,15:30:00,R181,\N,\N,\N,\N
2382,2382,WEDNESDAY,11:30:00,13:00:00,R182,\N,\N,\N,\N
2383,2383,THURSDAY,12:30:00,14:00:00,R183,\N,\N,\N,\N
2384,2384,FRIDAY,13:00:00,14:30:00,R184,\N,\N,\N,\N
2385,2385,MONDAY,10:30:00,12:00:00,R185,\N,\N,\N,\N
2386,2386,TUESDAY,14:00:00,15:30:00,R186,\N,\N,\N,\N
2387,2387,WEDNESDAY,14:00:00,15:30:00,R187,\N,\N,\N,\N
2388,2388,THURSDAY,10:30:00,12:00:00,R188,\N,\N,\N,\N
2389,2389,FRIDAY,10:00:00,11:30:00,R189,\N,\N,\N,\N
2390,2390,MONDAY,12:30:00,14:00:00,R190,\N,\N,\N,\N
2391,2391,TUESDAY,11:30:00,13:00:00,R191,\N,\N,\N,\N
2392,2392,WEDNESDAY,13:30:00,15:00:00,R192,\N,\N,\N,\N
2393,2393,THURSDAY,10:30:00,12:00:00,R193,\N,\N,\N,\N
2394,2394,FRIDAY,14:30:00,16:00:00,R194,\N,\N,\N,\N
2395,2395,MONDAY,14:00:00,15:30:00,R195,\N,\N,\N,\N
2396,2396,TUESDAY,14:00:00,15:30:00,R196,\N,\N,\N,\N
2397,2397,WEDNESDAY,14:30:00,16:00:00,R197,\N,\N,\N,\N
2398,2398,THURSDAY,13:30:00,15:00:00,R198,\N,\N,\N,\N
2399,2399,FRIDAY,11:00:00,12:30:00,R199,\N,\N,\N,\N
2400,2400,MONDAY,13:00:00,14:30:00,R200,\N,\N,\N,\N
2401,2401,TUESDAY,10:30:00,12:00:00,R001,\N,\N,\N,\N
2402,2402,WEDNESDAY,11:00:00,12:30:00,R002,\N,\N,\N,\N
2403,2403,THURSDAY,11:30:00,13:00:00,R003,\N,\N,\N,\N
2404,2404,FRIDAY,13:30:00,15:00:00,R004,\N,\N,\N,\N
2405,2405,MONDAY,11:30:00,13:00:00,R005,\N,\N,\N,\N
2406,2406,TUESDAY,13:00:00,14:30:00,R006,\N,\N,\N,\N
2407,2407,WEDNESDAY,14:30:00,16:00:00,R007,\N,\N,\N,\N
2408,2408,THURSDAY,11:30:00,13:00:00,R008,\N,\N,\N,\N
2409,2409,FRIDAY,14:00:00,15:30:00,R009,\N,\N,\N,\N
2410,2410,MONDAY,11:00:00,12:30:00,R010,\N,\N,\N,\N
2411,2411,TUESDAY,10:30:00,12:00:00,R011,\N,\N,\N,\N
2412,2412,WEDNESDAY,11:30:00,13:00:00,R012,\N,\N,\N,\N
2413,2413,THURSDAY,13:00:00,14:30:00,R013,\N,\N,\N,\N
2414,2414,FRIDAY,10:00:00,11:30:00,R014,\N,\N,\N,\N
2415,2415,MONDAY,11:00:00,12:30:00,R015,\N,\N,\N,\N
2416,2416,TUESDAY,11:00:00,12:30:00,R016,\N,\N,\N,\N
2417,2417,WEDNESDAY,15:30:00,17:00:00,R017,\N,\N,\N,\N
2418,2418,THURSDAY,14:30:00,16:00:00,R018,\N,\N,\N,\N
2419,2419,FRIDAY,11:30:00,13:00:00,R019,\N,\N,\N,\N
2420,2420,MONDAY,14:00:00,15:30:00,R020,\N,\N,\N,\N
2421,2421,TUESDAY,11:30:00,13:00:00,R021,\N,\N,\N,\N
2422,2422,WEDNESDAY,13:30:00,15:00:00,R022,\N,\N,\N,\N
2423,2423,THURSDAY,12:30:00,14:00:00,R023,\N,\N,\N,\N
2424,2424,FRIDAY,09:00:00,10:30:00,R024,\N,\N,\N,\N
2425,2425,MONDAY,11:30:00,13:00:00,R025,\N,\N,\N,\N
2426,2426,TUESDAY,11:00:00,12:30:00,R026,\N,\N,\N,\N
2427,2427,WEDNESDAY,10:30:00,12:00:00,R027,\N,\N,\N,\N
2428,2428,THURSDAY,14:00:00,15:30:00,R028,\N,\N,\N,\N
2429,2429,FRIDAY,10:30:00,12:00:00,R029,\N,\N,\N,\N
2430,2430,MONDAY,11:30:00,13:00:00,R030,\N,\N,\N,\N
2431,2431,TUESDAY,13:30:00,15:00:00,R031,\N,\N,\N,\N
2432,2432,WEDNESDAY,10:30:00,12:00:00,R032,\N,\N,\N,\N
2433,2433,THURSDAY,14:30:00,16:00:00,R033,\N,\N,\N,\N
2434,2434,FRIDAY,13:00:00,14:30:00,R034,\N,\N,\N,\N
2435,2435,MONDAY,12:00:00,13:30:00,R035,\N,\N,\N,\N
2436,2436,TUESDAY,13:00:00,14:30:00,R036,\N,\N,\N,\N
2437,2437,WEDNESDAY,13:30:00,15:00:00,R037,\N,\N,\N,\N
2438,2438,THURSDAY,14:00:00,15:30:00,R038,\N,\N,\N,\N
2439,2439,FRIDAY,14:00:00,15:30:00,R039,\N,\N,\N,\N
2440,2440,MONDAY,12:30:00,14:00:00,R040,\N,\N,\N,\N
2441,2441,TUESDAY,11:00:00,12:30:00,R041,\N,\N,\N,\N
2442,2442,WEDNESDAY,14:30:00,16:00:00,R042,\N,\N,\N,\N
2443,2443,THURSDAY,13:00:00,14:30:00,R043,\N,\N,\N,\N
2444,2444,FRIDAY,14:30:00,16:00:00,R044,\N,\N,\N,\N
2445,2445,MONDAY,13:30:00,15:00:00,R045,\N,\N,\N,\N
2446,2446,TUESDAY,10:00:00,11:30:00,R046,\N,\N,\N,\N
2447,2447,WEDNESDAY,14:00:00,15:30:00,R047,\N,\N,\N,\N
2448,2448,THURSDAY,13:00:00,14:30:00,R048,\N,\N,\N,\N
2449,2449,FRIDAY,11:30:00,13:00:00,R049,\N,\N,\N,\N
2450,2450,MONDAY,14:30:00,16:00:00,R050,\N,\N,\N,\N
2451,2451,TUESDAY,13:00:00,14:30:00,R051,\N,\N,\N,\N
2452,2452,WEDNESDAY,14:00:00,15:30:00,R052,\N,\N,\N,\N
2453,2453,THURSDAY,10:00:00,11:30:00,R053,\N,\N,\N,\N
2454,2454,FRIDAY,15:00:00,16:30:00,R054,\N,\N,\N,\N
2455,2455,MONDAY,10:00:00,11:30:00,R055,\N,\N,\N,\N
2456,2456,TUESDAY,11:30:00,13:00:00,R056,\N,\N,\N,\N
2457,2457,WEDNESDAY,09:30:00,11:00:00,R057,\N,\N,\N,\N
2458,2458,THURSDAY,11:00:00,12:30:00,R058,\N,\N,\N,\N
2459,2459,FRIDAY,14:30:00,16:00:00,R059,\N,\N,\N,\N
2460,2460,MONDAY,15:30:00,17:00:00,R060,\N,\N,\N,\N
2461,2461,TUESDAY,15:30:00,17:00:00,R061,\N,\N,\N,\N
2462,2462,WEDNESDAY,14:00:00,15:30:00,R062,\N,\N,\N,\N
2463,2463,THURSDAY,12:00:00,13:30:00,R063,\N,\N,\N,\N
2464,2464,FRIDAY,11:30:00,13:00:00,R064,\N,\N,\N,\N
2465,2465,MONDAY,11:00:00,12:30:00,R065,\N,\N,\N,\N
2466,2466,TUESDAY,13:30:00,15:00:00,R066,\N,\N,\N,\N
2467,2467,WEDNESDAY,10:00:00,11:30:00,R067,\N,\N,\N,\N
2468,2468,THURSDAY,13:00:00,14:30:00,R068,\N,\N,\N,\N
2469,2469,FRIDAY,15:00:00,16:30:00,R069,\N,\N,\N,\N
2470,2470,MONDAY,10:30:00,12:00:00,R070,\N,\N,\N,\N
2471,2471,TUESDAY,14:30:00,16:00:00,R071,\N,\N,\N,\N
2472,2472,WEDNESDAY,14:30:00,16:00:00,R072,\N,\N,\N,\N
2473,2473,THURSDAY,13:30:00,15:00:00,R073,\N,\N,\N,\N
2474,2474,FRIDAY,11:00:00,12:30:00,R074,\N,\N,\N,\N
2475,2475,MONDAY,14:30:00,16:00:00,R075,\N,\N,\N,\N
2476,2476,TUESDAY,14:30:00,16:00:00,R076,\N,\N,\N,\N
2477,2477,WEDNESDAY,13:30:00,15:00:00,R077,\N,\N,\N,\N
2478,2478,THURSDAY,10:00:00,11:30:00,R078,\N,\N,\N,\N
2479,2479,FRIDAY,14:00:00,15:30:00,R079,\N,\N,\N,\N
2480,2480,MONDAY,10:00:00,11:30:00,R080,\N,\N,\N,\N
2481,2481,TUESDAY,11:00:00,12:30:00,R081,\N,\N,\N,\N
2482,2482,WEDNESDAY,14:00:00,15:30:00,R082,\N,\N,\N,\N
2483,2483,THURSDAY,14:30:00,16:00:00,R083,\N,\N,\N,\N
2484,2484,FRIDAY,10:30:00,12:00:00,R084,\N,\N,\N,\N
2485,2485,MONDAY,14:00:00,15:30:00,R085,\N,\N,\N,\N
2486,2486,TUESDAY,10:30:00,12:00:00,R086,\N,\N,\N,\N
2487,2487,WEDNESDAY,13:30:00,15:00:00,R087,\N,\N,\N,\N
2488,2488,THURSDAY,10:00:00,11:30:00,R088,\N,\N,\N,\N
2489,2489,FRIDAY,11:00:00,12:30:00,R089,\N,\N,\N,\N
2490,2490,MONDAY,10:30:00,12:00:00,R090,\N,\N,\N,\N
2491,2491,TUESDAY,09:00:00,10:30:00,R091,\N,\N,\N,\N
2492,2492,WEDNESDAY,14:00:00,15:30:00,R092,\N,\N,\N,\N
2493,2493,THURSDAY,11:00:00,12:30:00,R093,\N,\N,\N,\N
2494,2494,FRIDAY,10:00:00,11:30:00,R094,\N,\N,\N,\N
2495,2495,MONDAY,11:00:00,12:30:00,R095,\N,\N,\N,\N
2496,2496,TUESDAY,11:30:00,13:00:00,R096,\N,\N,\N,\N
2497,2497,WEDNESDAY,09:00:00,10:30:00,R097,\N,\N,\N,\N
2498,2498,THURSDAY,11:30:00,13:00:00,R098,\N,\N,\N,\N
2499,2499,FRIDAY,13:00:00,14:30:00,R099,\N,\N,\N,\N
2500,2500,MONDAY,13:30:00,15:00:00,R100,\N,\N,\N,\N
2501,2501,TUESDAY,14:30:00,16:00:00,R101,\N,\N,\N,\N
2502,2502,WEDNESDAY,10:30:00,12:00:00,R102,\N,\N,\N,\N
2503,2503,THURSDAY,14:00:00,15:30:00,R103,\N,\N,\N,\N
2504,2504,FRIDAY,14:30:00,16:00:00,R104,\N,\N,\N,\N
2505,2505,MONDAY,09:30:00,11:00:00,R105,\N,\N,\N,\N
2506,2506,TUESDAY,09:00:00,10:30:00,R106,\N,\N,\N,\N
2507,2507,WEDNESDAY,14:00:00,15:30:00,R107,\N,\N,\N,\N
2508,2508,THURSDAY,14:30:00,16:00:00,R108,\N,\N,\N,\N
2509,2509,FRIDAY,14:00:00,15:30:00,R109,\N,\N,\N,\N
2510,2510,MONDAY,09:00:00,10:30:00,R110,\N,\N,\N,\N
2511,2511,TUESDAY,09:30:00,11:00:00,R111,\N,\N,\N,\N
2512,2512,WEDNESDAY,13:30:00,15:00:00,R112,\N,\N,\N,\N
2513,2513,THURSDAY,11:30:00,13:00:00,R113,\N,\N,\N,\N
2514,2514,FRIDAY,14:00:00,15:30:00,R114,\N,\N,\N,\N
2515,2515,MONDAY,12:00:00,13:30:00,R115,\N,\N,\N,\N
2516,2516,TUESDAY,09:30:00,11:00:00,R116,\N,\N,\N,\N
2517,2517,WEDNESDAY,13:00:00,14:30:00,R117,\N,\N,\N,\N
2518,2518,THURSDAY,14:30:00,16:00:00,R118,\N,\N,\N,\N
2519,2519,FRIDAY,10:30:00,12:00:00,R119,\N,\N,\N,\N
2520,2520,MONDAY,10:00:00,11:30:00,R120,\N,\N,\N,\N
2521,2521,TUESDAY,10:00:00,11:30:00,R121,\N,\N,\N,\N
2522,2522,WEDNESDAY,13:30:00,15:00:00,R122,\N,\N,\N,\N
2523,2523,THURSDAY,11:30:00,13:00:00,R123,\N,\N,\N,\N
2524,2524,FRIDAY,10:30:00,12:00:00,R124,\N,\N,\N,\N
2525,2525,MONDAY,11:00:00,12:30:00,R125,\N,\N,\N,\N
2526,2526,TUESDAY,13:30:00,15:00:00,R126,\N,\N,\N,\N
2527,2527,WEDNESDAY,11:00:00,12:30:00,R127,\N,\N,\N,\N
2528,2528,THURSDAY,14:00:00,15:30:00,R128,\N,\N,\N,\N
2529,2529,FRIDAY,11:30:00,13:00:00,R129,\N,\N,\N,\N
2530,2530,MONDAY,13:30:00,15:00:00,R130,\N,\N,\N,\N
2531,2531,TUESDAY,11:30:00,13:00:00,R131,\N,\N,\N,\N
2532,2532,WEDNESDAY,14:30:00,16:00:00,R132,\N,\N,\N,\N
2533,2533,THURSDAY,13:30:00,15:00:00,R133,\N,\N,\N,\N
2534,2534,FRIDAY,13:30:00,15:00:00,R134,\N,\N,\N,\N
2535,2535,MONDAY,15:00:00,16:30:00,R135,\N,\N,\N,\N
2536,2536,TUESDAY,10:30:00,12:00:00,R136,\N,\N,\N,\N
2537,2537,WEDNESDAY,10:00:00,11:30:00,R137,\N,\N,\N,\N
2538,2538,THURSDAY,12:30:00,14:00:00,R138,\N,\N,\N,\N
2539,2539,FRIDAY,11:30:00,13:00:00,R139,\N,\N,\N,\N
2540,2540,MONDAY,10:00:00,11:30:00,R140,\N,\N,\N,\N
2541,2541,TUESDAY,11:30:00,13:00:00,R141,\N,\N,\N,\N
2542,2542,WEDNESDAY,13:30:00,15:00:00,R142,\N,\N,\N,\N
2543,2543,THURSDAY,13:00:00,14:30:00,R143,\N,\N,\N,\N
2544,2544,FRIDAY,13:00:00,14:30:00,R144,\N,\N,\N,\N
2545,2545,MONDAY,14:30:00,16:00:00,R145,\N,\N,\N,\N
2546,2546,TUESDAY,14:00:00,15:30:00,R146,\N,\N,\N,\N
2547,2547,WEDNESDAY,10:30:00,12:00:00,R147,\N,\N,\N,\N
2548,2548,THURSDAY,09:00:00,10:30:00,R148,\N,\N,\N,\N
2549,2549,FRIDAY,10:00:00,11:30:00,R149,\N,\N,\N,\N
2550,2550,MONDAY,11:30:00,13:00:00,R150,\N,\N,\N,\N
2551,2551,TUESDAY,14:30:00,16:00:00,R151,\N,\N,\N,\N
2552,2552,WEDNESDAY,14:30:00,16:00:00,R152,\N,\N,\N,\N
2553,2553,THURSDAY,13:30:00,15:00:00,R153,\N,\N,\N,\N
2554,2554,FRIDAY,15:00:00,16:30:00,R154,\N,\N,\N,\N
2555,2555,MONDAY,10:00:00,11:30:00,R155,\N,\N,\N,\N
2556,2556,TUESDAY,13:30:00,15:00:00,R156,\N,\N,\N,\N
2557,2557,WEDNESDAY,10:00:00,11:30:00,R157,\N,\N,\N,\N
2558,2558,THURSDAY,10:00:00,11:30:00,R158,\N,\N,\N,\N
2559,2559,FRIDAY,11:30:00,13:00:00,R159,\N,\N,\N,\N
2560,2560,MONDAY,15:00:00,16:30:00,R160,\N,\N,\N,\N
2561,2561,TUESDAY,14:00:00,15:30:00,R161,\N,\N,\N,\N
2562,2562,WEDNESDAY,11:30:00,13:00:00,R162,\N,\N,\N,\N
2563,2563,THURSDAY,10:00:00,11:30:00,R163,\N,\N,\N,\N
2564,2564,FRIDAY,11:00:00,12:30:00,R164,\N,\N,\N,\N
2565,2565,MONDAY,11:30:00,13:00:00,R165,\N,\N,\N,\N
2566,2566,TUESDAY,14:00:00,15:30:00,R166,\N,\N,\N,\N
2567,2567,WEDNESDAY,15:00:00,16:30:00,R167,\N,\N,\N,\N
2568,2568,THURSDAY,10:00:00,11:30:00,R168,\N,\N,\N,\N
2569,2569,FRIDAY,10:30:00,12:00:00,R169,\N,\N,\N,\N
2570,2570,MONDAY,13:00:00,14:30:00,R170,\N,\N,\N,\N
2571,2571,TUESDAY,09:30:00,11:00:00,R171,\N,\N,\N,\N
2572,2572,WEDNESDAY,11:30:00,13:00:00,R172,\N,\N,\N,\N
2573,2573,THURSDAY,15:30:00,17:00:00,R173,\N,\N,\N,\N
2574,2574,FRIDAY,11:30:00,13:00:00,R174,\N,\N,\N,\N
2575,2575,MONDAY,13:30:00,15:00:00,R175,\N,\N,\N,\N
2576,2576,TUESDAY,11:00:00,12:30:00,R176,\N,\N,\N,\N
2577,2577,WEDNESDAY,12:30:00,14:00:00,R177,\N,\N,\N,\N
2578,2578,THURSDAY,10:00:00,11:30:00,R178,\N,\N,\N,\N
2579,2579,FRIDAY,15:00:00,16:30:00,R179,\N,\N,\N,\N
2580,2580,MONDAY,10:30:00,12:00:00,R180,\N,\N,\N,\N
2581,2581,TUESDAY,15:00:00,16:30:00,R181,\N,\N,\N,\N
2582,2582,WEDNESDAY,13:00:00,14:30:00,R182,\N,\N,\N,\N
2583,2583,THURSDAY,14:00:00,15:30:00,R183,\N,\N,\N,\N
2584,2584,FRIDAY,13:30:00,15:00:00,R184,\N,\N,\N,\N
2585,2585,MONDAY,13:00:00,14:30:00,R185,\N,\N,\N,\N
2586,2586,TUESDAY,11:00:00,12:30:00,R186,\N,\N,\N,\N
2587,2587,WEDNESDAY,11:30:00,13:00:00,R187,\N,\N,\N,\N
2588,2588,THURSDAY,13:00:00,14:30:00,R188,\N,\N,\N,\N
2589,2589,FRIDAY,14:00:00,15:30:00,R189,\N,\N,\N,\N
2590,2590,MONDAY,10:30:00,12:00:00,R190,\N,\N,\N,\N
2591,2591,TUESDAY,10:00:00,11:30:00,R191,\N,\N,\N,\N
2592,2592,WEDNESDAY,14:30:00,16:00:00,R192,\N,\N,\N,\N
2593,2593,THURSDAY,10:00:00,11:30:00,R193,\N,\N,\N,\N
2594,2594,FRIDAY,11:00:00,12:30:00,R194,\N,\N,\N,\N
2595,2595,MONDAY,13:30:00,15:00:00,R195,\N,\N,\N,\N
2596,2596,TUESDAY,13:30:00,15:00:00,R196,\N,\N,\N,\N
2597,2597,WEDNESDAY,13:00:00,14:30:00,R197,\N,\N,\N,\N
2598,2598,THURSDAY,09:30:00,11:00:00,R198,\N,\N,\N,\N
2599,2599,FRIDAY,11:30:00,13:00:00,R199,\N,\N,\N,\N
2600,2600,MONDAY,13:00:00,14:30:00,R200,\N,\N,\N,\N
2601,2601,TUESDAY,14:30:00,16:00:00,R001,\N,\N,\N,\N
2602,2602,WEDNESDAY,10:00:00,11:30:00,R002,\N,\N,\N,\N
2603,2603,THURSDAY,14:00:00,15:30:00,R003,\N,\N,\N,\N
2604,2604,FRIDAY,14:30:00,16:00:00,R004,\N,\N,\N,\N
2605,2605,MONDAY,13:00:00,14:30:00,R005,\N,\N,\N,\N
2606,2606,TUESDAY,14:30:00,16:00:00,R006,\N,\N,\N,\N
2607,2607,WEDNESDAY,10:30:00,12:00:00,R007,\N,\N,\N,\N
2608,2608,THURSDAY,15:30:00,17:00:00,R008,\N,\N,\N,\N
2609,2609,FRIDAY,13:00:00,14:30:00,R009,\N,\N,\N,\N
2610,2610,MONDAY,11:30:00,13:00:00,R010,\N,\N,\N,\N
2611,2611,TUESDAY,12:00:00,13:30:00,R011,\N,\N,\N,\N
2612,2612,WEDNESDAY,10:30:00,12:00:00,R012,\N,\N,\N,\N
2613,2613,THURSDAY,11:00:00,12:30:00,R013,\N,\N,\N,\N
2614,2614,FRIDAY,11:30:00,13:00:00,R014,\N,\N,\N,\N
2615,2615,MONDAY,11:30:00,13:00:00,R015,\N,\N,\N,\N
2616,2616,TUESDAY,11:30:00,13:00:00,R016,\N,\N,\N,\N
2617,2617,WEDNESDAY,13:00:00,14:30:00,R017,\N,\N,\N,\N
2618,2618,THURSDAY,11:30:00,13:00:00,R018,\N,\N,\N,\N
2619,2619,FRIDAY,13:00:00,14:30:00,R019,\N,\N,\N,\N
2620,2620,MONDAY,13:00:00,14:30:00,R020,\N,\N,\N,\N
2621,2621,TUESDAY,14:30:00,16:00:00,R021,\N,\N,\N,\N
2622,2622,WEDNESDAY,10:00:00,11:30:00,R022,\N,\N,\N,\N
2623,2623,THURSDAY,11:30:00,13:00:00,R023,\N,\N,\N,\N
2624,2624,FRIDAY,09:00:00,10:30:00,R024,\N,\N,\N,\N
2625,2625,MONDAY,12:30:00,14:00:00,R025,\N,\N,\N,\N
2626,2626,TUESDAY,13:00:00,14:30:00,R026,\N,\N,\N,\N
2627,2627,WEDNESDAY,14:30:00,16:00:00,R027,\N,\N,\N,\N
2628,2628,THURSDAY,11:30:00,13:00:00,R028,\N,\N,\N,\N
2629,2629,FRIDAY,10:00:00,11:30:00,R029,\N,\N,\N,\N
2630,2630,MONDAY,11:00:00,12:30:00,R030,\N,\N,\N,\N
2631,2631,TUESDAY,11:30:00,13:00:00,R031,\N,\N,\N,\N
2632,2632,WEDNESDAY,10:30:00,12:00:00,R032,\N,\N,\N,\N
2633,2633,THURSDAY,14:30:00,16:00:00,R033,\N,\N,\N,\N
2634,2634,FRIDAY,13:00:00,14:30:00,R034,\N,\N,\N,\N
2635,2635,MONDAY,14:30:00,16:00:00,R035,\N,\N,\N,\N
2636,2636,TUESDAY,14:30:00,16:00:00,R036,\N,\N,\N,\N
2637,2637,WEDNESDAY,13:00:00,14:30:00,R037,\N,\N,\N,\N
2638,2638,THURSDAY,14:00:00,15:30:00,R038,\N,\N,\N,\N
2639,2639,FRIDAY,10:00:00,11:30:00,R039,\N,\N,\N,\N
2640,2640,MONDAY,09:30:00,11:00:00,R040,\N,\N,\N,\N
2641,2641,TUESDAY,11:30:00,13:00:00,R041,\N,\N,\N,\N
2642,2642,WEDNESDAY,14:00:00,15:30:00,R042,\N,\N,\N,\N
2643,2643,THURSDAY,14:30:00,16:00:00,R043,\N,\N,\N,\N
2644,2644,FRIDAY,11:30:00,13:00:00,R044,\N,\N,\N,\N
2645,2645,MONDAY,13:00:00,14:30:00,R045,\N,\N,\N,\N
2646,2646,TUESDAY,13:00:00,14:30:00,R046,\N,\N,\N,\N
2647,2647,WEDNESDAY,09:00:00,10:30:00,R047,\N,\N,\N,\N
2648,2648,THURSDAY,12:00:00,13:30:00,R048,\N,\N,\N,\N
2649,2649,FRIDAY,14:00:00,15:30:00,R049,\N,\N,\N,\N
2650,2650,MONDAY,13:00:00,14:30:00,R050,\N,\N,\N,\N
2651,2651,TUESDAY,11:30:00,13:00:00,R051,\N,\N,\N,\N
2652,2652,WEDNESDAY,14:30:00,16:00:00,R052,\N,\N,\N,\N
2653,2653,THURSDAY,10:30:00,12:00:00,R053,\N,\N,\N,\N
2654,2654,FRIDAY,15:00:00,16:30:00,R054,\N,\N,\N,\N
2655,2655,MONDAY,13:30:00,15:00:00,R055,\N,\N,\N,\N
2656,2656,TUESDAY,10:00:00,11:30:00,R056,\N,\N,\N,\N
2657,2657,WEDNESDAY,13:00:00,14:30:00,R057,\N,\N,\N,\N
2658,2658,THURSDAY,10:00:00,11:30:00,R058,\N,\N,\N,\N
2659,2659,FRIDAY,11:00:00,12:30:00,R059,\N,\N,\N,\N
2660,2660,MONDAY,11:30:00,13:00:00,R060,\N,\N,\N,\N
2661,2661,TUESDAY,12:30:00,14:00:00,R061,\N,\N,\N,\N
2662,2662,WEDNESDAY,11:30:00,13:00:00,R062,\N,\N,\N,\N
2663,2663,THURSDAY,14:30:00,16:00:00,R063,\N,\N,\N,\N
2664,2664,FRIDAY,11:30:00,13:00:00,R064,\N,\N,\N,\N
2665,2665,MONDAY,11:00:00,12:30:00,R065,\N,\N,\N,\N
2666,2666,TUESDAY,10:00:00,11:30:00,R066,\N,\N,\N,\N
2667,2667,WEDNESDAY,14:30:00,16:00:00,R067,\N,\N,\N,\N
2668,2668,THURSDAY,11:30:00,13:00:00,R068,\N,\N,\N,\N
2669,2669,FRIDAY,14:00:00,15:30:00,R069,\N,\N,\N,\N
2670,2670,MONDAY,12:30:00,14:00:00,R070,\N,\N,\N,\N
2671,2671,TUESDAY,14:00:00,15:30:00,R071,\N,\N,\N,\N
2672,2672,WEDNESDAY,11:00:00,12:30:00,R072,\N,\N,\N,\N
2673,2673,THURSDAY,14:30:00,16:00:00,R073,\N,\N,\N,\N
2674,2674,FRIDAY,11:00:00,12:30:00,R074,\N,\N,\N,\N
2675,2675,MONDAY,10:30:00,12:00:00,R075,\N,\N,\N,\N
2676,2676,TUESDAY,14:30:00,16:00:00,R076,\N,\N,\N,\N
2677,2677,WEDNESDAY,11:00:00,12:30:00,R077,\N,\N,\N,\N
2678,2678,THURSDAY,13:30:00,15:00:00,R078,\N,\N,\N,\N
2679,2679,FRIDAY,10:00:00,11:30:00,R079,\N,\N,\N,\N
2680,2680,MONDAY,11:00:00,12:30:00,R080,\N,\N,\N,\N
2681,2681,TUESDAY,12:30:00,14:00:00,R081,\N,\N,\N,\N
2682,2682,WEDNESDAY,09:00:00,10:30:00,R082,\N,\N,\N,\N
2683,2683,THURSDAY,13:30:00,15:00:00,R083,\N,\N,\N,\N
2684,2684,FRIDAY,13:30:00,15:00:00,R084,\N,\N,\N,\N
2685,2685,MONDAY,13:00:00,14:30:00,R085,\N,\N,\N,\N
2686,2686,TUESDAY,13:30:00,15:00:00,R086,\N,\N,\N,\N
2687,2687,WEDNESDAY,13:00:00,14:30:00,R087,\N,\N,\N,\N
2688,2688,THURSDAY,13:30:00,15:00:00,R088,\N,\N,\N,\N
2689,2689,FRIDAY,14:30:00,16:00:00,R089,\N,\N,\N,\N
2690,2690,MONDAY,11:00:00,12:30:00,R090,\N,\N,\N,\N
2691,2691,TUESDAY,12:30:00,14:00:00,R091,\N,\N,\N,\N
2692,2692,WEDNESDAY,13:00:00,14:30:00,R092,\N,\N,\N,\N
2693,2693,THURSDAY,11:00:00,12:30:00,R093,\N,\N,\N,\N
2694,2694,FRIDAY,14:00:00,15:30:00,R094,\N,\N,\N,\N
2695,2695,MONDAY,13:00:00,14:30:00,R095,\N,\N,\N,\N
2696,2696,TUESDAY,10:30:00,12:00:00,R096,\N,\N,\N,\N
2697,2697,WEDNESDAY,13:30:00,15:00:00,R097,\N,\N,\N,\N
2698,2698,THURSDAY,13:00:00,14:30:00,R098,\N,\N,\N,\N
2699,2699,FRIDAY,12:00:00,13:30:00,R099,\N,\N,\N,\N
2700,2700,MONDAY,14:30:00,16:00:00,R100,\N,\N,\N,\N
2701,2701,TUESDAY,15:00:00,16:30:00,R101,\N,\N,\N,\N
2702,2702,WEDNESDAY,10:30:00,12:00:00,R102,\N,\N,\N,\N
2703,2703,THURSDAY,13:00:00,14:30:00,R103,\N,\N,\N,\N
2704,2704,FRIDAY,13:00:00,14:30:00,R104,\N,\N,\N,\N
2705,2705,MONDAY,11:30:00,13:00:00,R105,\N,\N,\N,\N
2706,2706,TUESDAY,13:30:00,15:00:00,R106,\N,\N,\N,\N
2707,2707,WEDNESDAY,14:30:00,16:00:00,R107,\N,\N,\N,\N
2708,2708,THURSDAY,10:30:00,12:00:00,R108,\N,\N,\N,\N
2709,2709,FRIDAY,15:00:00,16:30:00,R109,\N,\N,\N,\N
2710,2710,MONDAY,11:00:00,12:30:00,R110,\N,\N,\N,\N
2711,2711,TUESDAY,15:30:00,17:00:00,R111,\N,\N,\N,\N
2712,2712,WEDNESDAY,14:00:00,15:30:00,R112,\N,\N,\N,\N
2713,2713,THURSDAY,10:30:00,12:00:00,R113,\N,\N,\N,\N
2714,2714,FRIDAY,14:30:00,16:00:00,R114,\N,\N,\N,\N
2715,2715,MONDAY,09:30:00,11:00:00,R115,\N,\N,\N,\N
2716,2716,TUESDAY,13:30:00,15:00:00,R116,\N,\N,\N,\N
2717,2717,WEDNESDAY,11:30:00,13:00:00,R117,\N,\N,\N,\N
2718,2718,THURSDAY,13:00:00,14:30:00,R118,\N,\N,\N,\N
2719,2719,FRIDAY,12:00:00,13:30:00,R119,\N,\N,\N,\N
2720,2720,MONDAY,11:00:00,12:30:00,R120,\N,\N,\N,\N
2721,2721,TUESDAY,14:00:00,15:30:00,R121,\N,\N,\N,\N
2722,2722,WEDNESDAY,14:30:00,16:00:00,R122,\N,\N,\N,\N
2723,2723,THURSDAY,11:00:00,12:30:00,R123,\N,\N,\N,\N
2724,2724,FRIDAY,12:30:00,14:00:00,R124,\N,\N,\N,\N
2725,2725,MONDAY,10:30:00,12:00:00,R125,\N,\N,\N,\N
2726,2726,TUESDAY,11:00:00,12:30:00,R126,\N,\N,\N,\N
2727,2727,WEDNESDAY,11:30:00,13:00:00,R127,\N,\N,\N,\N
2728,2728,THURSDAY,14:30:00,16:00:00,R128,\N,\N,\N,\N
2729,2729,FRIDAY,13:00:00,14:30:00,R129,\N,\N,\N,\N
2730,2730,MONDAY,11:00:00,12:30:00,R130,\N,\N,\N,\N
2731,2731,TUESDAY,13:00:00,14:30:00,R131,\N,\N,\N,\N
2732,2732,WEDNESDAY,14:00:00,15:30:00,R132,\N,\N,\N,\N
2733,2733,THURSDAY,15:30:00,17:00:00,R133,\N,\N,\N,\N
2734,2734,FRIDAY,13:30:00,15:00:00,R134,\N,\N,\N,\N
2735,2735,MONDAY,14:00:00,15:30:00,R135,\N,\N,\N,\N
2736,2736,TUESDAY,13:00:00,14:30:00,R136,\N,\N,\N,\N
2737,2737,WEDNESDAY,14:00:00,15:30:00,R137,\N,\N,\N,\N
2738,2738,THURSDAY,14:00:00,15:30:00,R138,\N,\N,\N,\N
2739,2739,FRIDAY,10:00:00,11:30:00,R139,\N,\N,\N,\N
2740,2740,MONDAY,14:30:00,16:00:00,R140,\N,\N,\N,\N
2741,2741,TUESDAY,14:00:00,15:30:00,R141,\N,\N,\N,\N
2742,2742,WEDNESDAY,11:30:00,13:00:00,R142,\N,\N,\N,\N
2743,2743,THURSDAY,10:00:00,11:30:00,R143,\N,\N,\N,\N
2744,2744,FRIDAY,10:30:00,12:00:00,R144,\N,\N,\N,\N
2745,2745,MONDAY,14:00:00,15:30:00,R145,\N,\N,\N,\N
2746,2746,TUESDAY,10:00:00,11:30:00,R146,\N,\N,\N,\N
2747,2747,WEDNESDAY,10:00:00,11:30:00,R147,\N,\N,\N,\N
2748,2748,THURSDAY,15:00:00,16:30:00,R148,\N,\N,\N,\N
2749,2749,FRIDAY,13:30:00,15:00:00,R149,\N,\N,\N,\N
2750,2750,MONDAY,13:30:00,15:00:00,R150,\N,\N,\N,\N
2751,2751,TUESDAY,14:30:00,16:00:00,R151,\N,\N,\N,\N
2752,2752,WEDNESDAY,10:00:00,11:30:00,R152,\N,\N,\N,\N
2753,2753,THURSDAY,09:00:00,10:30:00,R153,\N,\N,\N,\N
2754,2754,FRIDAY,10:00:00,11:30:00,R154,\N,\N,\N,\N
2755,2755,MONDAY,11:00:00,12:30:00,R155,\N,\N,\N,\N
2756,2756,TUESDAY,10:00:00,11:30:00,R156,\N,\N,\N,\N
2757,2757,WEDNESDAY,13:00:00,14:30:00,R157,\N,\N,\N,\N
2758,2758,THURSDAY,13:30:00,15:00:00,R158,\N,\N,\N,\N
2759,2759,FRIDAY,14:30:00,16:00:00,R159,\N,\N,\N,\N
2760,2760,MONDAY,15:30:00,17:00:00,R160,\N,\N,\N,\N
2761,2761,TUESDAY,15:00:00,16:30:00,R161,\N,\N,\N,\N
2762,2762,WEDNESDAY,10:00:00,11:30:00,R162,\N,\N,\N,\N
2763,2763,THURSDAY,13:00:00,14:30:00,R163,\N,\N,\N,\N
2764,2764,FRIDAY,14:30:00,16:00:00,R164,\N,\N,\N,\N
2765,2765,MONDAY,13:30:00,15:00:00,R165,\N,\N,\N,\N
2766,2766,TUESDAY,13:30:00,15:00:00,R166,\N,\N,\N,\N
2767,2767,WEDNESDAY,15:30:00,17:00:00,R167,\N,\N,\N,\N
2768,2768,THURSDAY,13:00:00,14:30:00,R168,\N,\N,\N,\N
2769,2769,FRIDAY,11:30:00,13:00:00,R169,\N,\N,\N,\N
2770,2770,MONDAY,14:00:00,15:30:00,R170,\N,\N,\N,\N
2771,2771,TUESDAY,09:30:00,11:00:00,R171,\N,\N,\N,\N
2772,2772,WEDNESDAY,14:00:00,15:30:00,R172,\N,\N,\N,\N
2773,2773,THURSDAY,10:00:00,11:30:00,R173,\N,\N,\N,\N
2774,2774,FRIDAY,12:00:00,13:30:00,R174,\N,\N,\N,\N
2775,2775,MONDAY,14:00:00,15:30:00,R175,\N,\N,\N,\N
2776,2776,TUESDAY,11:30:00,13:00:00,R176,\N,\N,\N,\N
2777,2777,WEDNESDAY,10:30:00,12:00:00,R177,\N,\N,\N,\N
2778,2778,THURSDAY,11:30:00,13:00:00,R178,\N,\N,\N,\N
2779,2779,FRIDAY,14:00:00,15:30:00,R179,\N,\N,\N,\N
2780,2780,MONDAY,12:30:00,14:00:00,R180,\N,\N,\N,\N
2781,2781,TUESDAY,13:30:00,15:00:00,R181,\N,\N,\N,\N
2782,2782,WEDNESDAY,13:30:00,15:00:00,R182,\N,\N,\N,\N
2783,2783,THURSDAY,11:30:00,13:00:00,R183,\N,\N,\N,\N
2784,2784,FRIDAY,13:30:00,15:00:00,R184,\N,\N,\N,\N
2785,2785,MONDAY,14:00:00,15:30:00,R185,\N,\N,\N,\N
2786,2786,TUESDAY,14:00:00,15:30:00,R186,\N,\N,\N,\N
2787,2787,WEDNESDAY,14:00:00,15:30:00,R187,\N,\N,\N,\N
2788,2788,THURSDAY,10:00:00,11:30:00,R188,\N,\N,\N,\N
2789,2789,FRIDAY,13:00:00,14:30:00,R189,\N,\N,\N,\N
2790,2790,MONDAY,13:00:00,14:30:00,R190,\N,\N,\N,\N
2791,2791,TUESDAY,13:00:00,14:30:00,R191,\N,\N,\N,\N
2792,2792,WEDNESDAY,11:00:00,12:30:00,R192,\N,\N,\N,\N
2793,2793,THURSDAY,12:30:00,14:00:00,R193,\N,\N,\N,\N
2794,2794,FRIDAY,10:00:00,11:30:00,R194,\N,\N,\N,\N
2795,2795,MONDAY,10:30:00,12:00:00,R195,\N,\N,\N,\N
2796,2796,TUESDAY,09:30:00,11:00:00,R196,\N,\N,\N,\N
2797,2797,WEDNESDAY,13:30:00,15:00:00,R197,\N,\N,\N,\N
2798,2798,THURSDAY,10:00:00,11:30:00,R198,\N,\N,\N,\N
2799,2799,FRIDAY,10:00:00,11:30:00,R199,\N,\N,\N,\N
2800,2800,MONDAY,10:30:00,12:00:00,R200,\N,\N,\N,\N
2801,2801,TUESDAY,13:30:00,15:00:00,R001,\N,\N,\N,\N
2802,2802,WEDNESDAY,10:30:00,12:00:00,R002,\N,\N,\N,\N
2803,2803,THURSDAY,14:30:00,16:00:00,R003,\N,\N,\N,\N
2804,2804,FRIDAY,10:00:00,11:30:00,R004,\N,\N,\N,\N
2805,2805,MONDAY,13:30:00,15:00:00,R005,\N,\N,\N,\N
2806,2806,TUESDAY,14:30:00,16:00:00,R006,\N,\N,\N,\N
2807,2807,WEDNESDAY,14:30:00,16:00:00,R007,\N,\N,\N,\N
2808,2808,THURSDAY,13:30:00,15:00:00,R008,\N,\N,\N,\N
2809,2809,FRIDAY,10:00:00,11:30:00,R009,\N,\N,\N,\N
2810,2810,MONDAY,13:30:00,15:00:00,R010,\N,\N,\N,\N
2811,2811,TUESDAY,10:30:00,12:00:00,R011,\N,\N,\N,\N
2812,2812,WEDNESDAY,10:30:00,12:00:00,R012,\N,\N,\N,\N
2813,2813,THURSDAY,14:30:00,16:00:00,R013,\N,\N,\N,\N
2814,2814,FRIDAY,13:30:00,15:00:00,R014,\N,\N,\N,\N
2815,2815,MONDAY,09:30:00,11:00:00,R015,\N,\N,\N,\N
2816,2816,TUESDAY,11:00:00,12:30:00,R016,\N,\N,\N,\N
2817,2817,WEDNESDAY,13:00:00,14:30:00,R017,\N,\N,\N,\N
2818,2818,THURSDAY,15:30:00,17:00:00,R018,\N,\N,\N,\N
2819,2819,FRIDAY,14:30:00,16:00:00,R019,\N,\N,\N,\N
2820,2820,MONDAY,13:00:00,14:30:00,R020,\N,\N,\N,\N
2821,2821,TUESDAY,09:00:00,10:30:00,R021,\N,\N,\N,\N
2822,2822,WEDNESDAY,11:30:00,13:00:00,R022,\N,\N,\N,\N
2823,2823,THURSDAY,11:30:00,13:00:00,R023,\N,\N,\N,\N
2824,2824,FRIDAY,11:30:00,13:00:00,R024,\N,\N,\N,\N
2825,2825,MONDAY,11:00:00,12:30:00,R025,\N,\N,\N,\N
2826,2826,TUESDAY,15:00:00,16:30:00,R026,\N,\N,\N,\N
2827,2827,WEDNESDAY,10:00:00,11:30:00,R027,\N,\N,\N,\N
2828,2828,THURSDAY,14:00:00,15:30:00,R028,\N,\N,\N,\N
2829,2829,FRIDAY,10:30:00,12:00:00,R029,\N,\N,\N,\N
2830,2830,MONDAY,14:30:00,16:00:00,R030,\N,\N,\N,\N
2831,2831,TUESDAY,13:00:00,14:30:00,R031,\N,\N,\N,\N
2832,2832,WEDNESDAY,11:00:00,12:30:00,R032,\N,\N,\N,\N
2833,2833,THURSDAY,13:30:00,15:00:00,R033,\N,\N,\N,\N
2834,2834,FRIDAY,10:30:00,12:00:00,R034,\N,\N,\N,\N
2835,2835,MONDAY,11:00:00,12:30:00,R035,\N,\N,\N,\N
2836,2836,TUESDAY,14:30:00,16:00:00,R036,\N,\N,\N,\N
2837,2837,WEDNESDAY,13:30:00,15:00:00,R037,\N,\N,\N,\N
2838,2838,THURSDAY,13:00:00,14:30:00,R038,\N,\N,\N,\N
2839,2839,FRIDAY,13:00:00,14:30:00,R039,\N,\N,\N,\N
2840,2840,MONDAY,13:30:00,15:00:00,R040,\N,\N,\N,\N
2841,2841,TUESDAY,15:30:00,17:00:00,R041,\N,\N,\N,\N
2842,2842,WEDNESDAY,10:30:00,12:00:00,R042,\N,\N,\N,\N
2843,2843,THURSDAY,14:00:00,15:30:00,R043,\N,\N,\N,\N
2844,2844,FRIDAY,14:00:00,15:30:00,R044,\N,\N,\N,\N
2845,2845,MONDAY,13:30:00,15:00:00,R045,\N,\N,\N,\N
2846,2846,TUESDAY,10:30:00,12:00:00,R046,\N,\N,\N,\N
2847,2847,WEDNESDAY,12:30:00,14:00:00,R047,\N,\N,\N,\N
2848,2848,THURSDAY,15:30:00,17:00:00,R048,\N,\N,\N,\N
2849,2849,FRIDAY,11:30:00,13:00:00,R049,\N,\N,\N,\N
2850,2850,MONDAY,11:00:00,12:30:00,R050,\N,\N,\N,\N
2851,2851,TUESDAY,13:00:00,14:30:00,R051,\N,\N,\N,\N
2852,2852,WEDNESDAY,10:30:00,12:00:00,R052,\N,\N,\N,\N
2853,2853,THURSDAY,10:30:00,12:00:00,R053,\N,\N,\N,\N
2854,2854,FRIDAY,12:30:00,14:00:00,R054,\N,\N,\N,\N
2855,2855,MONDAY,10:30:00,12:00:00,R055,\N,\N,\N,\N
2856,2856,TUESDAY,10:30:00,12:00:00,R056,\N,\N,\N,\N
2857,2857,WEDNESDAY,14:30:00,16:00:00,R057,\N,\N,\N,\N
2858,2858,THURSDAY,11:30:00,13:00:00,R058,\N,\N,\N,\N
2859,2859,FRIDAY,13:00:00,14:30:00,R059,\N,\N,\N,\N
2860,2860,MONDAY,13:00:00,14:30:00,R060,\N,\N,\N,\N
2861,2861,TUESDAY,14:00:00,15:30:00,R061,\N,\N,\N,\N
2862,2862,WEDNESDAY,11:00:00,12:30:00,R062,\N,\N,\N,\N
2863,2863,THURSDAY,15:00:00,16:30:00,R063,\N,\N,\N,\N
2864,2864,FRIDAY,13:00:00,14:30:00,R064,\N,\N,\N,\N
2865,2865,MONDAY,14:30:00,16:00:00,R065,\N,\N,\N,\N
2866,2866,TUESDAY,10:30:00,12:00:00,R066,\N,\N,\N,\N
2867,2867,WEDNESDAY,14:30:00,16:00:00,R067,\N,\N,\N,\N
2868,2868,THURSDAY,14:00:00,15:30:00,R068,\N,\N,\N,\N
2869,2869,FRIDAY,10:30:00,12:00:00,R069,\N,\N,\N,\N
2870,2870,MONDAY,14:30:00,16:00:00,R070,\N,\N,\N,\N
2871,2871,TUESDAY,10:00:00,11:30:00,R071,\N,\N,\N,\N
2872,2872,WEDNESDAY,14:30:00,16:00:00,R072,\N,\N,\N,\N
2873,2873,THURSDAY,12:00:00,13:30:00,R073,\N,\N,\N,\N
2874,2874,FRIDAY,11:00:00,12:30:00,R074,\N,\N,\N,\N
2875,2875,MONDAY,10:30:00,12:00:00,R075,\N,\N,\N,\N
2876,2876,TUESDAY,13:00:00,14:30:00,R076,\N,\N,\N,\N
2877,2877,WEDNESDAY,13:00:00,14:30:00,R077,\N,\N,\N,\N
2878,2878,THURSDAY,10:30:00,12:00:00,R078,\N,\N,\N,\N
2879,2879,FRIDAY,14:00:00,15:30:00,R079,\N,\N,\N,\N
2880,2880,MONDAY,09:00:00,10:30:00,R080,\N,\N,\N,\N
2881,2881,TUESDAY,14:30:00,16:00:00,R081,\N,\N,\N,\N
2882,2882,WEDNESDAY,11:00:00,12:30:00,R082,\N,\N,\N,\N
2883,2883,THURSDAY,11:00:00,12:30:00,R083,\N,\N,\N,\N
2884,2884,FRIDAY,13:00:00,14:30:00,R084,\N,\N,\N,\N
2885,2885,MONDAY,14:30:00,16:00:00,R085,\N,\N,\N,\N
2886,2886,TUESDAY,13:00:00,14:30:00,R086,\N,\N,\N,\N
2887,2887,WEDNESDAY,14:30:00,16:00:00,R087,\N,\N,\N,\N
2888,2888,THURSDAY,14:00:00,15:30:00,R088,\N,\N,\N,\N
2889,2889,FRIDAY,14:30:00,16:00:00,R089,\N,\N,\N,\N
2890,2890,MONDAY,14:00:00,15:30:00,R090,\N,\N,\N,\N
2891,2891,TUESDAY,13:00:00,14:30:00,R091,\N,\N,\N,\N
2892,2892,WEDNESDAY,14:30:00,16:00:00,R092,\N,\N,\N,\N
2893,2893,THURSDAY,10:00:00,11:30:00,R093,\N,\N,\N,\N
2894,2894,FRIDAY,11:30:00,13:00:00,R094,\N,\N,\N,\N
2895,2895,MONDAY,15:00:00,16:30:00,R095,\N,\N,\N,\N
2896,2896,TUESDAY,09:30:00,11:00:00,R096,\N,\N,\N,\N
2897,2897,WEDNESDAY,10:00:00,11:30:00,R097,\N,\N,\N,\N
2898,2898,THURSDAY,12:00:00,13:30:00,R098,\N,\N,\N,\N
2899,2899,FRIDAY,10:00:00,11:30:00,R099,\N,\N,\N,\N
2900,2900,MONDAY,11:30:00,13:00:00,R100,\N,\N,\N,\N
2901,2901,TUESDAY,10:00:00,11:30:00,R101,\N,\N,\N,\N
2902,2902,WEDNESDAY,14:00:00,15:30:00,R102,\N,\N,\N,\N
2903,2903,THURSDAY,12:00:00,13:30:00,R103,\N,\N,\N,\N
2904,2904,FRIDAY,10:00:00,11:30:00,R104,\N,\N,\N,\N
2905,2905,MONDAY,13:30:00,15:00:00,R105,\N,\N,\N,\N
2906,2906,TUESDAY,15:00:00,16:30:00,R106,\N,\N,\N,\N
2907,2907,WEDNESDAY,14:30:00,16:00:00,R107,\N,\N,\N,\N
2908,2908,THURSDAY,14:30:00,16:00:00,R108,\N,\N,\N,\N
2909,2909,FRIDAY,13:00:00,14:30:00,R109,\N,\N,\N,\N
2910,2910,MONDAY,10:30:00,12:00:00,R110,\N,\N,\N,\N
2911,2911,TUESDAY,15:00:00,16:30:00,R111,\N,\N,\N,\N
2912,2912,WEDNESDAY,10:30:00,12:00:00,R112,\N,\N,\N,\N
2913,2913,THURSDAY,11:30:00,13:00:00,R113,\N,\N,\N,\N
2914,2914,FRIDAY,14:00:00,15:30:00,R114,\N,\N,\N,\N
2915,2915,MONDAY,14:30:00,16:00:00,R115,\N,\N,\N,\N
2916,2916,TUESDAY,14:00:00,15:30:00,R116,\N,\N,\N,\N
2917,2917,WEDNESDAY,10:00:00,11:30:00,R117,\N,\N,\N,\N
2918,2918,THURSDAY,13:00:00,14:30:00,R118,\N,\N,\N,\N
2919,2919,FRIDAY,14:00:00,15:30:00,R119,\N,\N,\N,\N
2920,2920,MONDAY,11:30:00,13:00:00,R120,\N,\N,\N,\N
2921,2921,TUESDAY,14:30:00,16:00:00,R121,\N,\N,\N,\N
2922,2922,WEDNESDAY,10:00:00,11:30:00,R122,\N,\N,\N,\N
2923,2923,THURSDAY,10:30:00,12:00:00,R123,\N,\N,\N,\N
2924,2924,FRIDAY,12:30:00,14:00:00,R124,\N,\N,\N,\N
2925,2925,MONDAY,10:00:00,11:30:00,R125,\N,\N,\N,\N
2926,2926,TUESDAY,13:00:00,14:30:00,R126,\N,\N,\N,\N
2927,2927,WEDNESDAY,11:00:00,12:30:00,R127,\N,\N,\N,\N
2928,2928,THURSDAY,14:00:00,15:30:00,R128,\N,\N,\N,\N
2929,2929,FRIDAY,11:30:00,13:00:00,R129,\N,\N,\N,\N
2930,2930,MONDAY,13:00:00,14:30:00,R130,\N,\N,\N,\N
2931,2931,TUESDAY,10:30:00,12:00:00,R131,\N,\N,\N,\N
2932,2932,WEDNESDAY,10:30:00,12:00:00,R132,\N,\N,\N,\N
2933,2933,THURSDAY,11:30:00,13:00:00,R133,\N,\N,\N,\N
2934,2934,FRIDAY,15:30:00,17:00:00,R134,\N,\N,\N,\N
2935,2935,MONDAY,14:00:00,15:30:00,R135,\N,\N,\N,\N
2936,2936,TUESDAY,14:30:00,16:00:00,R136,\N,\N,\N,\N
2937,2937,WEDNESDAY,10:00:00,11:30:00,R137,\N,\N,\N,\N
2938,2938,THURSDAY,11:00:00,12:30:00,R138,\N,\N,\N,\N
2939,2939,FRIDAY,11:30:00,13:00:00,R139,\N,\N,\N,\N
2940,2940,MONDAY,11:30:00,13:00:00,R140,\N,\N,\N,\N
2941,2941,TUESDAY,10:30:00,12:00:00,R141,\N,\N,\N,\N
2942,2942,WEDNESDAY,15:00:00,16:30:00,R142,\N,\N,\N,\N
2943,2943,THURSDAY,14:00:00,15:30:00,R143,\N,\N,\N,\N
2944,2944,FRIDAY,14:00:00,15:30:00,R144,\N,\N,\N,\N
2945,2945,MONDAY,11:30:00,13:00:00,R145,\N,\N,\N,\N
2946,2946,TUESDAY,14:00:00,15:30:00,R146,\N,\N,\N,\N
2947,2947,WEDNESDAY,10:00:00,11:30:00,R147,\N,\N,\N,\N
2948,2948,THURSDAY,13:00:00,14:30:00,R148,\N,\N,\N,\N
2949,2949,FRIDAY,12:00:00,13:30:00,R149,\N,\N,\N,\N
2950,2950,MONDAY,12:00:00,13:30:00,R150,\N,\N,\N,\N
2951,2951,TUESDAY,15:00:00,16:30:00,R151,\N,\N,\N,\N
2952,2952,WEDNESDAY,11:30:00,13:00:00,R152,\N,\N,\N,\N
2953,2953,THURSDAY,13:00:00,14:30:00,R153,\N,\N,\N,\N
2954,2954,FRIDAY,10:00:00,11:30:00,R154,\N,\N,\N,\N
2955,2955,MONDAY,11:00:00,12:30:00,R155,\N,\N,\N,\N
2956,2956,TUESDAY,14:00:00,15:30:00,R156,\N,\N,\N,\N
2957,2957,WEDNESDAY,10:30:00,12:00:00,R157,\N,\N,\N,\N
2958,2958,THURSDAY,11:30:00,13:00:00,R158,\N,\N,\N,\N
2959,2959,FRIDAY,11:00:00,12:30:00,R159,\N,\N,\N,\N
2960,2960,MONDAY,11:00:00,12:30:00,R160,\N,\N,\N,\N
2961,2961,TUESDAY,10:30:00,12:00:00,R161,\N,\N,\N,\N
2962,2962,WEDNESDAY,11:30:00,13:00:00,R162,\N,\N,\N,\N
2963,2963,THURSDAY,13:00:00,14:30:00,R163,\N,\N,\N,\N
2964,2964,FRIDAY,10:30:00,12:00:00,R164,\N,\N,\N,\N
2965,2965,MONDAY,13:30:00,15:00:00,R165,\N,\N,\N,\N
2966,2966,TUESDAY,14:30:00,16:00:00,R166,\N,\N,\N,\N
2967,2967,WEDNESDAY,11:30:00,13:00:00,R167,\N,\N,\N,\N
2968,2968,THURSDAY,15:00:00,16:30:00,R168,\N,\N,\N,\N
2969,2969,FRIDAY,11:30:00,13:00:00,R169,\N,\N,\N,\N
2970,2970,MONDAY,14:00:00,15:30:00,R170,\N,\N,\N,\N
2971,2971,TUESDAY,13:00:00,14:30:00,R171,\N,\N,\N,\N
2972,2972,WEDNESDAY,13:00:00,14:30:00,R172,\N,\N,\N,\N
2973,2973,THURSDAY,11:00:00,12:30:00,R173,\N,\N,\N,\N
2974,2974,FRIDAY,11:30:00,13:00:00,R174,\N,\N,\N,\N
2975,2975,MONDAY,13:30:00,15:00:00,R175,\N,\N,\N,\N
2976,2976,TUESDAY,13:00:00,14:30:00,R176,\N,\N,\N,\N
2977,2977,WEDNESDAY,11:30:00,13:00:00,R177,\N,\N,\N,\N
2978,2978,THURSDAY,14:30:00,16:00:00,R178,\N,\N,\N,\N
2979,2979,FRIDAY,13:30:00,15:00:00,R179,\N,\N,\N,\N
2980,2980,MONDAY,14:30:00,16:00:00,R180,\N,\N,\N,\N
2981,2981,TUESDAY,13:00:00,14:30:00,R181,\N,\N,\N,\N
2982,2982,WEDNESDAY,15:30:00,17:00:00,R182,\N,\N,\N,\N
2983,2983,THURSDAY,09:00:00,10:30:00,R183,\N,\N,\N,\N
2984,2984,FRIDAY,11:30:00,13:00:00,R184,\N,\N,\N,\N
2985,2985,MONDAY,13:30:00,15:00:00,R185,\N,\N,\N,\N
2986,2986,TUESDAY,14:00:00,15:30:00,R186,\N,\N,\N,\N
2987,2987,WEDNESDAY,11:00:00,12:30:00,R187,\N,\N,\N,\N
2988,2988,THURSDAY,14:00:00,15:30:00,R188,\N,\N,\N,\N
2989,2989,FRIDAY,13:30:00,15:00:00,R189,\N,\N,\N,\N
2990,2990,MONDAY,11:30:00,13:00:00,R190,\N,\N,\N,\N
2991,2991,TUESDAY,14:30:00,16:00:00,R191,\N,\N,\N,\N
2992,2992,WEDNESDAY,11:30:00,13:00:00,R192,\N,\N,\N,\N
2993,2993,THURSDAY,14:30:00,16:00:00,R193,\N,\N,\N,\N
2994,2994,FRIDAY,11:30:00,13:00:00,R194,\N,\N,\N,\N
2995,2995,MONDAY,13:00:00,14:30:00,R195,\N,\N,\N,\N
2996,2996,TUESDAY,12:00:00,13:30:00,R196,\N,\N,\N,\N
2997,2997,WEDNESDAY,13:30:00,15:00:00,R197,\N,\N,\N,\N
2998,2998,THURSDAY,14:30:00,16:00:00,R198,\N,\N,\N,\N
2999,2999,FRIDAY,15:00:00,16:30:00,R199,\N,\N,\N,\N
3000,3000,MONDAY,11:00:00,12:30:00,R200,\N,\N,\N,\N
3001,3001,TUESDAY,15:00:00,16:30:00,R001,\N,\N,\N,\N
3002,3002,WEDNESDAY,14:30:00,16:00:00,R002,\N,\N,\N,\N
3003,3003,THURSDAY,13:30:00,15:00:00,R003,\N,\N,\N,\N
3004,3004,FRIDAY,10:30:00,12:00:00,R004,\N,\N,\N,\N
3005,3005,MONDAY,10:00:00,11:30:00,R005,\N,\N,\N,\N
3006,3006,TUESDAY,10:00:00,11:30:00,R006,\N,\N,\N,\N
3007,3007,WEDNESDAY,13:30:00,15:00:00,R007,\N,\N,\N,\N
3008,3008,THURSDAY,09:30:00,11:00:00,R008,\N,\N,\N,\N
3009,3009,FRIDAY,10:30:00,12:00:00,R009,\N,\N,\N,\N
3010,3010,MONDAY,10:00:00,11:30:00,R010,\N,\N,\N,\N
3011,3011,TUESDAY,13:00:00,14:30:00,R011,\N,\N,\N,\N
3012,3012,WEDNESDAY,13:30:00,15:00:00,R012,\N,\N,\N,\N
3013,3013,THURSDAY,09:00:00,10:30:00,R013,\N,\N,\N,\N
3014,3014,FRIDAY,14:30:00,16:00:00,R014,\N,\N,\N,\N
3015,3015,MONDAY,11:00:00,12:30:00,R015,\N,\N,\N,\N
3016,3016,TUESDAY,11:00:00,12:30:00,R016,\N,\N,\N,\N
3017,3017,WEDNESDAY,12:30:00,14:00:00,R017,\N,\N,\N,\N
3018,3018,THURSDAY,10:00:00,11:30:00,R018,\N,\N,\N,\N
3019,3019,FRIDAY,11:30:00,13:00:00,R019,\N,\N,\N,\N
3020,3020,MONDAY,11:30:00,13:00:00,R020,\N,\N,\N,\N
3021,3021,TUESDAY,14:30:00,16:00:00,R021,\N,\N,\N,\N
3022,3022,WEDNESDAY,11:00:00,12:30:00,R022,\N,\N,\N,\N
3023,3023,THURSDAY,11:30:00,13:00:00,R023,\N,\N,\N,\N
3024,3024,FRIDAY,14:30:00,16:00:00,R024,\N,\N,\N,\N
3025,3025,MONDAY,10:00:00,11:30:00,R025,\N,\N,\N,\N
3026,3026,TUESDAY,10:30:00,12:00:00,R026,\N,\N,\N,\N
3027,3027,WEDNESDAY,13:30:00,15:00:00,R027,\N,\N,\N,\N
3028,3028,THURSDAY,12:30:00,14:00:00,R028,\N,\N,\N,\N
3029,3029,FRIDAY,10:00:00,11:30:00,R029,\N,\N,\N,\N
3030,3030,MONDAY,14:30:00,16:00:00,R030,\N,\N,\N,\N
3031,3031,TUESDAY,11:30:00,13:00:00,R031,\N,\N,\N,\N
3032,3032,WEDNESDAY,10:00:00,11:30:00,R032,\N,\N,\N,\N
3033,3033,THURSDAY,09:00:00,10:30:00,R033,\N,\N,\N,\N
3034,3034,FRIDAY,11:30:00,13:00:00,R034,\N,\N,\N,\N
3035,3035,MONDAY,14:00:00,15:30:00,R035,\N,\N,\N,\N
3036,3036,TUESDAY,11:00:00,12:30:00,R036,\N,\N,\N,\N
3037,3037,WEDNESDAY,11:00:00,12:30:00,R037,\N,\N,\N,\N
3038,3038,THURSDAY,15:30:00,17:00:00,R038,\N,\N,\N,\N
3039,3039,FRIDAY,10:00:00,11:30:00,R039,\N,\N,\N,\N
3040,3040,MONDAY,13:30:00,15:00:00,R040,\N,\N,\N,\N
3041,3041,TUESDAY,13:00:00,14:30:00,R041,\N,\N,\N,\N
3042,3042,WEDNESDAY,09:00:00,10:30:00,R042,\N,\N,\N,\N
3043,3043,THURSDAY,09:00:00,10:30:00,R043,\N,\N,\N,\N
3044,3044,FRIDAY,13:30:00,15:00:00,R044,\N,\N,\N,\N
3045,3045,MONDAY,10:30:00,12:00:00,R045,\N,\N,\N,\N
3046,3046,TUESDAY,14:30:00,16:00:00,R046,\N,\N,\N,\N
3047,3047,WEDNESDAY,11:00:00,12:30:00,R047,\N,\N,\N,\N
3048,3048,THURSDAY,14:00:00,15:30:00,R048,\N,\N,\N,\N
3049,3049,FRIDAY,11:00:00,12:30:00,R049,\N,\N,\N,\N
3050,3050,MONDAY,10:00:00,11:30:00,R050,\N,\N,\N,\N
3051,3051,TUESDAY,13:00:00,14:30:00,R051,\N,\N,\N,\N
3052,3052,WEDNESDAY,11:30:00,13:00:00,R052,\N,\N,\N,\N
3053,3053,THURSDAY,10:00:00,11:30:00,R053,\N,\N,\N,\N
3054,3054,FRIDAY,10:00:00,11:30:00,R054,\N,\N,\N,\N
3055,3055,MONDAY,13:00:00,14:30:00,R055,\N,\N,\N,\N
3056,3056,TUESDAY,14:30:00,16:00:00,R056,\N,\N,\N,\N
3057,3057,WEDNESDAY,12:30:00,14:00:00,R057,\N,\N,\N,\N
3058,3058,THURSDAY,11:00:00,12:30:00,R058,\N,\N,\N,\N
3059,3059,FRIDAY,13:00:00,14:30:00,R059,\N,\N,\N,\N
3060,3060,MONDAY,11:00:00,12:30:00,R060,\N,\N,\N,\N
3061,3061,TUESDAY,11:30:00,13:00:00,R061,\N,\N,\N,\N
3062,3062,WEDNESDAY,11:00:00,12:30:00,R062,\N,\N,\N,\N
3063,3063,THURSDAY,13:30:00,15:00:00,R063,\N,\N,\N,\N
3064,3064,FRIDAY,15:00:00,16:30:00,R064,\N,\N,\N,\N
3065,3065,MONDAY,09:00:00,10:30:00,R065,\N,\N,\N,\N
3066,3066,TUESDAY,10:00:00,11:30:00,R066,\N,\N,\N,\N
3067,3067,WEDNESDAY,13:00:00,14:30:00,R067,\N,\N,\N,\N
3068,3068,THURSDAY,14:00:00,15:30:00,R068,\N,\N,\N,\N
3069,3069,FRIDAY,11:30:00,13:00:00,R069,\N,\N,\N,\N
3070,3070,MONDAY,11:30:00,13:00:00,R070,\N,\N,\N,\N
3071,3071,TUESDAY,14:00:00,15:30:00,R071,\N,\N,\N,\N
3072,3072,WEDNESDAY,13:00:00,14:30:00,R072,\N,\N,\N,\N
3073,3073,THURSDAY,11:30:00,13:00:00,R073,\N,\N,\N,\N
3074,3074,FRIDAY,11:30:00,13:00:00,R074,\N,\N,\N,\N
3075,3075,MONDAY,10:00:00,11:30:00,R075,\N,\N,\N,\N
3076,3076,TUESDAY,11:00:00,12:30:00,R076,\N,\N,\N,\N
3077,3077,WEDNESDAY,10:30:00,12:00:00,R077,\N,\N,\N,\N
3078,3078,THURSDAY,15:30:00,17:00:00,R078,\N,\N,\N,\N
3079,3079,FRIDAY,13:00:00,14:30:00,R079,\N,\N,\N,\N
3080,3080,MONDAY,14:00:00,15:30:00,R080,\N,\N,\N,\N
3081,3081,TUESDAY,14:30:00,16:00:00,R081,\N,\N,\N,\N
3082,3082,WEDNESDAY,13:00:00,14:30:00,R082,\N,\N,\N,\N
3083,3083,THURSDAY,11:00:00,12:30:00,R083,\N,\N,\N,\N
3084,3084,FRIDAY,10:30:00,12:00:00,R084,\N,\N,\N,\N
3085,3085,MONDAY,11:30:00,13:00:00,R085,\N,\N,\N,\N
3086,3086,TUESDAY,11:30:00,13:00:00,R086,\N,\N,\N,\N
3087,3087,WEDNESDAY,10:30:00,12:00:00,R087,\N,\N,\N,\N
3088,3088,THURSDAY,14:30:00,16:00:00,R088,\N,\N,\N,\N
3089,3089,FRIDAY,12:00:00,13:30:00,R089,\N,\N,\N,\N
3090,3090,MONDAY,09:30:00,11:00:00,R090,\N,\N,\N,\N
3091,3091,TUESDAY,12:30:00,14:00:00,R091,\N,\N,\N,\N
3092,3092,WEDNESDAY,11:30:00,13:00:00,R092,\N,\N,\N,\N
3093,3093,THURSDAY,13:30:00,15:00:00,R093,\N,\N,\N,\N
3094,3094,FRIDAY,13:00:00,14:30:00,R094,\N,\N,\N,\N
3095,3095,MONDAY,11:00:00,12:30:00,R095,\N,\N,\N,\N
3096,3096,TUESDAY,13:30:00,15:00:00,R096,\N,\N,\N,\N
3097,3097,WEDNESDAY,12:00:00,13:30:00,R097,\N,\N,\N,\N
3098,3098,THURSDAY,10:30:00,12:00:00,R098,\N,\N,\N,\N
3099,3099,FRIDAY,10:30:00,12:00:00,R099,\N,\N,\N,\N
3100,3100,MONDAY,14:30:00,16:00:00,R100,\N,\N,\N,\N
3101,3101,TUESDAY,13:00:00,14:30:00,R101,\N,\N,\N,\N
3102,3102,WEDNESDAY,10:30:00,12:00:00,R102,\N,\N,\N,\N
3103,3103,THURSDAY,10:30:00,12:00:00,R103,\N,\N,\N,\N
3104,3104,FRIDAY,14:30:00,16:00:00,R104,\N,\N,\N,\N
3105,3105,MONDAY,11:00:00,12:30:00,R105,\N,\N,\N,\N
3106,3106,TUESDAY,13:30:00,15:00:00,R106,\N,\N,\N,\N
3107,3107,WEDNESDAY,09:00:00,10:30:00,R107,\N,\N,\N,\N
3108,3108,THURSDAY,14:30:00,16:00:00,R108,\N,\N,\N,\N
3109,3109,FRIDAY,13:00:00,14:30:00,R109,\N,\N,\N,\N
3110,3110,MONDAY,11:00:00,12:30:00,R110,\N,\N,\N,\N
3111,3111,TUESDAY,13:00:00,14:30:00,R111,\N,\N,\N,\N
3112,3112,WEDNESDAY,15:00:00,16:30:00,R112,\N,\N,\N,\N
3113,3113,THURSDAY,14:00:00,15:30:00,R113,\N,\N,\N,\N
3114,3114,FRIDAY,14:30:00,16:00:00,R114,\N,\N,\N,\N
3115,3115,MONDAY,14:00:00,15:30:00,R115,\N,\N,\N,\N
3116,3116,TUESDAY,10:30:00,12:00:00,R116,\N,\N,\N,\N
3117,3117,WEDNESDAY,14:00:00,15:30:00,R117,\N,\N,\N,\N
3118,3118,THURSDAY,11:00:00,12:30:00,R118,\N,\N,\N,\N
3119,3119,FRIDAY,09:30:00,11:00:00,R119,\N,\N,\N,\N
3120,3120,MONDAY,15:30:00,17:00:00,R120,\N,\N,\N,\N
3121,3121,TUESDAY,11:00:00,12:30:00,R121,\N,\N,\N,\N
3122,3122,WEDNESDAY,09:00:00,10:30:00,R122,\N,\N,\N,\N
3123,3123,THURSDAY,11:00:00,12:30:00,R123,\N,\N,\N,\N
3124,3124,FRIDAY,11:30:00,13:00:00,R124,\N,\N,\N,\N
3125,3125,MONDAY,10:00:00,11:30:00,R125,\N,\N,\N,\N
3126,3126,TUESDAY,10:30:00,12:00:00,R126,\N,\N,\N,\N
3127,3127,WEDNESDAY,13:30:00,15:00:00,R127,\N,\N,\N,\N
3128,3128,THURSDAY,13:00:00,14:30:00,R128,\N,\N,\N,\N
3129,3129,FRIDAY,12:00:00,13:30:00,R129,\N,\N,\N,\N
3130,3130,MONDAY,13:00:00,14:30:00,R130,\N,\N,\N,\N
3131,3131,TUESDAY,14:00:00,15:30:00,R131,\N,\N,\N,\N
3132,3132,WEDNESDAY,14:30:00,16:00:00,R132,\N,\N,\N,\N
3133,3133,THURSDAY,13:30:00,15:00:00,R133,\N,\N,\N,\N
3134,3134,FRIDAY,11:30:00,13:00:00,R134,\N,\N,\N,\N
3135,3135,MONDAY,14:00:00,15:30:00,R135,\N,\N,\N,\N
3136,3136,TUESDAY,14:00:00,15:30:00,R136,\N,\N,\N,\N
3137,3137,WEDNESDAY,11:30:00,13:00:00,R137,\N,\N,\N,\N
3138,3138,THURSDAY,11:30:00,13:00:00,R138,\N,\N,\N,\N
3139,3139,FRIDAY,11:30:00,13:00:00,R139,\N,\N,\N,\N
3140,3140,MONDAY,12:30:00,14:00:00,R140,\N,\N,\N,\N
3141,3141,TUESDAY,11:30:00,13:00:00,R141,\N,\N,\N,\N
3142,3142,WEDNESDAY,13:00:00,14:30:00,R142,\N,\N,\N,\N
3143,3143,THURSDAY,11:30:00,13:00:00,R143,\N,\N,\N,\N
3144,3144,FRIDAY,11:30:00,13:00:00,R144,\N,\N,\N,\N
3145,3145,MONDAY,14:00:00,15:30:00,R145,\N,\N,\N,\N
3146,3146,TUESDAY,13:00:00,14:30:00,R146,\N,\N,\N,\N
3147,3147,WEDNESDAY,13:30:00,15:00:00,R147,\N,\N,\N,\N
3148,3148,THURSDAY,15:30:00,17:00:00,R148,\N,\N,\N,\N
3149,3149,FRIDAY,11:00:00,12:30:00,R149,\N,\N,\N,\N
3150,3150,MONDAY,12:30:00,14:00:00,R150,\N,\N,\N,\N
3151,3151,TUESDAY,14:30:00,16:00:00,R151,\N,\N,\N,\N
3152,3152,WEDNESDAY,10:30:00,12:00:00,R152,\N,\N,\N,\N
3153,3153,THURSDAY,10:30:00,12:00:00,R153,\N,\N,\N,\N
3154,3154,FRIDAY,10:30:00,12:00:00,R154,\N,\N,\N,\N
3155,3155,MONDAY,11:30:00,13:00:00,R155,\N,\N,\N,\N
3156,3156,TUESDAY,14:30:00,16:00:00,R156,\N,\N,\N,\N
3157,3157,WEDNESDAY,10:30:00,12:00:00,R157,\N,\N,\N,\N
3158,3158,THURSDAY,13:30:00,15:00:00,R158,\N,\N,\N,\N
3159,3159,FRIDAY,10:30:00,12:00:00,R159,\N,\N,\N,\N
3160,3160,MONDAY,12:30:00,14:00:00,R160,\N,\N,\N,\N
3161,3161,TUESDAY,10:30:00,12:00:00,R161,\N,\N,\N,\N
3162,3162,WEDNESDAY,10:30:00,12:00:00,R162,\N,\N,\N,\N
3163,3163,THURSDAY,09:00:00,10:30:00,R163,\N,\N,\N,\N
3164,3164,FRIDAY,11:00:00,12:30:00,R164,\N,\N,\N,\N
3165,3165,MONDAY,09:00:00,10:30:00,R165,\N,\N,\N,\N
3166,3166,TUESDAY,10:00:00,11:30:00,R166,\N,\N,\N,\N
3167,3167,WEDNESDAY,14:30:00,16:00:00,R167,\N,\N,\N,\N
3168,3168,THURSDAY,14:00:00,15:30:00,R168,\N,\N,\N,\N
3169,3169,FRIDAY,13:30:00,15:00:00,R169,\N,\N,\N,\N
3170,3170,MONDAY,13:30:00,15:00:00,R170,\N,\N,\N,\N
3171,3171,TUESDAY,11:00:00,12:30:00,R171,\N,\N,\N,\N
3172,3172,WEDNESDAY,10:00:00,11:30:00,R172,\N,\N,\N,\N
3173,3173,THURSDAY,14:30:00,16:00:00,R173,\N,\N,\N,\N
3174,3174,FRIDAY,11:00:00,12:30:00,R174,\N,\N,\N,\N
3175,3175,MONDAY,11:30:00,13:00:00,R175,\N,\N,\N,\N
3176,3176,TUESDAY,10:30:00,12:00:00,R176,\N,\N,\N,\N
3177,3177,WEDNESDAY,09:30:00,11:00:00,R177,\N,\N,\N,\N
3178,3178,THURSDAY,13:30:00,15:00:00,R178,\N,\N,\N,\N
3179,3179,FRIDAY,14:30:00,16:00:00,R179,\N,\N,\N,\N
3180,3180,MONDAY,11:30:00,13:00:00,R180,\N,\N,\N,\N
3181,3181,TUESDAY,13:30:00,15:00:00,R181,\N,\N,\N,\N
3182,3182,WEDNESDAY,11:00:00,12:30:00,R182,\N,\N,\N,\N
3183,3183,THURSDAY,11:00:00,12:30:00,R183,\N,\N,\N,\N
3184,3184,FRIDAY,15:00:00,16:30:00,R184,\N,\N,\N,\N
3185,3185,MONDAY,11:00:00,12:30:00,R185,\N,\N,\N,\N
3186,3186,TUESDAY,14:30:00,16:00:00,R186,\N,\N,\N,\N
3187,3187,WEDNESDAY,13:30:00,15:00:00,R187,\N,\N,\N,\N
3188,3188,THURSDAY,13:00:00,14:30:00,R188,\N,\N,\N,\N
3189,3189,FRIDAY,14:30:00,16:00:00,R189,\N,\N,\N,\N
3190,3190,MONDAY,10:30:00,12:00:00,R190,\N,\N,\N,\N
3191,3191,TUESDAY,14:30:00,16:00:00,R191,\N,\N,\N,\N
3192,3192,WEDNESDAY,15:00:00,16:30:00,R192,\N,\N,\N,\N
3193,3193,THURSDAY,10:00:00,11:30:00,R193,\N,\N,\N,\N
3194,3194,FRIDAY,14:30:00,16:00:00,R194,\N,\N,\N,\N
3195,3195,MONDAY,10:00:00,11:30:00,R195,\N,\N,\N,\N
3196,3196,TUESDAY,11:00:00,12:30:00,R196,\N,\N,\N,\N
3197,3197,WEDNESDAY,10:00:00,11:30:00,R197,\N,\N,\N,\N
3198,3198,THURSDAY,15:00:00,16:30:00,R198,\N,\N,\N,\N
3199,3199,FRIDAY,10:30:00,12:00:00,R199,\N,\N,\N,\N
3200,3200,MONDAY,10:00:00,11:30:00,R200,\N,\N,\N,\N
3201,3201,TUESDAY,13:00:00,14:30:00,R001,\N,\N,\N,\N
3202,3202,WEDNESDAY,09:00:00,10:30:00,R002,\N,\N,\N,\N
3203,3203,THURSDAY,10:00:00,11:30:00,R003,\N,\N,\N,\N
3204,3204,FRIDAY,09:00:00,10:30:00,R004,\N,\N,\N,\N
3205,3205,MONDAY,10:30:00,12:00:00,R005,\N,\N,\N,\N
3206,3206,TUESDAY,10:00:00,11:30:00,R006,\N,\N,\N,\N
3207,3207,WEDNESDAY,14:00:00,15:30:00,R007,\N,\N,\N,\N
3208,3208,THURSDAY,14:30:00,16:00:00,R008,\N,\N,\N,\N
3209,3209,FRIDAY,13:00:00,14:30:00,R009,\N,\N,\N,\N
3210,3210,MONDAY,11:30:00,13:00:00,R010,\N,\N,\N,\N
3211,3211,TUESDAY,10:30:00,12:00:00,R011,\N,\N,\N,\N
3212,3212,WEDNESDAY,10:00:00,11:30:00,R012,\N,\N,\N,\N
3213,3213,THURSDAY,14:30:00,16:00:00,R013,\N,\N,\N,\N
3214,3214,FRIDAY,14:00:00,15:30:00,R014,\N,\N,\N,\N
3215,3215,MONDAY,10:00:00,11:30:00,R015,\N,\N,\N,\N
3216,3216,TUESDAY,13:00:00,14:30:00,R016,\N,\N,\N,\N
3217,3217,WEDNESDAY,10:30:00,12:00:00,R017,\N,\N,\N,\N
3218,3218,THURSDAY,14:00:00,15:30:00,R018,\N,\N,\N,\N
3219,3219,FRIDAY,13:00:00,14:30:00,R019,\N,\N,\N,\N
3220,3220,MONDAY,11:30:00,13:00:00,R020,\N,\N,\N,\N
3221,3221,TUESDAY,11:00:00,12:30:00,R021,\N,\N,\N,\N
3222,3222,WEDNESDAY,15:00:00,16:30:00,R022,\N,\N,\N,\N
3223,3223,THURSDAY,14:30:00,16:00:00,R023,\N,\N,\N,\N
3224,3224,FRIDAY,10:30:00,12:00:00,R024,\N,\N,\N,\N
3225,3225,MONDAY,13:00:00,14:30:00,R025,\N,\N,\N,\N
3226,3226,TUESDAY,10:30:00,12:00:00,R026,\N,\N,\N,\N
3227,3227,WEDNESDAY,10:30:00,12:00:00,R027,\N,\N,\N,\N
3228,3228,THURSDAY,10:00:00,11:30:00,R028,\N,\N,\N,\N
3229,3229,FRIDAY,13:30:00,15:00:00,R029,\N,\N,\N,\N
3230,3230,MONDAY,10:00:00,11:30:00,R030,\N,\N,\N,\N
3231,3231,TUESDAY,13:30:00,15:00:00,R031,\N,\N,\N,\N
3232,3232,WEDNESDAY,11:00:00,12:30:00,R032,\N,\N,\N,\N
3233,3233,THURSDAY,13:30:00,15:00:00,R033,\N,\N,\N,\N
3234,3234,FRIDAY,12:00:00,13:30:00,R034,\N,\N,\N,\N
3235,3235,MONDAY,12:30:00,14:00:00,R035,\N,\N,\N,\N
3236,3236,TUESDAY,13:00:00,14:30:00,R036,\N,\N,\N,\N
3237,3237,WEDNESDAY,11:30:00,13:00:00,R037,\N,\N,\N,\N
3238,3238,THURSDAY,14:30:00,16:00:00,R038,\N,\N,\N,\N
3239,3239,FRIDAY,13:30:00,15:00:00,R039,\N,\N,\N,\N
3240,3240,MONDAY,09:00:00,10:30:00,R040,\N,\N,\N,\N
3241,3241,TUESDAY,14:30:00,16:00:00,R041,\N,\N,\N,\N
3242,3242,WEDNESDAY,11:00:00,12:30:00,R042,\N,\N,\N,\N
3243,3243,THURSDAY,12:00:00,13:30:00,R043,\N,\N,\N,\N
3244,3244,FRIDAY,15:00:00,16:30:00,R044,\N,\N,\N,\N
3245,3245,MONDAY,12:30:00,14:00:00,R045,\N,\N,\N,\N
3246,3246,TUESDAY,10:30:00,12:00:00,R046,\N,\N,\N,\N
3247,3247,WEDNESDAY,13:30:00,15:00:00,R047,\N,\N,\N,\N
3248,3248,THURSDAY,14:30:00,16:00:00,R048,\N,\N,\N,\N
3249,3249,FRIDAY,15:30:00,17:00:00,R049,\N,\N,\N,\N
3250,3250,MONDAY,14:30:00,16:00:00,R050,\N,\N,\N,\N
3251,3251,TUESDAY,11:00:00,12:30:00,R051,\N,\N,\N,\N
3252,3252,WEDNESDAY,14:00:00,15:30:00,R052,\N,\N,\N,\N
3253,3253,THURSDAY,10:30:00,12:00:00,R053,\N,\N,\N,\N
3254,3254,FRIDAY,11:30:00,13:00:00,R054,\N,\N,\N,\N
3255,3255,MONDAY,09:00:00,10:30:00,R055,\N,\N,\N,\N
3256,3256,TUESDAY,14:00:00,15:30:00,R056,\N,\N,\N,\N
3257,3257,WEDNESDAY,09:30:00,11:00:00,R057,\N,\N,\N,\N
3258,3258,THURSDAY,10:00:00,11:30:00,R058,\N,\N,\N,\N
3259,3259,FRIDAY,14:00:00,15:30:00,R059,\N,\N,\N,\N
3260,3260,MONDAY,14:00:00,15:30:00,R060,\N,\N,\N,\N
3261,3261,TUESDAY,09:00:00,10:30:00,R061,\N,\N,\N,\N
3262,3262,WEDNESDAY,13:30:00,15:00:00,R062,\N,\N,\N,\N
3263,3263,THURSDAY,09:00:00,10:30:00,R063,\N,\N,\N,\N
3264,3264,FRIDAY,13:00:00,14:30:00,R064,\N,\N,\N,\N
3265,3265,MONDAY,12:30:00,14:00:00,R065,\N,\N,\N,\N
3266,3266,TUESDAY,10:00:00,11:30:00,R066,\N,\N,\N,\N
3267,3267,WEDNESDAY,11:30:00,13:00:00,R067,\N,\N,\N,\N
3268,3268,THURSDAY,13:30:00,15:00:00,R068,\N,\N,\N,\N
3269,3269,FRIDAY,10:30:00,12:00:00,R069,\N,\N,\N,\N
3270,3270,MONDAY,14:00:00,15:30:00,R070,\N,\N,\N,\N
3271,3271,TUESDAY,14:30:00,16:00:00,R071,\N,\N,\N,\N
3272,3272,WEDNESDAY,10:30:00,12:00:00,R072,\N,\N,\N,\N
3273,3273,THURSDAY,11:30:00,13:00:00,R073,\N,\N,\N,\N
3274,3274,FRIDAY,11:30:00,13:00:00,R074,\N,\N,\N,\N
3275,3275,MONDAY,11:30:00,13:00:00,R075,\N,\N,\N,\N
3276,3276,TUESDAY,10:00:00,11:30:00,R076,\N,\N,\N,\N
3277,3277,WEDNESDAY,10:00:00,11:30:00,R077,\N,\N,\N,\N
3278,3278,THURSDAY,13:30:00,15:00:00,R078,\N,\N,\N,\N
3279,3279,FRIDAY,14:00:00,15:30:00,R079,\N,\N,\N,\N
3280,3280,MONDAY,14:30:00,16:00:00,R080,\N,\N,\N,\N
3281,3281,TUESDAY,13:30:00,15:00:00,R081,\N,\N,\N,\N
3282,3282,WEDNESDAY,11:30:00,13:00:00,R082,\N,\N,\N,\N
3283,3283,THURSDAY,15:30:00,17:00:00,R083,\N,\N,\N,\N
3284,3284,FRIDAY,10:00:00,11:30:00,R084,\N,\N,\N,\N
3285,3285,MONDAY,13:00:00,14:30:00,R085,\N,\N,\N,\N
3286,3286,TUESDAY,11:00:00,12:30:00,R086,\N,\N,\N,\N
3287,3287,WEDNESDAY,13:30:00,15:00:00,R087,\N,\N,\N,\N
3288,3288,THURSDAY,11:00:00,12:30:00,R088,\N,\N,\N,\N
3289,3289,FRIDAY,15:30:00,17:00:00,R089,\N,\N,\N,\N
3290,3290,MONDAY,15:00:00,16:30:00,R090,\N,\N,\N,\N
3291,3291,TUESDAY,10:30:00,12:00:00,R091,\N,\N,\N,\N
3292,3292,WEDNESDAY,14:30:00,16:00:00,R092,\N,\N,\N,\N
3293,3293,THURSDAY,11:00:00,12:30:00,R093,\N,\N,\N,\N
3294,3294,FRIDAY,10:30:00,12:00:00,R094,\N,\N,\N,\N
3295,3295,MONDAY,12:00:00,13:30:00,R095,\N,\N,\N,\N
3296,3296,TUESDAY,11:00:00,12:30:00,R096,\N,\N,\N,\N
3297,3297,WEDNESDAY,13:00:00,14:30:00,R097,\N,\N,\N,\N
3298,3298,THURSDAY,13:30:00,15:00:00,R098,\N,\N,\N,\N
3299,3299,FRIDAY,13:00:00,14:30:00,R099,\N,\N,\N,\N
3300,3300,MONDAY,13:00:00,14:30:00,R100,\N,\N,\N,\N
3301,3301,TUESDAY,13:00:00,14:30:00,R101,\N,\N,\N,\N
3302,3302,WEDNESDAY,11:30:00,13:00:00,R102,\N,\N,\N,\N
3303,3303,THURSDAY,10:00:00,11:30:00,R103,\N,\N,\N,\N
3304,3304,FRIDAY,11:00:00,12:30:00,R104,\N,\N,\N,\N
3305,3305,MONDAY,11:00:00,12:30:00,R105,\N,\N,\N,\N
3306,3306,TUESDAY,11:00:00,12:30:00,R106,\N,\N,\N,\N
3307,3307,WEDNESDAY,15:30:00,17:00:00,R107,\N,\N,\N,\N
3308,3308,THURSDAY,10:00:00,11:30:00,R108,\N,\N,\N,\N
3309,3309,FRIDAY,11:30:00,13:00:00,R109,\N,\N,\N,\N
3310,3310,MONDAY,10:00:00,11:30:00,R110,\N,\N,\N,\N
3311,3311,TUESDAY,10:00:00,11:30:00,R111,\N,\N,\N,\N
3312,3312,WEDNESDAY,13:00:00,14:30:00,R112,\N,\N,\N,\N
3313,3313,THURSDAY,13:30:00,15:00:00,R113,\N,\N,\N,\N
3314,3314,FRIDAY,13:00:00,14:30:00,R114,\N,\N,\N,\N
3315,3315,MONDAY,14:00:00,15:30:00,R115,\N,\N,\N,\N
3316,3316,TUESDAY,10:30:00,12:00:00,R116,\N,\N,\N,\N
3317,3317,WEDNESDAY,14:00:00,15:30:00,R117,\N,\N,\N,\N
3318,3318,THURSDAY,14:00:00,15:30:00,R118,\N,\N,\N,\N
3319,3319,FRIDAY,11:30:00,13:00:00,R119,\N,\N,\N,\N
3320,3320,MONDAY,13:00:00,14:30:00,R120,\N,\N,\N,\N
3321,3321,TUESDAY,12:30:00,14:00:00,R121,\N,\N,\N,\N
3322,3322,WEDNESDAY,13:30:00,15:00:00,R122,\N,\N,\N,\N
3323,3323,THURSDAY,11:00:00,12:30:00,R123,\N,\N,\N,\N
3324,3324,FRIDAY,10:30:00,12:00:00,R124,\N,\N,\N,\N
3325,3325,MONDAY,11:30:00,13:00:00,R125,\N,\N,\N,\N
3326,3326,TUESDAY,10:00:00,11:30:00,R126,\N,\N,\N,\N
3327,3327,WEDNESDAY,12:30:00,14:00:00,R127,\N,\N,\N,\N
3328,3328,THURSDAY,10:00:00,11:30:00,R128,\N,\N,\N,\N
3329,3329,FRIDAY,11:30:00,13:00:00,R129,\N,\N,\N,\N
3330,3330,MONDAY,13:00:00,14:30:00,R130,\N,\N,\N,\N
3331,3331,TUESDAY,11:30:00,13:00:00,R131,\N,\N,\N,\N
3332,3332,WEDNESDAY,11:30:00,13:00:00,R132,\N,\N,\N,\N
3333,3333,THURSDAY,10:30:00,12:00:00,R133,\N,\N,\N,\N
3334,3334,FRIDAY,14:00:00,15:30:00,R134,\N,\N,\N,\N
3335,3335,MONDAY,13:30:00,15:00:00,R135,\N,\N,\N,\N
3336,3336,TUESDAY,13:00:00,14:30:00,R136,\N,\N,\N,\N
3337,3337,WEDNESDAY,10:30:00,12:00:00,R137,\N,\N,\N,\N
3338,3338,THURSDAY,12:30:00,14:00:00,R138,\N,\N,\N,\N
3339,3339,FRIDAY,11:00:00,12:30:00,R139,\N,\N,\N,\N
3340,3340,MONDAY,10:30:00,12:00:00,R140,\N,\N,\N,\N
3341,3341,TUESDAY,09:30:00,11:00:00,R141,\N,\N,\N,\N
3342,3342,WEDNESDAY,13:30:00,15:00:00,R142,\N,\N,\N,\N
3343,3343,THURSDAY,13:00:00,14:30:00,R143,\N,\N,\N,\N
3344,3344,FRIDAY,14:30:00,16:00:00,R144,\N,\N,\N,\N
3345,3345,MONDAY,14:30:00,16:00:00,R145,\N,\N,\N,\N
3346,3346,TUESDAY,10:30:00,12:00:00,R146,\N,\N,\N,\N
3347,3347,WEDNESDAY,10:00:00,11:30:00,R147,\N,\N,\N,\N
3348,3348,THURSDAY,13:30:00,15:00:00,R148,\N,\N,\N,\N
3349,3349,FRIDAY,10:00:00,11:30:00,R149,\N,\N,\N,\N
3350,3350,MONDAY,11:00:00,12:30:00,R150,\N,\N,\N,\N
3351,3351,TUESDAY,10:30:00,12:00:00,R151,\N,\N,\N,\N
3352,3352,WEDNESDAY,09:00:00,10:30:00,R152,\N,\N,\N,\N
3353,3353,THURSDAY,10:30:00,12:00:00,R153,\N,\N,\N,\N
3354,3354,FRIDAY,10:00:00,11:30:00,R154,\N,\N,\N,\N
3355,3355,MONDAY,11:00:00,12:30:00,R155,\N,\N,\N,\N
3356,3356,TUESDAY,11:00:00,12:30:00,R156,\N,\N,\N,\N
3357,3357,WEDNESDAY,13:30:00,15:00:00,R157,\N,\N,\N,\N
3358,3358,THURSDAY,14:30:00,16:00:00,R158,\N,\N,\N,\N
3359,3359,FRIDAY,11:30:00,13:00:00,R159,\N,\N,\N,\N
3360,3360,MONDAY,15:30:00,17:00:00,R160,\N,\N,\N,\N
3361,3361,TUESDAY,15:30:00,17:00:00,R161,\N,\N,\N,\N
3362,3362,WEDNESDAY,11:00:00,12:30:00,R162,\N,\N,\N,\N
3363,3363,THURSDAY,11:00:00,12:30:00,R163,\N,\N,\N,\N
3364,3364,FRIDAY,09:30:00,11:00:00,R164,\N,\N,\N,\N
3365,3365,MONDAY,11:00:00,12:30:00,R165,\N,\N,\N,\N
3366,3366,TUESDAY,11:00:00,12:30:00,R166,\N,\N,\N,\N
3367,3367,WEDNESDAY,13:00:00,14:30:00,R167,\N,\N,\N,\N
3368,3368,THURSDAY,11:00:00,12:30:00,R168,\N,\N,\N,\N
3369,3369,FRIDAY,11:30:00,13:00:00,R169,\N,\N,\N,\N
3370,3370,MONDAY,13:30:00,15:00:00,R170,\N,\N,\N,\N
3371,3371,TUESDAY,10:30:00,12:00:00,R171,\N,\N,\N,\N
3372,3372,WEDNESDAY,10:00:00,11:30:00,R172,\N,\N,\N,\N
3373,3373,THURSDAY,13:30:00,15:00:00,R173,\N,\N,\N,\N
3374,3374,FRIDAY,10:30:00,12:00:00,R174,\N,\N,\N,\N
3375,3375,MONDAY,10:00:00,11:30:00,R175,\N,\N,\N,\N
3376,3376,TUESDAY,15:00:00,16:30:00,R176,\N,\N,\N,\N
3377,3377,WEDNESDAY,14:30:00,16:00:00,R177,\N,\N,\N,\N
3378,3378,THURSDAY,13:30:00,15:00:00,R178,\N,\N,\N,\N
3379,3379,FRIDAY,14:30:00,16:00:00,R179,\N,\N,\N,\N
3380,3380,MONDAY,09:30:00,11:00:00,R180,\N,\N,\N,\N
3381,3381,TUESDAY,13:00:00,14:30:00,R181,\N,\N,\N,\N
3382,3382,WEDNESDAY,14:30:00,16:00:00,R182,\N,\N,\N,\N
3383,3383,THURSDAY,10:30:00,12:00:00,R183,\N,\N,\N,\N
3384,3384,FRIDAY,14:00:00,15:30:00,R184,\N,\N,\N,\N
3385,3385,MONDAY,11:30:00,13:00:00,R185,\N,\N,\N,\N
3386,3386,TUESDAY,10:30:00,12:00:00,R186,\N,\N,\N,\N
3387,3387,WEDNESDAY,11:30:00,13:00:00,R187,\N,\N,\N,\N
3388,3388,THURSDAY,11:30:00,13:00:00,R188,\N,\N,\N,\N
3389,3389,FRIDAY,13:00:00,14:30:00,R189,\N,\N,\N,\N
3390,3390,MONDAY,11:30:00,13:00:00,R190,\N,\N,\N,\N
3391,3391,TUESDAY,10:00:00,11:30:00,R191,\N,\N,\N,\N
3392,3392,WEDNESDAY,10:30:00,12:00:00,R192,\N,\N,\N,\N
3393,3393,THURSDAY,12:00:00,13:30:00,R193,\N,\N,\N,\N
3394,3394,FRIDAY,14:30:00,16:00:00,R194,\N,\N,\N,\N
3395,3395,MONDAY,14:00:00,15:30:00,R195,\N,\N,\N,\N
3396,3396,TUESDAY,14:30:00,16:00:00,R196,\N,\N,\N,\N
3397,3397,WEDNESDAY,14:00:00,15:30:00,R197,\N,\N,\N,\N
3398,3398,THURSDAY,10:30:00,12:00:00,R198,\N,\N,\N,\N
3399,3399,FRIDAY,11:30:00,13:00:00,R199,\N,\N,\N,\N
3400,3400,MONDAY,11:30:00,13:00:00,R200,\N,\N,\N,\N
3401,3401,TUESDAY,13:00:00,14:30:00,R001,\N,\N,\N,\N
3402,3402,WEDNESDAY,11:00:00,12:30:00,R002,\N,\N,\N,\N
3403,3403,THURSDAY,14:00:00,15:30:00,R003,\N,\N,\N,\N
3404,3404,FRIDAY,11:00:00,12:30:00,R004,\N,\N,\N,\N
3405,3405,MONDAY,13:30:00,15:00:00,R005,\N,\N,\N,\N
3406,3406,TUESDAY,10:30:00,12:00:00,R006,\N,\N,\N,\N
3407,3407,WEDNESDAY,14:00:00,15:30:00,R007,\N,\N,\N,\N
3408,3408,THURSDAY,09:30:00,11:00:00,R008,\N,\N,\N,\N
3409,3409,FRIDAY,13:00:00,14:30:00,R009,\N,\N,\N,\N
3410,3410,MONDAY,14:00:00,15:30:00,R010,\N,\N,\N,\N
3411,3411,TUESDAY,14:00:00,15:30:00,R011,\N,\N,\N,\N
3412,3412,WEDNESDAY,14:00:00,15:30:00,R012,\N,\N,\N,\N
3413,3413,THURSDAY,14:30:00,16:00:00,R013,\N,\N,\N,\N
3414,3414,FRIDAY,14:00:00,15:30:00,R014,\N,\N,\N,\N
3415,3415,MONDAY,15:00:00,16:30:00,R015,\N,\N,\N,\N
3416,3416,TUESDAY,13:00:00,14:30:00,R016,\N,\N,\N,\N
3417,3417,WEDNESDAY,13:00:00,14:30:00,R017,\N,\N,\N,\N
3418,3418,THURSDAY,13:00:00,14:30:00,R018,\N,\N,\N,\N
3419,3419,FRIDAY,11:30:00,13:00:00,R019,\N,\N,\N,\N
3420,3420,MONDAY,10:30:00,12:00:00,R020,\N,\N,\N,\N
3421,3421,TUESDAY,09:30:00,11:00:00,R021,\N,\N,\N,\N
3422,3422,WEDNESDAY,13:00:00,14:30:00,R022,\N,\N,\N,\N
3423,3423,THURSDAY,10:00:00,11:30:00,R023,\N,\N,\N,\N
3424,3424,FRIDAY,09:30:00,11:00:00,R024,\N,\N,\N,\N
3425,3425,MONDAY,11:30:00,13:00:00,R025,\N,\N,\N,\N
3426,3426,TUESDAY,10:30:00,12:00:00,R026,\N,\N,\N,\N
3427,3427,WEDNESDAY,14:00:00,15:30:00,R027,\N,\N,\N,\N
3428,3428,THURSDAY,13:30:00,15:00:00,R028,\N,\N,\N,\N
3429,3429,FRIDAY,14:00:00,15:30:00,R029,\N,\N,\N,\N
3430,3430,MONDAY,15:30:00,17:00:00,R030,\N,\N,\N,\N
3431,3431,TUESDAY,10:00:00,11:30:00,R031,\N,\N,\N,\N
3432,3432,WEDNESDAY,10:00:00,11:30:00,R032,\N,\N,\N,\N
3433,3433,THURSDAY,10:00:00,11:30:00,R033,\N,\N,\N,\N
3434,3434,FRIDAY,10:30:00,12:00:00,R034,\N,\N,\N,\N
3435,3435,MONDAY,10:30:00,12:00:00,R035,\N,\N,\N,\N
3436,3436,TUESDAY,11:30:00,13:00:00,R036,\N,\N,\N,\N
3437,3437,WEDNESDAY,14:00:00,15:30:00,R037,\N,\N,\N,\N
3438,3438,THURSDAY,10:30:00,12:00:00,R038,\N,\N,\N,\N
3439,3439,FRIDAY,10:00:00,11:30:00,R039,\N,\N,\N,\N
3440,3440,MONDAY,15:00:00,16:30:00,R040,\N,\N,\N,\N
3441,3441,TUESDAY,13:00:00,14:30:00,R041,\N,\N,\N,\N
3442,3442,WEDNESDAY,14:00:00,15:30:00,R042,\N,\N,\N,\N
3443,3443,THURSDAY,10:30:00,12:00:00,R043,\N,\N,\N,\N
3444,3444,FRIDAY,10:30:00,12:00:00,R044,\N,\N,\N,\N
3445,3445,MONDAY,10:30:00,12:00:00,R045,\N,\N,\N,\N
3446,3446,TUESDAY,15:30:00,17:00:00,R046,\N,\N,\N,\N
3447,3447,WEDNESDAY,13:00:00,14:30:00,R047,\N,\N,\N,\N
3448,3448,THURSDAY,14:00:00,15:30:00,R048,\N,\N,\N,\N
3449,3449,FRIDAY,15:30:00,17:00:00,R049,\N,\N,\N,\N
3450,3450,MONDAY,09:30:00,11:00:00,R050,\N,\N,\N,\N
3451,3451,TUESDAY,14:00:00,15:30:00,R051,\N,\N,\N,\N
3452,3452,WEDNESDAY,15:00:00,16:30:00,R052,\N,\N,\N,\N
3453,3453,THURSDAY,15:00:00,16:30:00,R053,\N,\N,\N,\N
3454,3454,FRIDAY,11:30:00,13:00:00,R054,\N,\N,\N,\N
3455,3455,MONDAY,15:00:00,16:30:00,R055,\N,\N,\N,\N
3456,3456,TUESDAY,11:00:00,12:30:00,R056,\N,\N,\N,\N
3457,3457,WEDNESDAY,14:30:00,16:00:00,R057,\N,\N,\N,\N
3458,3458,THURSDAY,14:00:00,15:30:00,R058,\N,\N,\N,\N
3459,3459,FRIDAY,12:30:00,14:00:00,R059,\N,\N,\N,\N
3460,3460,MONDAY,10:30:00,12:00:00,R060,\N,\N,\N,\N
3461,3461,TUESDAY,14:30:00,16:00:00,R061,\N,\N,\N,\N
3462,3462,WEDNESDAY,10:00:00,11:30:00,R062,\N,\N,\N,\N
3463,3463,THURSDAY,11:30:00,13:00:00,R063,\N,\N,\N,\N
3464,3464,FRIDAY,10:30:00,12:00:00,R064,\N,\N,\N,\N
3465,3465,MONDAY,10:00:00,11:30:00,R065,\N,\N,\N,\N
3466,3466,TUESDAY,10:00:00,11:30:00,R066,\N,\N,\N,\N
3467,3467,WEDNESDAY,09:30:00,11:00:00,R067,\N,\N,\N,\N
3468,3468,THURSDAY,13:30:00,15:00:00,R068,\N,\N,\N,\N
3469,3469,FRIDAY,14:00:00,15:30:00,R069,\N,\N,\N,\N
3470,3470,MONDAY,09:00:00,10:30:00,R070,\N,\N,\N,\N
3471,3471,TUESDAY,13:30:00,15:00:00,R071,\N,\N,\N,\N
3472,3472,WEDNESDAY,11:00:00,12:30:00,R072,\N,\N,\N,\N
3473,3473,THURSDAY,11:00:00,12:30:00,R073,\N,\N,\N,\N
3474,3474,FRIDAY,13:30:00,15:00:00,R074,\N,\N,\N,\N
3475,3475,MONDAY,10:30:00,12:00:00,R075,\N,\N,\N,\N
3476,3476,TUESDAY,13:00:00,14:30:00,R076,\N,\N,\N,\N
3477,3477,WEDNESDAY,10:30:00,12:00:00,R077,\N,\N,\N,\N
3478,3478,THURSDAY,09:30:00,11:00:00,R078,\N,\N,\N,\N
3479,3479,FRIDAY,11:30:00,13:00:00,R079,\N,\N,\N,\N
3480,3480,MONDAY,15:30:00,17:00:00,R080,\N,\N,\N,\N
3481,3481,TUESDAY,11:30:00,13:00:00,R081,\N,\N,\N,\N
3482,3482,WEDNESDAY,10:30:00,12:00:00,R082,\N,\N,\N,\N
3483,3483,THURSDAY,13:30:00,15:00:00,R083,\N,\N,\N,\N
3484,3484,FRIDAY,14:30:00,16:00:00,R084,\N,\N,\N,\N
3485,3485,MONDAY,11:00:00,12:30:00,R085,\N,\N,\N,\N
3486,3486,TUESDAY,14:30:00,16:00:00,R086,\N,\N,\N,\N
3487,3487,WEDNESDAY,13:30:00,15:00:00,R087,\N,\N,\N,\N
3488,3488,THURSDAY,15:30:00,17:00:00,R088,\N,\N,\N,\N
3489,3489,FRIDAY,10:00:00,11:30:00,R089,\N,\N,\N,\N
3490,3490,MONDAY,13:30:00,15:00:00,R090,\N,\N,\N,\N
3491,3491,TUESDAY,12:30:00,14:00:00,R091,\N,\N,\N,\N
3492,3492,WEDNESDAY,13:00:00,14:30:00,R092,\N,\N,\N,\N
3493,3493,THURSDAY,11:00:00,12:30:00,R093,\N,\N,\N,\N
3494,3494,FRIDAY,10:00:00,11:30:00,R094,\N,\N,\N,\N
3495,3495,MONDAY,14:30:00,16:00:00,R095,\N,\N,\N,\N
3496,3496,TUESDAY,14:30:00,16:00:00,R096,\N,\N,\N,\N
3497,3497,WEDNESDAY,13:00:00,14:30:00,R097,\N,\N,\N,\N
3498,3498,THURSDAY,10:30:00,12:00:00,R098,\N,\N,\N,\N
3499,3499,FRIDAY,14:30:00,16:00:00,R099,\N,\N,\N,\N
3500,3500,MONDAY,14:00:00,15:30:00,R100,\N,\N,\N,\N
3501,3501,TUESDAY,10:00:00,11:30:00,R101,\N,\N,\N,\N
3502,3502,WEDNESDAY,15:30:00,17:00:00,R102,\N,\N,\N,\N
3503,3503,THURSDAY,10:30:00,12:00:00,R103,\N,\N,\N,\N
3504,3504,FRIDAY,13:00:00,14:30:00,R104,\N,\N,\N,\N
3505,3505,MONDAY,12:30:00,14:00:00,R105,\N,\N,\N,\N
3506,3506,TUESDAY,12:00:00,13:30:00,R106,\N,\N,\N,\N
3507,3507,WEDNESDAY,11:00:00,12:30:00,R107,\N,\N,\N,\N
3508,3508,THURSDAY,10:30:00,12:00:00,R108,\N,\N,\N,\N
3509,3509,FRIDAY,09:00:00,10:30:00,R109,\N,\N,\N,\N
3510,3510,MONDAY,15:00:00,16:30:00,R110,\N,\N,\N,\N
3511,3511,TUESDAY,13:30:00,15:00:00,R111,\N,\N,\N,\N
3512,3512,WEDNESDAY,15:00:00,16:30:00,R112,\N,\N,\N,\N
3513,3513,THURSDAY,10:00:00,11:30:00,R113,\N,\N,\N,\N
3514,3514,FRIDAY,10:30:00,12:00:00,R114,\N,\N,\N,\N
3515,3515,MONDAY,13:00:00,14:30:00,R115,\N,\N,\N,\N
3516,3516,TUESDAY,10:00:00,11:30:00,R116,\N,\N,\N,\N
3517,3517,WEDNESDAY,15:00:00,16:30:00,R117,\N,\N,\N,\N
3518,3518,THURSDAY,10:00:00,11:30:00,R118,\N,\N,\N,\N
3519,3519,FRIDAY,14:30:00,16:00:00,R119,\N,\N,\N,\N
3520,3520,MONDAY,11:30:00,13:00:00,R120,\N,\N,\N,\N
3521,3521,TUESDAY,13:30:00,15:00:00,R121,\N,\N,\N,\N
3522,3522,WEDNESDAY,11:00:00,12:30:00,R122,\N,\N,\N,\N
3523,3523,THURSDAY,10:30:00,12:00:00,R123,\N,\N,\N,\N
3524,3524,FRIDAY,14:00:00,15:30:00,R124,\N,\N,\N,\N
3525,3525,MONDAY,13:00:00,14:30:00,R125,\N,\N,\N,\N
3526,3526,TUESDAY,10:00:00,11:30:00,R126,\N,\N,\N,\N
3527,3527,WEDNESDAY,11:30:00,13:00:00,R127,\N,\N,\N,\N
3528,3528,THURSDAY,13:30:00,15:00:00,R128,\N,\N,\N,\N
3529,3529,FRIDAY,13:00:00,14:30:00,R129,\N,\N,\N,\N
3530,3530,MONDAY,09:00:00,10:30:00,R130,\N,\N,\N,\N
3531,3531,TUESDAY,11:00:00,12:30:00,R131,\N,\N,\N,\N
3532,3532,WEDNESDAY,11:30:00,13:00:00,R132,\N,\N,\N,\N
3533,3533,THURSDAY,10:30:00,12:00:00,R133,\N,\N,\N,\N
3534,3534,FRIDAY,11:00:00,12:30:00,R134,\N,\N,\N,\N
3535,3535,MONDAY,14:00:00,15:30:00,R135,\N,\N,\N,\N
3536,3536,TUESDAY,11:00:00,12:30:00,R136,\N,\N,\N,\N
3537,3537,WEDNESDAY,10:00:00,11:30:00,R137,\N,\N,\N,\N
3538,3538,THURSDAY,09:00:00,10:30:00,R138,\N,\N,\N,\N
3539,3539,FRIDAY,10:30:00,12:00:00,R139,\N,\N,\N,\N
3540,3540,MONDAY,13:00:00,14:30:00,R140,\N,\N,\N,\N
3541,3541,TUESDAY,13:00:00,14:30:00,R141,\N,\N,\N,\N
3542,3542,WEDNESDAY,14:00:00,15:30:00,R142,\N,\N,\N,\N
3543,3543,THURSDAY,10:00:00,11:30:00,R143,\N,\N,\N,\N
3544,3544,FRIDAY,14:00:00,15:30:00,R144,\N,\N,\N,\N
3545,3545,MONDAY,14:30:00,16:00:00,R145,\N,\N,\N,\N
3546,3546,TUESDAY,13:00:00,14:30:00,R146,\N,\N,\N,\N
3547,3547,WEDNESDAY,14:00:00,15:30:00,R147,\N,\N,\N,\N
3548,3548,THURSDAY,14:00:00,15:30:00,R148,\N,\N,\N,\N
3549,3549,FRIDAY,13:00:00,14:30:00,R149,\N,\N,\N,\N
3550,3550,MONDAY,10:00:00,11:30:00,R150,\N,\N,\N,\N
3551,3551,TUESDAY,14:00:00,15:30:00,R151,\N,\N,\N,\N
3552,3552,WEDNESDAY,15:00:00,16:30:00,R152,\N,\N,\N,\N
3553,3553,THURSDAY,10:00:00,11:30:00,R153,\N,\N,\N,\N
3554,3554,FRIDAY,10:00:00,11:30:00,R154,\N,\N,\N,\N
3555,3555,MONDAY,13:00:00,14:30:00,R155,\N,\N,\N,\N
3556,3556,TUESDAY,11:00:00,12:30:00,R156,\N,\N,\N,\N
3557,3557,WEDNESDAY,10:00:00,11:30:00,R157,\N,\N,\N,\N
3558,3558,THURSDAY,12:00:00,13:30:00,R158,\N,\N,\N,\N
3559,3559,FRIDAY,09:30:00,11:00:00,R159,\N,\N,\N,\N
3560,3560,MONDAY,13:00:00,14:30:00,R160,\N,\N,\N,\N
3561,3561,TUESDAY,11:00:00,12:30:00,R161,\N,\N,\N,\N
3562,3562,WEDNESDAY,10:00:00,11:30:00,R162,\N,\N,\N,\N
3563,3563,THURSDAY,11:00:00,12:30:00,R163,\N,\N,\N,\N
3564,3564,FRIDAY,13:30:00,15:00:00,R164,\N,\N,\N,\N
3565,3565,MONDAY,10:00:00,11:30:00,R165,\N,\N,\N,\N
3566,3566,TUESDAY,13:00:00,14:30:00,R166,\N,\N,\N,\N
3567,3567,WEDNESDAY,10:00:00,11:30:00,R167,\N,\N,\N,\N
3568,3568,THURSDAY,11:00:00,12:30:00,R168,\N,\N,\N,\N
3569,3569,FRIDAY,14:30:00,16:00:00,R169,\N,\N,\N,\N
3570,3570,MONDAY,11:30:00,13:00:00,R170,\N,\N,\N,\N
3571,3571,TUESDAY,13:30:00,15:00:00,R171,\N,\N,\N,\N
3572,3572,WEDNESDAY,14:00:00,15:30:00,R172,\N,\N,\N,\N
3573,3573,THURSDAY,09:30:00,11:00:00,R173,\N,\N,\N,\N
3574,3574,FRIDAY,14:30:00,16:00:00,R174,\N,\N,\N,\N
3575,3575,MONDAY,10:00:00,11:30:00,R175,\N,\N,\N,\N
3576,3576,TUESDAY,14:30:00,16:00:00,R176,\N,\N,\N,\N
3577,3577,WEDNESDAY,10:00:00,11:30:00,R177,\N,\N,\N,\N
3578,3578,THURSDAY,10:30:00,12:00:00,R178,\N,\N,\N,\N
3579,3579,FRIDAY,10:00:00,11:30:00,R179,\N,\N,\N,\N
3580,3580,MONDAY,13:30:00,15:00:00,R180,\N,\N,\N,\N
3581,3581,TUESDAY,11:30:00,13:00:00,R181,\N,\N,\N,\N
3582,3582,WEDNESDAY,11:00:00,12:30:00,R182,\N,\N,\N,\N
3583,3583,THURSDAY,14:00:00,15:30:00,R183,\N,\N,\N,\N
3584,3584,FRIDAY,14:30:00,16:00:00,R184,\N,\N,\N,\N
3585,3585,MONDAY,14:00:00,15:30:00,R185,\N,\N,\N,\N
3586,3586,TUESDAY,11:00:00,12:30:00,R186,\N,\N,\N,\N
3587,3587,WEDNESDAY,12:00:00,13:30:00,R187,\N,\N,\N,\N
3588,3588,THURSDAY,12:30:00,14:00:00,R188,\N,\N,\N,\N
3589,3589,FRIDAY,10:30:00,12:00:00,R189,\N,\N,\N,\N
3590,3590,MONDAY,10:00:00,11:30:00,R190,\N,\N,\N,\N
3591,3591,TUESDAY,10:30:00,12:00:00,R191,\N,\N,\N,\N
3592,3592,WEDNESDAY,13:30:00,15:00:00,R192,\N,\N,\N,\N
3593,3593,THURSDAY,15:00:00,16:30:00,R193,\N,\N,\N,\N
3594,3594,FRIDAY,14:30:00,16:00:00,R194,\N,\N,\N,\N
3595,3595,MONDAY,14:30:00,16:00:00,R195,\N,\N,\N,\N
3596,3596,TUESDAY,11:30:00,13:00:00,R196,\N,\N,\N,\N
3597,3597,WEDNESDAY,10:30:00,12:00:00,R197,\N,\N,\N,\N
3598,3598,THURSDAY,14:30:00,16:00:00,R198,\N,\N,\N,\N
3599,3599,FRIDAY,09:00:00,10:30:00,R199,\N,\N,\N,\N
3600,3600,MONDAY,14:30:00,16:00:00,R200,\N,\N,\N,\N
3601,3601,TUESDAY,11:30:00,13:00:00,R001,\N,\N,\N,\N
3602,3602,WEDNESDAY,12:00:00,13:30:00,R002,\N,\N,\N,\N
3603,3603,THURSDAY,14:00:00,15:30:00,R003,\N,\N,\N,\N
3604,3604,FRIDAY,11:00:00,12:30:00,R004,\N,\N,\N,\N
3605,3605,MONDAY,10:00:00,11:30:00,R005,\N,\N,\N,\N
3606,3606,TUESDAY,09:30:00,11:00:00,R006,\N,\N,\N,\N
3607,3607,WEDNESDAY,11:30:00,13:00:00,R007,\N,\N,\N,\N
3608,3608,THURSDAY,10:00:00,11:30:00,R008,\N,\N,\N,\N
3609,3609,FRIDAY,12:00:00,13:30:00,R009,\N,\N,\N,\N
3610,3610,MONDAY,11:30:00,13:00:00,R010,\N,\N,\N,\N
3611,3611,TUESDAY,14:00:00,15:30:00,R011,\N,\N,\N,\N
3612,3612,WEDNESDAY,10:30:00,12:00:00,R012,\N,\N,\N,\N
3613,3613,THURSDAY,12:30:00,14:00:00,R013,\N,\N,\N,\N
3614,3614,FRIDAY,13:30:00,15:00:00,R014,\N,\N,\N,\N
3615,3615,MONDAY,14:00:00,15:30:00,R015,\N,\N,\N,\N
3616,3616,TUESDAY,14:30:00,16:00:00,R016,\N,\N,\N,\N
3617,3617,WEDNESDAY,11:00:00,12:30:00,R017,\N,\N,\N,\N
3618,3618,THURSDAY,11:30:00,13:00:00,R018,\N,\N,\N,\N
3619,3619,FRIDAY,14:00:00,15:30:00,R019,\N,\N,\N,\N
3620,3620,MONDAY,13:00:00,14:30:00,R020,\N,\N,\N,\N
3621,3621,TUESDAY,10:30:00,12:00:00,R021,\N,\N,\N,\N
3622,3622,WEDNESDAY,14:30:00,16:00:00,R022,\N,\N,\N,\N
3623,3623,THURSDAY,13:00:00,14:30:00,R023,\N,\N,\N,\N
3624,3624,FRIDAY,14:30:00,16:00:00,R024,\N,\N,\N,\N
3625,3625,MONDAY,10:30:00,12:00:00,R025,\N,\N,\N,\N
3626,3626,TUESDAY,13:00:00,14:30:00,R026,\N,\N,\N,\N
3627,3627,WEDNESDAY,10:00:00,11:30:00,R027,\N,\N,\N,\N
3628,3628,THURSDAY,11:00:00,12:30:00,R028,\N,\N,\N,\N
3629,3629,FRIDAY,13:00:00,14:30:00,R029,\N,\N,\N,\N
3630,3630,MONDAY,13:30:00,15:00:00,R030,\N,\N,\N,\N
3631,3631,TUESDAY,11:00:00,12:30:00,R031,\N,\N,\N,\N
3632,3632,WEDNESDAY,10:00:00,11:30:00,R032,\N,\N,\N,\N
3633,3633,THURSDAY,11:30:00,13:00:00,R033,\N,\N,\N,\N
3634,3634,FRIDAY,15:00:00,16:30:00,R034,\N,\N,\N,\N
3635,3635,MONDAY,10:30:00,12:00:00,R035,\N,\N,\N,\N
3636,3636,TUESDAY,11:30:00,13:00:00,R036,\N,\N,\N,\N
3637,3637,WEDNESDAY,10:00:00,11:30:00,R037,\N,\N,\N,\N
3638,3638,THURSDAY,11:30:00,13:00:00,R038,\N,\N,\N,\N
3639,3639,FRIDAY,14:00:00,15:30:00,R039,\N,\N,\N,\N
3640,3640,MONDAY,14:00:00,15:30:00,R040,\N,\N,\N,\N
3641,3641,TUESDAY,14:00:00,15:30:00,R041,\N,\N,\N,\N
3642,3642,WEDNESDAY,15:30:00,17:00:00,R042,\N,\N,\N,\N
3643,3643,THURSDAY,10:00:00,11:30:00,R043,\N,\N,\N,\N
3644,3644,FRIDAY,14:30:00,16:00:00,R044,\N,\N,\N,\N
3645,3645,MONDAY,10:30:00,12:00:00,R045,\N,\N,\N,\N
3646,3646,TUESDAY,13:00:00,14:30:00,R046,\N,\N,\N,\N
3647,3647,WEDNESDAY,13:30:00,15:00:00,R047,\N,\N,\N,\N
3648,3648,THURSDAY,14:00:00,15:30:00,R048,\N,\N,\N,\N
3649,3649,FRIDAY,14:00:00,15:30:00,R049,\N,\N,\N,\N
3650,3650,MONDAY,14:00:00,15:30:00,R050,\N,\N,\N,\N
3651,3651,TUESDAY,15:00:00,16:30:00,R051,\N,\N,\N,\N
3652,3652,WEDNESDAY,10:30:00,12:00:00,R052,\N,\N,\N,\N
3653,3653,THURSDAY,14:00:00,15:30:00,R053,\N,\N,\N,\N
3654,3654,FRIDAY,12:30:00,14:00:00,R054,\N,\N,\N,\N
3655,3655,MONDAY,11:30:00,13:00:00,R055,\N,\N,\N,\N
3656,3656,TUESDAY,13:30:00,15:00:00,R056,\N,\N,\N,\N
3657,3657,WEDNESDAY,10:00:00,11:30:00,R057,\N,\N,\N,\N
3658,3658,THURSDAY,13:00:00,14:30:00,R058,\N,\N,\N,\N
3659,3659,FRIDAY,15:00:00,16:30:00,R059,\N,\N,\N,\N
3660,3660,MONDAY,13:30:00,15:00:00,R060,\N,\N,\N,\N
3661,3661,TUESDAY,15:00:00,16:30:00,R061,\N,\N,\N,\N
3662,3662,WEDNESDAY,11:30:00,13:00:00,R062,\N,\N,\N,\N
3663,3663,THURSDAY,10:30:00,12:00:00,R063,\N,\N,\N,\N
3664,3664,FRIDAY,13:00:00,14:30:00,R064,\N,\N,\N,\N
3665,3665,MONDAY,10:30:00,12:00:00,R065,\N,\N,\N,\N
3666,3666,TUESDAY,10:00:00,11:30:00,R066,\N,\N,\N,\N
3667,3667,WEDNESDAY,11:30:00,13:00:00,R067,\N,\N,\N,\N
3668,3668,THURSDAY,11:00:00,12:30:00,R068,\N,\N,\N,\N
3669,3669,FRIDAY,11:00:00,12:30:00,R069,\N,\N,\N,\N
3670,3670,MONDAY,10:00:00,11:30:00,R070,\N,\N,\N,\N
3671,3671,TUESDAY,14:30:00,16:00:00,R071,\N,\N,\N,\N
3672,3672,WEDNESDAY,11:30:00,13:00:00,R072,\N,\N,\N,\N
3673,3673,THURSDAY,14:30:00,16:00:00,R073,\N,\N,\N,\N
3674,3674,FRIDAY,11:00:00,12:30:00,R074,\N,\N,\N,\N
3675,3675,MONDAY,11:30:00,13:00:00,R075,\N,\N,\N,\N
3676,3676,TUESDAY,11:00:00,12:30:00,R076,\N,\N,\N,\N
3677,3677,WEDNESDAY,13:00:00,14:30:00,R077,\N,\N,\N,\N
3678,3678,THURSDAY,11:00:00,12:30:00,R078,\N,\N,\N,\N
3679,3679,FRIDAY,11:30:00,13:00:00,R079,\N,\N,\N,\N
3680,3680,MONDAY,13:00:00,14:30:00,R080,\N,\N,\N,\N
3681,3681,TUESDAY,14:30:00,16:00:00,R081,\N,\N,\N,\N
3682,3682,WEDNESDAY,13:30:00,15:00:00,R082,\N,\N,\N,\N
3683,3683,THURSDAY,14:30:00,16:00:00,R083,\N,\N,\N,\N
3684,3684,FRIDAY,13:00:00,14:30:00,R084,\N,\N,\N,\N
3685,3685,MONDAY,11:30:00,13:00:00,R085,\N,\N,\N,\N
3686,3686,TUESDAY,13:30:00,15:00:00,R086,\N,\N,\N,\N
3687,3687,WEDNESDAY,13:30:00,15:00:00,R087,\N,\N,\N,\N
3688,3688,THURSDAY,09:00:00,10:30:00,R088,\N,\N,\N,\N
3689,3689,FRIDAY,15:30:00,17:00:00,R089,\N,\N,\N,\N
3690,3690,MONDAY,13:30:00,15:00:00,R090,\N,\N,\N,\N
3691,3691,TUESDAY,14:00:00,15:30:00,R091,\N,\N,\N,\N
3692,3692,WEDNESDAY,10:30:00,12:00:00,R092,\N,\N,\N,\N
3693,3693,THURSDAY,14:00:00,15:30:00,R093,\N,\N,\N,\N
3694,3694,FRIDAY,11:30:00,13:00:00,R094,\N,\N,\N,\N
3695,3695,MONDAY,11:30:00,13:00:00,R095,\N,\N,\N,\N
3696,3696,TUESDAY,15:00:00,16:30:00,R096,\N,\N,\N,\N
3697,3697,WEDNESDAY,15:30:00,17:00:00,R097,\N,\N,\N,\N
3698,3698,THURSDAY,15:30:00,17:00:00,R098,\N,\N,\N,\N
3699,3699,FRIDAY,10:00:00,11:30:00,R099,\N,\N,\N,\N
3700,3700,MONDAY,10:00:00,11:30:00,R100,\N,\N,\N,\N
3701,3701,TUESDAY,15:00:00,16:30:00,R101,\N,\N,\N,\N
3702,3702,WEDNESDAY,10:00:00,11:30:00,R102,\N,\N,\N,\N
3703,3703,THURSDAY,12:00:00,13:30:00,R103,\N,\N,\N,\N
3704,3704,FRIDAY,14:00:00,15:30:00,R104,\N,\N,\N,\N
3705,3705,MONDAY,14:00:00,15:30:00,R105,\N,\N,\N,\N
3706,3706,TUESDAY,14:00:00,15:30:00,R106,\N,\N,\N,\N
3707,3707,WEDNESDAY,11:00:00,12:30:00,R107,\N,\N,\N,\N
3708,3708,THURSDAY,13:00:00,14:30:00,R108,\N,\N,\N,\N
3709,3709,FRIDAY,14:30:00,16:00:00,R109,\N,\N,\N,\N
3710,3710,MONDAY,15:00:00,16:30:00,R110,\N,\N,\N,\N
3711,3711,TUESDAY,14:00:00,15:30:00,R111,\N,\N,\N,\N
3712,3712,WEDNESDAY,10:00:00,11:30:00,R112,\N,\N,\N,\N
3713,3713,THURSDAY,10:30:00,12:00:00,R113,\N,\N,\N,\N
3714,3714,FRIDAY,11:30:00,13:00:00,R114,\N,\N,\N,\N
3715,3715,MONDAY,13:30:00,15:00:00,R115,\N,\N,\N,\N
3716,3716,TUESDAY,11:30:00,13:00:00,R116,\N,\N,\N,\N
3717,3717,WEDNESDAY,13:30:00,15:00:00,R117,\N,\N,\N,\N
3718,3718,THURSDAY,10:00:00,11:30:00,R118,\N,\N,\N,\N
3719,3719,FRIDAY,13:30:00,15:00:00,R119,\N,\N,\N,\N
3720,3720,MONDAY,13:30:00,15:00:00,R120,\N,\N,\N,\N
3721,3721,TUESDAY,10:30:00,12:00:00,R121,\N,\N,\N,\N
3722,3722,WEDNESDAY,10:30:00,12:00:00,R122,\N,\N,\N,\N
3723,3723,THURSDAY,14:00:00,15:30:00,R123,\N,\N,\N,\N
3724,3724,FRIDAY,11:30:00,13:00:00,R124,\N,\N,\N,\N
3725,3725,MONDAY,14:30:00,16:00:00,R125,\N,\N,\N,\N
3726,3726,TUESDAY,09:30:00,11:00:00,R126,\N,\N,\N,\N
3727,3727,WEDNESDAY,13:30:00,15:00:00,R127,\N,\N,\N,\N
3728,3728,THURSDAY,12:30:00,14:00:00,R128,\N,\N,\N,\N
3729,3729,FRIDAY,12:30:00,14:00:00,R129,\N,\N,\N,\N
3730,3730,MONDAY,11:30:00,13:00:00,R130,\N,\N,\N,\N
3731,3731,TUESDAY,14:30:00,16:00:00,R131,\N,\N,\N,\N
3732,3732,WEDNESDAY,10:00:00,11:30:00,R132,\N,\N,\N,\N
3733,3733,THURSDAY,10:00:00,11:30:00,R133,\N,\N,\N,\N
3734,3734,FRIDAY,11:00:00,12:30:00,R134,\N,\N,\N,\N
3735,3735,MONDAY,12:30:00,14:00:00,R135,\N,\N,\N,\N
3736,3736,TUESDAY,13:00:00,14:30:00,R136,\N,\N,\N,\N
3737,3737,WEDNESDAY,13:00:00,14:30:00,R137,\N,\N,\N,\N
3738,3738,THURSDAY,11:30:00,13:00:00,R138,\N,\N,\N,\N
3739,3739,FRIDAY,14:00:00,15:30:00,R139,\N,\N,\N,\N
3740,3740,MONDAY,11:30:00,13:00:00,R140,\N,\N,\N,\N
3741,3741,TUESDAY,11:00:00,12:30:00,R141,\N,\N,\N,\N
3742,3742,WEDNESDAY,13:00:00,14:30:00,R142,\N,\N,\N,\N
3743,3743,THURSDAY,11:30:00,13:00:00,R143,\N,\N,\N,\N
3744,3744,FRIDAY,14:00:00,15:30:00,R144,\N,\N,\N,\N
3745,3745,MONDAY,14:30:00,16:00:00,R145,\N,\N,\N,\N
3746,3746,TUESDAY,13:30:00,15:00:00,R146,\N,\N,\N,\N
3747,3747,WEDNESDAY,14:30:00,16:00:00,R147,\N,\N,\N,\N
3748,3748,THURSDAY,10:30:00,12:00:00,R148,\N,\N,\N,\N
3749,3749,FRIDAY,13:00:00,14:30:00,R149,\N,\N,\N,\N
3750,3750,MONDAY,10:00:00,11:30:00,R150,\N,\N,\N,\N
3751,3751,TUESDAY,11:00:00,12:30:00,R151,\N,\N,\N,\N
3752,3752,WEDNESDAY,12:30:00,14:00:00,R152,\N,\N,\N,\N
3753,3753,THURSDAY,13:00:00,14:30:00,R153,\N,\N,\N,\N
3754,3754,FRIDAY,13:30:00,15:00:00,R154,\N,\N,\N,\N
3755,3755,MONDAY,11:00:00,12:30:00,R155,\N,\N,\N,\N
3756,3756,TUESDAY,13:30:00,15:00:00,R156,\N,\N,\N,\N
3757,3757,WEDNESDAY,15:00:00,16:30:00,R157,\N,\N,\N,\N
3758,3758,THURSDAY,09:30:00,11:00:00,R158,\N,\N,\N,\N
3759,3759,FRIDAY,10:30:00,12:00:00,R159,\N,\N,\N,\N
3760,3760,MONDAY,11:00:00,12:30:00,R160,\N,\N,\N,\N
3761,3761,TUESDAY,11:00:00,12:30:00,R161,\N,\N,\N,\N
3762,3762,WEDNESDAY,10:30:00,12:00:00,R162,\N,\N,\N,\N
3763,3763,THURSDAY,10:30:00,12:00:00,R163,\N,\N,\N,\N
3764,3764,FRIDAY,10:00:00,11:30:00,R164,\N,\N,\N,\N
3765,3765,MONDAY,13:30:00,15:00:00,R165,\N,\N,\N,\N
3766,3766,TUESDAY,10:30:00,12:00:00,R166,\N,\N,\N,\N
3767,3767,WEDNESDAY,14:30:00,16:00:00,R167,\N,\N,\N,\N
3768,3768,THURSDAY,11:00:00,12:30:00,R168,\N,\N,\N,\N
3769,3769,FRIDAY,11:30:00,13:00:00,R169,\N,\N,\N,\N
3770,3770,MONDAY,14:30:00,16:00:00,R170,\N,\N,\N,\N
3771,3771,TUESDAY,13:30:00,15:00:00,R171,\N,\N,\N,\N
3772,3772,WEDNESDAY,13:00:00,14:30:00,R172,\N,\N,\N,\N
3773,3773,THURSDAY,13:30:00,15:00:00,R173,\N,\N,\N,\N
3774,3774,FRIDAY,10:30:00,12:00:00,R174,\N,\N,\N,\N
3775,3775,MONDAY,09:30:00,11:00:00,R175,\N,\N,\N,\N
3776,3776,TUESDAY,10:30:00,12:00:00,R176,\N,\N,\N,\N
3777,3777,WEDNESDAY,14:30:00,16:00:00,R177,\N,\N,\N,\N
3778,3778,THURSDAY,14:30:00,16:00:00,R178,\N,\N,\N,\N
3779,3779,FRIDAY,13:00:00,14:30:00,R179,\N,\N,\N,\N
3780,3780,MONDAY,10:30:00,12:00:00,R180,\N,\N,\N,\N
3781,3781,TUESDAY,14:00:00,15:30:00,R181,\N,\N,\N,\N
3782,3782,WEDNESDAY,15:30:00,17:00:00,R182,\N,\N,\N,\N
3783,3783,THURSDAY,14:30:00,16:00:00,R183,\N,\N,\N,\N
3784,3784,FRIDAY,14:00:00,15:30:00,R184,\N,\N,\N,\N
3785,3785,MONDAY,14:00:00,15:30:00,R185,\N,\N,\N,\N
3786,3786,TUESDAY,10:00:00,11:30:00,R186,\N,\N,\N,\N
3787,3787,WEDNESDAY,11:00:00,12:30:00,R187,\N,\N,\N,\N
3788,3788,THURSDAY,11:30:00,13:00:00,R188,\N,\N,\N,\N
3789,3789,FRIDAY,12:00:00,13:30:00,R189,\N,\N,\N,\N
3790,3790,MONDAY,09:30:00,11:00:00,R190,\N,\N,\N,\N
3791,3791,TUESDAY,13:00:00,14:30:00,R191,\N,\N,\N,\N
3792,3792,WEDNESDAY,10:30:00,12:00:00,R192,\N,\N,\N,\N
3793,3793,THURSDAY,10:00:00,11:30:00,R193,\N,\N,\N,\N
3794,3794,FRIDAY,15:00:00,16:30:00,R194,\N,\N,\N,\N
3795,3795,MONDAY,11:30:00,13:00:00,R195,\N,\N,\N,\N
3796,3796,TUESDAY,10:00:00,11:30:00,R196,\N,\N,\N,\N
3797,3797,WEDNESDAY,10:00:00,11:30:00,R197,\N,\N,\N,\N
3798,3798,THURSDAY,11:30:00,13:00:00,R198,\N,\N,\N,\N
3799,3799,FRIDAY,11:30:00,13:00:00,R199,\N,\N,\N,\N
3800,3800,MONDAY,14:00:00,15:30:00,R200,\N,\N,\N,\N
3801,3801,TUESDAY,13:00:00,14:30:00,R001,\N,\N,\N,\N
3802,3802,WEDNESDAY,09:30:00,11:00:00,R002,\N,\N,\N,\N
3803,3803,THURSDAY,09:00:00,10:30:00,R003,\N,\N,\N,\N
3804,3804,FRIDAY,14:00:00,15:30:00,R004,\N,\N,\N,\N
3805,3805,MONDAY,11:00:00,12:30:00,R005,\N,\N,\N,\N
3806,3806,TUESDAY,10:30:00,12:00:00,R006,\N,\N,\N,\N
3807,3807,WEDNESDAY,09:00:00,10:30:00,R007,\N,\N,\N,\N
3808,3808,THURSDAY,10:00:00,11:30:00,R008,\N,\N,\N,\N
3809,3809,FRIDAY,11:00:00,12:30:00,R009,\N,\N,\N,\N
3810,3810,MONDAY,12:30:00,14:00:00,R010,\N,\N,\N,\N
3811,3811,TUESDAY,11:30:00,13:00:00,R011,\N,\N,\N,\N
3812,3812,WEDNESDAY,14:30:00,16:00:00,R012,\N,\N,\N,\N
3813,3813,THURSDAY,13:00:00,14:30:00,R013,\N,\N,\N,\N
3814,3814,FRIDAY,14:00:00,15:30:00,R014,\N,\N,\N,\N
3815,3815,MONDAY,13:30:00,15:00:00,R015,\N,\N,\N,\N
3816,3816,TUESDAY,11:00:00,12:30:00,R016,\N,\N,\N,\N
3817,3817,WEDNESDAY,11:30:00,13:00:00,R017,\N,\N,\N,\N
3818,3818,THURSDAY,13:30:00,15:00:00,R018,\N,\N,\N,\N
3819,3819,FRIDAY,12:30:00,14:00:00,R019,\N,\N,\N,\N
3820,3820,MONDAY,13:30:00,15:00:00,R020,\N,\N,\N,\N
3821,3821,TUESDAY,13:30:00,15:00:00,R021,\N,\N,\N,\N
3822,3822,WEDNESDAY,15:30:00,17:00:00,R022,\N,\N,\N,\N
3823,3823,THURSDAY,10:00:00,11:30:00,R023,\N,\N,\N,\N
3824,3824,FRIDAY,09:00:00,10:30:00,R024,\N,\N,\N,\N
3825,3825,MONDAY,13:00:00,14:30:00,R025,\N,\N,\N,\N
3826,3826,TUESDAY,14:30:00,16:00:00,R026,\N,\N,\N,\N
3827,3827,WEDNESDAY,14:30:00,16:00:00,R027,\N,\N,\N,\N
3828,3828,THURSDAY,12:00:00,13:30:00,R028,\N,\N,\N,\N
3829,3829,FRIDAY,12:30:00,14:00:00,R029,\N,\N,\N,\N
3830,3830,MONDAY,10:00:00,11:30:00,R030,\N,\N,\N,\N
3831,3831,TUESDAY,14:00:00,15:30:00,R031,\N,\N,\N,\N
3832,3832,WEDNESDAY,11:00:00,12:30:00,R032,\N,\N,\N,\N
3833,3833,THURSDAY,13:30:00,15:00:00,R033,\N,\N,\N,\N
3834,3834,FRIDAY,11:30:00,13:00:00,R034,\N,\N,\N,\N
3835,3835,MONDAY,13:00:00,14:30:00,R035,\N,\N,\N,\N
3836,3836,TUESDAY,11:30:00,13:00:00,R036,\N,\N,\N,\N
3837,3837,WEDNESDAY,11:00:00,12:30:00,R037,\N,\N,\N,\N
3838,3838,THURSDAY,12:30:00,14:00:00,R038,\N,\N,\N,\N
3839,3839,FRIDAY,11:00:00,12:30:00,R039,\N,\N,\N,\N
3840,3840,MONDAY,11:30:00,13:00:00,R040,\N,\N,\N,\N
3841,3841,TUESDAY,13:30:00,15:00:00,R041,\N,\N,\N,\N
3842,3842,WEDNESDAY,10:30:00,12:00:00,R042,\N,\N,\N,\N
3843,3843,THURSDAY,10:30:00,12:00:00,R043,\N,\N,\N,\N
3844,3844,FRIDAY,13:30:00,15:00:00,R044,\N,\N,\N,\N
3845,3845,MONDAY,13:00:00,14:30:00,R045,\N,\N,\N,\N
3846,3846,TUESDAY,11:00:00,12:30:00,R046,\N,\N,\N,\N
3847,3847,WEDNESDAY,09:30:00,11:00:00,R047,\N,\N,\N,\N
3848,3848,THURSDAY,14:30:00,16:00:00,R048,\N,\N,\N,\N
3849,3849,FRIDAY,12:00:00,13:30:00,R049,\N,\N,\N,\N
3850,3850,MONDAY,11:00:00,12:30:00,R050,\N,\N,\N,\N
3851,3851,TUESDAY,14:00:00,15:30:00,R051,\N,\N,\N,\N
3852,3852,WEDNESDAY,13:30:00,15:00:00,R052,\N,\N,\N,\N
3853,3853,THURSDAY,13:00:00,14:30:00,R053,\N,\N,\N,\N
3854,3854,FRIDAY,10:00:00,11:30:00,R054,\N,\N,\N,\N
3855,3855,MONDAY,15:30:00,17:00:00,R055,\N,\N,\N,\N
3856,3856,TUESDAY,15:00:00,16:30:00,R056,\N,\N,\N,\N
3857,3857,WEDNESDAY,11:00:00,12:30:00,R057,\N,\N,\N,\N
3858,3858,THURSDAY,13:30:00,15:00:00,R058,\N,\N,\N,\N
3859,3859,FRIDAY,10:00:00,11:30:00,R059,\N,\N,\N,\N
3860,3860,MONDAY,14:00:00,15:30:00,R060,\N,\N,\N,\N
3861,3861,TUESDAY,14:00:00,15:30:00,R061,\N,\N,\N,\N
3862,3862,WEDNESDAY,14:00:00,15:30:00,R062,\N,\N,\N,\N
3863,3863,THURSDAY,13:00:00,14:30:00,R063,\N,\N,\N,\N
3864,3864,FRIDAY,12:30:00,14:00:00,R064,\N,\N,\N,\N
3865,3865,MONDAY,10:00:00,11:30:00,R065,\N,\N,\N,\N
3866,3866,TUESDAY,14:30:00,16:00:00,R066,\N,\N,\N,\N
3867,3867,WEDNESDAY,10:30:00,12:00:00,R067,\N,\N,\N,\N
3868,3868,THURSDAY,12:00:00,13:30:00,R068,\N,\N,\N,\N
3869,3869,FRIDAY,10:00:00,11:30:00,R069,\N,\N,\N,\N
3870,3870,MONDAY,14:00:00,15:30:00,R070,\N,\N,\N,\N
3871,3871,TUESDAY,11:00:00,12:30:00,R071,\N,\N,\N,\N
3872,3872,WEDNESDAY,11:00:00,12:30:00,R072,\N,\N,\N,\N
3873,3873,THURSDAY,14:30:00,16:00:00,R073,\N,\N,\N,\N
3874,3874,FRIDAY,10:30:00,12:00:00,R074,\N,\N,\N,\N
3875,3875,MONDAY,13:30:00,15:00:00,R075,\N,\N,\N,\N
3876,3876,TUESDAY,11:30:00,13:00:00,R076,\N,\N,\N,\N
3877,3877,WEDNESDAY,10:00:00,11:30:00,R077,\N,\N,\N,\N
3878,3878,THURSDAY,14:00:00,15:30:00,R078,\N,\N,\N,\N
3879,3879,FRIDAY,10:00:00,11:30:00,R079,\N,\N,\N,\N
3880,3880,MONDAY,12:30:00,14:00:00,R080,\N,\N,\N,\N
3881,3881,TUESDAY,14:00:00,15:30:00,R081,\N,\N,\N,\N
3882,3882,WEDNESDAY,13:30:00,15:00:00,R082,\N,\N,\N,\N
3883,3883,THURSDAY,14:30:00,16:00:00,R083,\N,\N,\N,\N
3884,3884,FRIDAY,11:00:00,12:30:00,R084,\N,\N,\N,\N
3885,3885,MONDAY,15:30:00,17:00:00,R085,\N,\N,\N,\N
3886,3886,TUESDAY,12:00:00,13:30:00,R086,\N,\N,\N,\N
3887,3887,WEDNESDAY,13:30:00,15:00:00,R087,\N,\N,\N,\N
3888,3888,THURSDAY,10:30:00,12:00:00,R088,\N,\N,\N,\N
3889,3889,FRIDAY,14:00:00,15:30:00,R089,\N,\N,\N,\N
3890,3890,MONDAY,10:30:00,12:00:00,R090,\N,\N,\N,\N
3891,3891,TUESDAY,15:30:00,17:00:00,R091,\N,\N,\N,\N
3892,3892,WEDNESDAY,15:30:00,17:00:00,R092,\N,\N,\N,\N
3893,3893,THURSDAY,11:00:00,12:30:00,R093,\N,\N,\N,\N
3894,3894,FRIDAY,14:00:00,15:30:00,R094,\N,\N,\N,\N
3895,3895,MONDAY,11:00:00,12:30:00,R095,\N,\N,\N,\N
3896,3896,TUESDAY,13:00:00,14:30:00,R096,\N,\N,\N,\N
3897,3897,WEDNESDAY,10:30:00,12:00:00,R097,\N,\N,\N,\N
3898,3898,THURSDAY,13:00:00,14:30:00,R098,\N,\N,\N,\N
3899,3899,FRIDAY,13:30:00,15:00:00,R099,\N,\N,\N,\N
3900,3900,MONDAY,12:30:00,14:00:00,R100,\N,\N,\N,\N
3901,3901,TUESDAY,14:00:00,15:30:00,R101,\N,\N,\N,\N
3902,3902,WEDNESDAY,10:30:00,12:00:00,R102,\N,\N,\N,\N
3903,3903,THURSDAY,11:30:00,13:00:00,R103,\N,\N,\N,\N
3904,3904,FRIDAY,11:00:00,12:30:00,R104,\N,\N,\N,\N
3905,3905,MONDAY,11:00:00,12:30:00,R105,\N,\N,\N,\N
3906,3906,TUESDAY,13:30:00,15:00:00,R106,\N,\N,\N,\N
3907,3907,WEDNESDAY,14:00:00,15:30:00,R107,\N,\N,\N,\N
3908,3908,THURSDAY,15:00:00,16:30:00,R108,\N,\N,\N,\N
3909,3909,FRIDAY,13:30:00,15:00:00,R109,\N,\N,\N,\N
3910,3910,MONDAY,11:30:00,13:00:00,R110,\N,\N,\N,\N
3911,3911,TUESDAY,13:00:00,14:30:00,R111,\N,\N,\N,\N
3912,3912,WEDNESDAY,10:30:00,12:00:00,R112,\N,\N,\N,\N
3913,3913,THURSDAY,11:30:00,13:00:00,R113,\N,\N,\N,\N
3914,3914,FRIDAY,14:30:00,16:00:00,R114,\N,\N,\N,\N
3915,3915,MONDAY,13:30:00,15:00:00,R115,\N,\N,\N,\N
3916,3916,TUESDAY,10:30:00,12:00:00,R116,\N,\N,\N,\N
3917,3917,WEDNESDAY,13:00:00,14:30:00,R117,\N,\N,\N,\N
3918,3918,THURSDAY,10:30:00,12:00:00,R118,\N,\N,\N,\N
3919,3919,FRIDAY,09:00:00,10:30:00,R119,\N,\N,\N,\N
3920,3920,MONDAY,13:00:00,14:30:00,R120,\N,\N,\N,\N
3921,3921,TUESDAY,11:30:00,13:00:00,R121,\N,\N,\N,\N
3922,3922,WEDNESDAY,11:30:00,13:00:00,R122,\N,\N,\N,\N
3923,3923,THURSDAY,10:00:00,11:30:00,R123,\N,\N,\N,\N
3924,3924,FRIDAY,15:00:00,16:30:00,R124,\N,\N,\N,\N
3925,3925,MONDAY,10:00:00,11:30:00,R125,\N,\N,\N,\N
3926,3926,TUESDAY,14:30:00,16:00:00,R126,\N,\N,\N,\N
3927,3927,WEDNESDAY,11:30:00,13:00:00,R127,\N,\N,\N,\N
3928,3928,THURSDAY,11:00:00,12:30:00,R128,\N,\N,\N,\N
3929,3929,FRIDAY,14:30:00,16:00:00,R129,\N,\N,\N,\N
3930,3930,MONDAY,14:30:00,16:00:00,R130,\N,\N,\N,\N
3931,3931,TUESDAY,13:30:00,15:00:00,R131,\N,\N,\N,\N
3932,3932,WEDNESDAY,14:30:00,16:00:00,R132,\N,\N,\N,\N
3933,3933,THURSDAY,14:00:00,15:30:00,R133,\N,\N,\N,\N
3934,3934,FRIDAY,13:00:00,14:30:00,R134,\N,\N,\N,\N
3935,3935,MONDAY,09:00:00,10:30:00,R135,\N,\N,\N,\N
3936,3936,TUESDAY,10:00:00,11:30:00,R136,\N,\N,\N,\N
3937,3937,WEDNESDAY,14:00:00,15:30:00,R137,\N,\N,\N,\N
3938,3938,THURSDAY,11:00:00,12:30:00,R138,\N,\N,\N,\N
3939,3939,FRIDAY,14:30:00,16:00:00,R139,\N,\N,\N,\N
3940,3940,MONDAY,09:00:00,10:30:00,R140,\N,\N,\N,\N
3941,3941,TUESDAY,13:00:00,14:30:00,R141,\N,\N,\N,\N
3942,3942,WEDNESDAY,13:30:00,15:00:00,R142,\N,\N,\N,\N
3943,3943,THURSDAY,11:00:00,12:30:00,R143,\N,\N,\N,\N
3944,3944,FRIDAY,09:30:00,11:00:00,R144,\N,\N,\N,\N
3945,3945,MONDAY,09:00:00,10:30:00,R145,\N,\N,\N,\N
3946,3946,TUESDAY,10:30:00,12:00:00,R146,\N,\N,\N,\N
3947,3947,WEDNESDAY,10:00:00,11:30:00,R147,\N,\N,\N,\N
3948,3948,THURSDAY,14:00:00,15:30:00,R148,\N,\N,\N,\N
3949,3949,FRIDAY,12:30:00,14:00:00,R149,\N,\N,\N,\N
3950,3950,MONDAY,11:00:00,12:30:00,R150,\N,\N,\N,\N
3951,3951,TUESDAY,10:00:00,11:30:00,R151,\N,\N,\N,\N
3952,3952,WEDNESDAY,13:00:00,14:30:00,R152,\N,\N,\N,\N
3953,3953,THURSDAY,13:00:00,14:30:00,R153,\N,\N,\N,\N
3954,3954,FRIDAY,15:30:00,17:00:00,R154,\N,\N,\N,\N
3955,3955,MONDAY,12:30:00,14:00:00,R155,\N,\N,\N,\N
3956,3956,TUESDAY,10:00:00,11:30:00,R156,\N,\N,\N,\N
3957,3957,WEDNESDAY,11:00:00,12:30:00,R157,\N,\N,\N,\N
3958,3958,THURSDAY,10:00:00,11:30:00,R158,\N,\N,\N,\N
3959,3959,FRIDAY,12:30:00,14:00:00,R159,\N,\N,\N,\N
3960,3960,MONDAY,12:00:00,13:30:00,R160,\N,\N,\N,\N
3961,3961,TUESDAY,13:30:00,15:00:00,R161,\N,\N,\N,\N
3962,3962,WEDNESDAY,13:30:00,15:00:00,R162,\N,\N,\N,\N
3963,3963,THURSDAY,13:30:00,15:00:00,R163,\N,\N,\N,\N
3964,3964,FRIDAY,13:30:00,15:00:00,R164,\N,\N,\N,\N
3965,3965,MONDAY,14:30:00,16:00:00,R165,\N,\N,\N,\N
3966,3966,TUESDAY,11:00:00,12:30:00,R166,\N,\N,\N,\N
3967,3967,WEDNESDAY,13:30:00,15:00:00,R167,\N,\N,\N,\N
3968,3968,THURSDAY,14:30:00,16:00:00,R168,\N,\N,\N,\N
3969,3969,FRIDAY,14:00:00,15:30:00,R169,\N,\N,\N,\N
3970,3970,MONDAY,11:00:00,12:30:00,R170,\N,\N,\N,\N
3971,3971,TUESDAY,10:00:00,11:30:00,R171,\N,\N,\N,\N
3972,3972,WEDNESDAY,13:30:00,15:00:00,R172,\N,\N,\N,\N
3973,3973,THURSDAY,09:30:00,11:00:00,R173,\N,\N,\N,\N
3974,3974,FRIDAY,10:00:00,11:30:00,R174,\N,\N,\N,\N
3975,3975,MONDAY,10:00:00,11:30:00,R175,\N,\N,\N,\N
3976,3976,TUESDAY,11:00:00,12:30:00,R176,\N,\N,\N,\N
3977,3977,WEDNESDAY,11:30:00,13:00:00,R177,\N,\N,\N,\N
3978,3978,THURSDAY,09:30:00,11:00:00,R178,\N,\N,\N,\N
3979,3979,FRIDAY,15:30:00,17:00:00,R179,\N,\N,\N,\N
3980,3980,MONDAY,13:00:00,14:30:00,R180,\N,\N,\N,\N
3981,3981,TUESDAY,10:00:00,11:30:00,R181,\N,\N,\N,\N
3982,3982,WEDNESDAY,10:30:00,12:00:00,R182,\N,\N,\N,\N
3983,3983,THURSDAY,14:30:00,16:00:00,R183,\N,\N,\N,\N
3984,3984,FRIDAY,10:00:00,11:30:00,R184,\N,\N,\N,\N
3985,3985,MONDAY,13:00:00,14:30:00,R185,\N,\N,\N,\N
3986,3986,TUESDAY,11:00:00,12:30:00,R186,\N,\N,\N,\N
3987,3987,WEDNESDAY,14:00:00,15:30:00,R187,\N,\N,\N,\N
3988,3988,THURSDAY,10:30:00,12:00:00,R188,\N,\N,\N,\N
3989,3989,FRIDAY,10:30:00,12:00:00,R189,\N,\N,\N,\N
3990,3990,MONDAY,10:00:00,11:30:00,R190,\N,\N,\N,\N
3991,3991,TUESDAY,09:30:00,11:00:00,R191,\N,\N,\N,\N
3992,3992,WEDNESDAY,10:30:00,12:00:00,R192,\N,\N,\N,\N
3993,3993,THURSDAY,10:30:00,12:00:00,R193,\N,\N,\N,\N
3994,3994,FRIDAY,14:00:00,15:30:00,R194,\N,\N,\N,\N
3995,3995,MONDAY,13:00:00,14:30:00,R195,\N,\N,\N,\N
3996,3996,TUESDAY,13:00:00,14:30:00,R196,\N,\N,\N,\N
3997,3997,WEDNESDAY,10:30:00,12:00:00,R197,\N,\N,\N,\N
3998,3998,THURSDAY,14:30:00,16:00:00,R198,\N,\N,\N,\N
3999,3999,FRIDAY,11:00:00,12:30:00,R199,\N,\N,\N,\N
4000,4000,MONDAY,14:00:00,15:30:00,R200,\N,\N,\N,\N
