id,student_id,course_id,created_by,created_date,last_modified_by,last_modified_date
1,34959,1,\N,\N,\N,\N
2,692,1,\N,\N,\N,\N
3,39363,1,\N,\N,\N,\N
4,31490,1,\N,\N,\N,\N
5,29067,1,\N,\N,\N,\N
6,36961,1,\N,\N,\N,\N
7,28093,1,\N,\N,\N,\N
8,16244,1,\N,\N,\N,\N
9,25900,1,\N,\N,\N,\N
10,38497,1,\N,\N,\N,\N
11,35106,1,\N,\N,\N,\N
12,6823,1,\N,\N,\N,\N
13,17010,1,\N,\N,\N,\N
14,14424,1,\N,\N,\N,\N
15,29746,1,\N,\N,\N,\N
16,16015,1,\N,\N,\N,\N
17,24126,1,\N,\N,\N,\N
18,12777,1,\N,\N,\N,\N
19,1790,1,\N,\N,\N,\N
20,35916,1,\N,\N,\N,\N
21,27239,1,\N,\N,\N,\N
22,6096,1,\N,\N,\N,\N
23,39559,1,\N,\N,\N,\N
24,21020,1,\N,\N,\N,\N
25,15505,1,\N,\N,\N,\N
26,7410,1,\N,\N,\N,\N
27,36192,1,\N,\N,\N,\N
28,22193,1,\N,\N,\N,\N
29,4756,1,\N,\N,\N,\N
30,28063,1,\N,\N,\N,\N
31,142,1,\N,\N,\N,\N
32,17251,1,\N,\N,\N,\N
33,11561,1,\N,\N,\N,\N
34,8028,1,\N,\N,\N,\N
35,21891,1,\N,\N,\N,\N
36,32969,1,\N,\N,\N,\N
37,15209,1,\N,\N,\N,\N
38,2202,1,\N,\N,\N,\N
39,15693,1,\N,\N,\N,\N
40,8683,1,\N,\N,\N,\N
41,9571,1,\N,\N,\N,\N
42,5063,1,\N,\N,\N,\N
43,21613,1,\N,\N,\N,\N
44,27162,1,\N,\N,\N,\N
45,34618,1,\N,\N,\N,\N
46,3723,1,\N,\N,\N,\N
47,33020,1,\N,\N,\N,\N
48,14832,1,\N,\N,\N,\N
49,31598,1,\N,\N,\N,\N
50,24826,1,\N,\N,\N,\N
51,10752,1,\N,\N,\N,\N
52,34349,1,\N,\N,\N,\N
53,37887,1,\N,\N,\N,\N
54,20797,1,\N,\N,\N,\N
55,37000,1,\N,\N,\N,\N
56,16930,1,\N,\N,\N,\N
57,32488,1,\N,\N,\N,\N
58,24694,1,\N,\N,\N,\N
59,27442,1,\N,\N,\N,\N
60,15103,1,\N,\N,\N,\N
61,11676,1,\N,\N,\N,\N
62,34161,1,\N,\N,\N,\N
63,13214,1,\N,\N,\N,\N
64,11896,1,\N,\N,\N,\N
65,24950,1,\N,\N,\N,\N
66,24377,1,\N,\N,\N,\N
67,19432,1,\N,\N,\N,\N
68,5824,1,\N,\N,\N,\N
69,37650,1,\N,\N,\N,\N
70,32700,1,\N,\N,\N,\N
71,29704,1,\N,\N,\N,\N
72,38782,1,\N,\N,\N,\N
73,25205,1,\N,\N,\N,\N
74,10133,1,\N,\N,\N,\N
75,10378,1,\N,\N,\N,\N
76,17246,1,\N,\N,\N,\N
77,11680,1,\N,\N,\N,\N
78,39255,1,\N,\N,\N,\N
79,39475,1,\N,\N,\N,\N
80,14796,1,\N,\N,\N,\N
81,8313,1,\N,\N,\N,\N
82,11453,1,\N,\N,\N,\N
83,6268,1,\N,\N,\N,\N
84,1501,1,\N,\N,\N,\N
85,152,1,\N,\N,\N,\N
86,218,1,\N,\N,\N,\N
87,31711,1,\N,\N,\N,\N
88,29001,1,\N,\N,\N,\N
89,38617,1,\N,\N,\N,\N
90,22106,1,\N,\N,\N,\N
91,37281,1,\N,\N,\N,\N
92,13265,1,\N,\N,\N,\N
93,989,1,\N,\N,\N,\N
94,12338,1,\N,\N,\N,\N
95,37933,1,\N,\N,\N,\N
96,27547,1,\N,\N,\N,\N
97,9193,1,\N,\N,\N,\N
98,9789,1,\N,\N,\N,\N
99,27109,1,\N,\N,\N,\N
100,35435,1,\N,\N,\N,\N
101,21729,1,\N,\N,\N,\N
102,4711,1,\N,\N,\N,\N
103,38916,1,\N,\N,\N,\N
104,32600,1,\N,\N,\N,\N
105,30862,1,\N,\N,\N,\N
106,27351,1,\N,\N,\N,\N
107,12639,1,\N,\N,\N,\N
108,13560,1,\N,\N,\N,\N
109,24843,1,\N,\N,\N,\N
110,26901,1,\N,\N,\N,\N
111,20506,1,\N,\N,\N,\N
112,11975,1,\N,\N,\N,\N
113,4728,1,\N,\N,\N,\N
114,16763,1,\N,\N,\N,\N
115,16436,1,\N,\N,\N,\N
116,38959,1,\N,\N,\N,\N
117,4471,1,\N,\N,\N,\N
118,17889,1,\N,\N,\N,\N
119,10761,1,\N,\N,\N,\N
120,7821,1,\N,\N,\N,\N
121,32329,1,\N,\N,\N,\N
122,6394,1,\N,\N,\N,\N
123,10781,1,\N,\N,\N,\N
124,8292,1,\N,\N,\N,\N
125,4953,1,\N,\N,\N,\N
126,37267,1,\N,\N,\N,\N
127,20816,1,\N,\N,\N,\N
128,26326,1,\N,\N,\N,\N
129,31939,1,\N,\N,\N,\N
130,15164,1,\N,\N,\N,\N
131,36129,1,\N,\N,\N,\N
132,2138,1,\N,\N,\N,\N
133,29448,1,\N,\N,\N,\N
134,26090,1,\N,\N,\N,\N
135,4262,1,\N,\N,\N,\N
136,35475,1,\N,\N,\N,\N
137,7193,1,\N,\N,\N,\N
138,12863,1,\N,\N,\N,\N
139,12815,1,\N,\N,\N,\N
140,9405,1,\N,\N,\N,\N
141,1977,1,\N,\N,\N,\N
142,733,1,\N,\N,\N,\N
143,4006,1,\N,\N,\N,\N
144,3879,1,\N,\N,\N,\N
145,20290,1,\N,\N,\N,\N
146,39571,1,\N,\N,\N,\N
147,6774,1,\N,\N,\N,\N
148,22993,1,\N,\N,\N,\N
149,7303,1,\N,\N,\N,\N
150,10499,1,\N,\N,\N,\N
151,6212,1,\N,\N,\N,\N
152,15904,1,\N,\N,\N,\N
153,31843,1,\N,\N,\N,\N
154,7217,1,\N,\N,\N,\N
155,25579,1,\N,\N,\N,\N
156,28757,1,\N,\N,\N,\N
157,9268,1,\N,\N,\N,\N
158,3796,1,\N,\N,\N,\N
159,28358,1,\N,\N,\N,\N
160,36396,1,\N,\N,\N,\N
161,16315,1,\N,\N,\N,\N
162,22103,1,\N,\N,\N,\N
163,4417,1,\N,\N,\N,\N
164,5680,1,\N,\N,\N,\N
165,11490,1,\N,\N,\N,\N
166,10056,1,\N,\N,\N,\N
167,27849,1,\N,\N,\N,\N
168,27071,1,\N,\N,\N,\N
169,33835,1,\N,\N,\N,\N
170,19196,1,\N,\N,\N,\N
171,19972,1,\N,\N,\N,\N
172,33665,1,\N,\N,\N,\N
173,39841,1,\N,\N,\N,\N
174,13934,1,\N,\N,\N,\N
175,5365,1,\N,\N,\N,\N
176,19025,1,\N,\N,\N,\N
177,920,1,\N,\N,\N,\N
178,9186,1,\N,\N,\N,\N
179,6743,1,\N,\N,\N,\N
180,4950,1,\N,\N,\N,\N
181,14120,1,\N,\N,\N,\N
182,32377,1,\N,\N,\N,\N
183,29616,1,\N,\N,\N,\N
184,4054,1,\N,\N,\N,\N
185,2945,1,\N,\N,\N,\N
186,36627,1,\N,\N,\N,\N
187,36898,1,\N,\N,\N,\N
188,14472,1,\N,\N,\N,\N
189,16196,1,\N,\N,\N,\N
190,6050,1,\N,\N,\N,\N
191,24044,1,\N,\N,\N,\N
192,35597,1,\N,\N,\N,\N
193,27724,1,\N,\N,\N,\N
194,30421,1,\N,\N,\N,\N
195,11326,1,\N,\N,\N,\N
196,8760,1,\N,\N,\N,\N
197,22557,1,\N,\N,\N,\N
198,10856,1,\N,\N,\N,\N
199,18425,1,\N,\N,\N,\N
200,4443,1,\N,\N,\N,\N
201,7521,1,\N,\N,\N,\N
202,19033,1,\N,\N,\N,\N
203,24457,1,\N,\N,\N,\N
204,28236,1,\N,\N,\N,\N
205,29261,1,\N,\N,\N,\N
206,6742,1,\N,\N,\N,\N
207,32523,1,\N,\N,\N,\N
208,36334,1,\N,\N,\N,\N
209,38260,1,\N,\N,\N,\N
210,38466,1,\N,\N,\N,\N
211,32453,1,\N,\N,\N,\N
212,33400,1,\N,\N,\N,\N
213,22359,1,\N,\N,\N,\N
214,6753,1,\N,\N,\N,\N
215,804,1,\N,\N,\N,\N
216,14942,1,\N,\N,\N,\N
217,7184,1,\N,\N,\N,\N
218,21102,1,\N,\N,\N,\N
219,18055,1,\N,\N,\N,\N
220,19014,1,\N,\N,\N,\N
221,6650,1,\N,\N,\N,\N
222,174,1,\N,\N,\N,\N
223,1622,1,\N,\N,\N,\N
224,17531,1,\N,\N,\N,\N
225,14379,1,\N,\N,\N,\N
226,12878,1,\N,\N,\N,\N
227,14651,1,\N,\N,\N,\N
228,3897,1,\N,\N,\N,\N
229,9963,1,\N,\N,\N,\N
230,30725,1,\N,\N,\N,\N
231,8617,1,\N,\N,\N,\N
232,23129,1,\N,\N,\N,\N
233,15979,1,\N,\N,\N,\N
234,29504,1,\N,\N,\N,\N
235,32688,1,\N,\N,\N,\N
236,9913,1,\N,\N,\N,\N
237,12107,1,\N,\N,\N,\N
238,28518,1,\N,\N,\N,\N
239,245,1,\N,\N,\N,\N
240,3503,1,\N,\N,\N,\N
241,2816,1,\N,\N,\N,\N
242,12822,1,\N,\N,\N,\N
243,17613,1,\N,\N,\N,\N
244,6299,1,\N,\N,\N,\N
245,30121,1,\N,\N,\N,\N
246,1003,1,\N,\N,\N,\N
247,28221,1,\N,\N,\N,\N
248,29075,1,\N,\N,\N,\N
249,30167,1,\N,\N,\N,\N
250,4969,1,\N,\N,\N,\N
251,38629,1,\N,\N,\N,\N
252,14454,1,\N,\N,\N,\N
253,9,1,\N,\N,\N,\N
254,18572,1,\N,\N,\N,\N
255,31517,1,\N,\N,\N,\N
256,30220,1,\N,\N,\N,\N
257,38531,1,\N,\N,\N,\N
258,7813,1,\N,\N,\N,\N
259,14912,1,\N,\N,\N,\N
260,32020,1,\N,\N,\N,\N
261,34064,1,\N,\N,\N,\N
262,37029,1,\N,\N,\N,\N
263,6473,1,\N,\N,\N,\N
264,14547,1,\N,\N,\N,\N
265,6836,1,\N,\N,\N,\N
266,32092,1,\N,\N,\N,\N
267,23701,1,\N,\N,\N,\N
268,26219,1,\N,\N,\N,\N
269,11575,1,\N,\N,\N,\N
270,23869,1,\N,\N,\N,\N
271,3544,1,\N,\N,\N,\N
272,30431,1,\N,\N,\N,\N
273,1134,1,\N,\N,\N,\N
274,38626,1,\N,\N,\N,\N
275,28214,1,\N,\N,\N,\N
276,34632,1,\N,\N,\N,\N
277,16504,1,\N,\N,\N,\N
278,39194,1,\N,\N,\N,\N
279,13642,1,\N,\N,\N,\N
280,6564,1,\N,\N,\N,\N
281,16213,1,\N,\N,\N,\N
282,35390,1,\N,\N,\N,\N
283,29813,1,\N,\N,\N,\N
284,26493,1,\N,\N,\N,\N
285,13306,1,\N,\N,\N,\N
286,6390,1,\N,\N,\N,\N
287,7683,1,\N,\N,\N,\N
288,20320,1,\N,\N,\N,\N
289,40000,1,\N,\N,\N,\N
290,22927,1,\N,\N,\N,\N
291,28148,1,\N,\N,\N,\N
292,28388,1,\N,\N,\N,\N
293,8591,1,\N,\N,\N,\N
294,3861,1,\N,\N,\N,\N
295,20659,1,\N,\N,\N,\N
296,26709,1,\N,\N,\N,\N
297,36756,1,\N,\N,\N,\N
298,22426,1,\N,\N,\N,\N
299,26319,1,\N,\N,\N,\N
300,19640,1,\N,\N,\N,\N
301,18160,1,\N,\N,\N,\N
302,37943,1,\N,\N,\N,\N
303,27459,1,\N,\N,\N,\N
304,37972,1,\N,\N,\N,\N
305,7801,1,\N,\N,\N,\N
306,13182,1,\N,\N,\N,\N
307,13210,1,\N,\N,\N,\N
308,36335,1,\N,\N,\N,\N
309,7776,1,\N,\N,\N,\N
310,1609,1,\N,\N,\N,\N
311,37078,1,\N,\N,\N,\N
312,31808,1,\N,\N,\N,\N
313,37161,1,\N,\N,\N,\N
314,21481,1,\N,\N,\N,\N
315,33524,1,\N,\N,\N,\N
316,11608,1,\N,\N,\N,\N
317,4219,1,\N,\N,\N,\N
318,2796,1,\N,\N,\N,\N
319,20399,1,\N,\N,\N,\N
320,16633,1,\N,\N,\N,\N
321,27146,1,\N,\N,\N,\N
322,35598,1,\N,\N,\N,\N
323,35565,1,\N,\N,\N,\N
324,34225,1,\N,\N,\N,\N
325,17527,1,\N,\N,\N,\N
326,38222,1,\N,\N,\N,\N
327,35340,1,\N,\N,\N,\N
328,10328,1,\N,\N,\N,\N
329,35396,1,\N,\N,\N,\N
330,6158,1,\N,\N,\N,\N
331,1278,1,\N,\N,\N,\N
332,5781,1,\N,\N,\N,\N
333,29523,1,\N,\N,\N,\N
334,30142,1,\N,\N,\N,\N
335,11870,1,\N,\N,\N,\N
336,36702,1,\N,\N,\N,\N
337,28959,1,\N,\N,\N,\N
338,13669,1,\N,\N,\N,\N
339,17291,1,\N,\N,\N,\N
340,19125,1,\N,\N,\N,\N
341,24408,1,\N,\N,\N,\N
342,38269,1,\N,\N,\N,\N
343,25271,1,\N,\N,\N,\N
344,38581,1,\N,\N,\N,\N
345,17590,1,\N,\N,\N,\N
346,6199,1,\N,\N,\N,\N
347,18957,1,\N,\N,\N,\N
348,31000,1,\N,\N,\N,\N
349,18770,1,\N,\N,\N,\N
350,16339,1,\N,\N,\N,\N
351,35989,1,\N,\N,\N,\N
352,2075,1,\N,\N,\N,\N
353,6341,1,\N,\N,\N,\N
354,9700,1,\N,\N,\N,\N
355,9119,1,\N,\N,\N,\N
356,38947,1,\N,\N,\N,\N
357,16322,1,\N,\N,\N,\N
358,26955,1,\N,\N,\N,\N
359,53,1,\N,\N,\N,\N
360,12613,1,\N,\N,\N,\N
361,22451,1,\N,\N,\N,\N
362,24757,1,\N,\N,\N,\N
363,2480,1,\N,\N,\N,\N
364,32368,1,\N,\N,\N,\N
365,18763,1,\N,\N,\N,\N
366,14852,1,\N,\N,\N,\N
367,6732,1,\N,\N,\N,\N
368,8310,1,\N,\N,\N,\N
369,13332,1,\N,\N,\N,\N
370,38022,1,\N,\N,\N,\N
371,9042,1,\N,\N,\N,\N
372,23113,1,\N,\N,\N,\N
373,2440,1,\N,\N,\N,\N
374,23426,1,\N,\N,\N,\N
375,2802,1,\N,\N,\N,\N
376,22952,1,\N,\N,\N,\N
377,23054,1,\N,\N,\N,\N
378,38635,1,\N,\N,\N,\N
379,28616,1,\N,\N,\N,\N
380,28387,1,\N,\N,\N,\N
381,1639,1,\N,\N,\N,\N
382,11174,1,\N,\N,\N,\N
383,1020,1,\N,\N,\N,\N
384,5724,1,\N,\N,\N,\N
385,17745,1,\N,\N,\N,\N
386,33812,1,\N,\N,\N,\N
387,34579,1,\N,\N,\N,\N
388,18353,1,\N,\N,\N,\N
389,16871,1,\N,\N,\N,\N
390,32740,1,\N,\N,\N,\N
391,5760,1,\N,\N,\N,\N
392,31575,1,\N,\N,\N,\N
393,38006,1,\N,\N,\N,\N
394,18980,1,\N,\N,\N,\N
395,1069,1,\N,\N,\N,\N
396,33483,1,\N,\N,\N,\N
397,3898,1,\N,\N,\N,\N
398,32088,1,\N,\N,\N,\N
399,19695,1,\N,\N,\N,\N
400,31987,1,\N,\N,\N,\N
401,7752,1,\N,\N,\N,\N
402,9864,1,\N,\N,\N,\N
403,32327,1,\N,\N,\N,\N
404,9728,1,\N,\N,\N,\N
405,149,1,\N,\N,\N,\N
406,29330,1,\N,\N,\N,\N
407,31302,1,\N,\N,\N,\N
408,23402,1,\N,\N,\N,\N
409,38955,1,\N,\N,\N,\N
410,606,1,\N,\N,\N,\N
411,11837,1,\N,\N,\N,\N
412,9362,1,\N,\N,\N,\N
413,22203,1,\N,\N,\N,\N
414,18801,1,\N,\N,\N,\N
415,34051,1,\N,\N,\N,\N
416,24159,1,\N,\N,\N,\N
417,9761,1,\N,\N,\N,\N
418,2505,1,\N,\N,\N,\N
419,14466,1,\N,\N,\N,\N
420,11462,1,\N,\N,\N,\N
421,21143,1,\N,\N,\N,\N
422,2327,1,\N,\N,\N,\N
423,14367,1,\N,\N,\N,\N
424,923,1,\N,\N,\N,\N
425,39999,1,\N,\N,\N,\N
426,3396,1,\N,\N,\N,\N
427,13272,1,\N,\N,\N,\N
428,21787,1,\N,\N,\N,\N
429,5953,1,\N,\N,\N,\N
430,36391,1,\N,\N,\N,\N
431,22186,1,\N,\N,\N,\N
432,27002,1,\N,\N,\N,\N
433,3086,1,\N,\N,\N,\N
434,28510,1,\N,\N,\N,\N
435,30874,1,\N,\N,\N,\N
436,18083,1,\N,\N,\N,\N
437,32083,1,\N,\N,\N,\N
438,32110,1,\N,\N,\N,\N
439,30640,1,\N,\N,\N,\N
440,33917,1,\N,\N,\N,\N
441,21277,1,\N,\N,\N,\N
442,19480,1,\N,\N,\N,\N
443,3271,1,\N,\N,\N,\N
444,37676,1,\N,\N,\N,\N
445,4928,1,\N,\N,\N,\N
446,14773,1,\N,\N,\N,\N
447,32264,1,\N,\N,\N,\N
448,20243,1,\N,\N,\N,\N
449,15998,1,\N,\N,\N,\N
450,10977,1,\N,\N,\N,\N
451,23615,1,\N,\N,\N,\N
452,18817,1,\N,\N,\N,\N
453,1909,1,\N,\N,\N,\N
454,12594,1,\N,\N,\N,\N
455,10071,1,\N,\N,\N,\N
456,22749,1,\N,\N,\N,\N
457,29644,1,\N,\N,\N,\N
458,21619,1,\N,\N,\N,\N
459,19106,1,\N,\N,\N,\N
460,32933,1,\N,\N,\N,\N
461,9159,1,\N,\N,\N,\N
462,16983,1,\N,\N,\N,\N
463,16150,1,\N,\N,\N,\N
464,7486,1,\N,\N,\N,\N
465,2820,1,\N,\N,\N,\N
466,17921,1,\N,\N,\N,\N
467,22279,1,\N,\N,\N,\N
468,559,1,\N,\N,\N,\N
469,30048,1,\N,\N,\N,\N
470,39109,1,\N,\N,\N,\N
471,7226,1,\N,\N,\N,\N
472,24477,1,\N,\N,\N,\N
473,33944,1,\N,\N,\N,\N
474,39599,1,\N,\N,\N,\N
475,15726,1,\N,\N,\N,\N
476,17430,1,\N,\N,\N,\N
477,8050,1,\N,\N,\N,\N
478,20387,1,\N,\N,\N,\N
479,20077,1,\N,\N,\N,\N
480,28606,1,\N,\N,\N,\N
481,9382,1,\N,\N,\N,\N
482,8400,1,\N,\N,\N,\N
483,38611,1,\N,\N,\N,\N
484,17583,1,\N,\N,\N,\N
485,19790,1,\N,\N,\N,\N
486,39723,1,\N,\N,\N,\N
487,11819,1,\N,\N,\N,\N
488,38277,1,\N,\N,\N,\N
489,24075,1,\N,\N,\N,\N
490,29457,1,\N,\N,\N,\N
491,38312,1,\N,\N,\N,\N
492,33814,1,\N,\N,\N,\N
493,31836,1,\N,\N,\N,\N
494,24272,1,\N,\N,\N,\N
495,12788,1,\N,\N,\N,\N
496,15092,1,\N,\N,\N,\N
497,12748,1,\N,\N,\N,\N
498,39087,1,\N,\N,\N,\N
499,26609,1,\N,\N,\N,\N
500,19707,1,\N,\N,\N,\N
501,25851,3,\N,\N,\N,\N
502,7642,3,\N,\N,\N,\N
503,28372,3,\N,\N,\N,\N
504,11260,3,\N,\N,\N,\N
505,31169,3,\N,\N,\N,\N
506,23542,3,\N,\N,\N,\N
507,8538,3,\N,\N,\N,\N
508,17020,3,\N,\N,\N,\N
509,1716,3,\N,\N,\N,\N
510,38263,3,\N,\N,\N,\N
511,16224,3,\N,\N,\N,\N
512,20617,3,\N,\N,\N,\N
513,36460,3,\N,\N,\N,\N
514,19883,3,\N,\N,\N,\N
515,12210,3,\N,\N,\N,\N
516,10431,3,\N,\N,\N,\N
517,35224,3,\N,\N,\N,\N
518,31337,3,\N,\N,\N,\N
519,14485,3,\N,\N,\N,\N
520,29168,3,\N,\N,\N,\N
521,19203,3,\N,\N,\N,\N
522,8771,3,\N,\N,\N,\N
523,25146,3,\N,\N,\N,\N
524,15034,3,\N,\N,\N,\N
525,33843,3,\N,\N,\N,\N
526,36355,3,\N,\N,\N,\N
527,16326,3,\N,\N,\N,\N
528,39495,3,\N,\N,\N,\N
529,29025,3,\N,\N,\N,\N
530,15242,3,\N,\N,\N,\N
531,29242,3,\N,\N,\N,\N
532,36440,3,\N,\N,\N,\N
533,25437,3,\N,\N,\N,\N
534,4264,3,\N,\N,\N,\N
535,10487,3,\N,\N,\N,\N
536,39542,3,\N,\N,\N,\N
537,12350,3,\N,\N,\N,\N
538,25694,3,\N,\N,\N,\N
539,7417,3,\N,\N,\N,\N
540,1817,3,\N,\N,\N,\N
541,15410,3,\N,\N,\N,\N
542,32956,3,\N,\N,\N,\N
543,17579,3,\N,\N,\N,\N
544,17437,3,\N,\N,\N,\N
545,25106,3,\N,\N,\N,\N
546,33658,3,\N,\N,\N,\N
547,10664,3,\N,\N,\N,\N
548,10695,3,\N,\N,\N,\N
549,15225,3,\N,\N,\N,\N
550,5886,3,\N,\N,\N,\N
551,30192,3,\N,\N,\N,\N
552,18329,3,\N,\N,\N,\N
553,6702,3,\N,\N,\N,\N
554,10131,3,\N,\N,\N,\N
555,14021,3,\N,\N,\N,\N
556,27490,3,\N,\N,\N,\N
557,18654,3,\N,\N,\N,\N
558,11225,3,\N,\N,\N,\N
559,12798,3,\N,\N,\N,\N
560,33513,3,\N,\N,\N,\N
561,22955,3,\N,\N,\N,\N
562,4530,3,\N,\N,\N,\N
563,11591,3,\N,\N,\N,\N
564,19123,3,\N,\N,\N,\N
565,1925,3,\N,\N,\N,\N
566,12525,3,\N,\N,\N,\N
567,13397,3,\N,\N,\N,\N
568,30659,3,\N,\N,\N,\N
569,38879,3,\N,\N,\N,\N
570,9877,3,\N,\N,\N,\N
571,19996,3,\N,\N,\N,\N
572,22401,3,\N,\N,\N,\N
573,9375,3,\N,\N,\N,\N
574,27180,3,\N,\N,\N,\N
575,37091,3,\N,\N,\N,\N
576,15597,3,\N,\N,\N,\N
577,23183,3,\N,\N,\N,\N
578,8140,3,\N,\N,\N,\N
579,19700,3,\N,\N,\N,\N
580,15042,3,\N,\N,\N,\N
581,9619,3,\N,\N,\N,\N
582,32910,3,\N,\N,\N,\N
583,1214,3,\N,\N,\N,\N
584,39089,3,\N,\N,\N,\N
585,38199,3,\N,\N,\N,\N
586,7560,3,\N,\N,\N,\N
587,37885,3,\N,\N,\N,\N
588,30840,3,\N,\N,\N,\N
589,9067,3,\N,\N,\N,\N
590,6227,3,\N,\N,\N,\N
591,7816,3,\N,\N,\N,\N
592,17751,3,\N,\N,\N,\N
593,35210,3,\N,\N,\N,\N
594,3813,3,\N,\N,\N,\N
595,24637,3,\N,\N,\N,\N
596,1838,3,\N,\N,\N,\N
597,38691,3,\N,\N,\N,\N
598,32711,3,\N,\N,\N,\N
599,3630,3,\N,\N,\N,\N
600,39436,3,\N,\N,\N,\N
601,26697,3,\N,\N,\N,\N
602,5522,3,\N,\N,\N,\N
603,9513,3,\N,\N,\N,\N
604,35275,3,\N,\N,\N,\N
605,30117,3,\N,\N,\N,\N
606,33782,3,\N,\N,\N,\N
607,3357,3,\N,\N,\N,\N
608,14643,3,\N,\N,\N,\N
609,23162,3,\N,\N,\N,\N
610,3017,3,\N,\N,\N,\N
611,8614,3,\N,\N,\N,\N
612,17183,3,\N,\N,\N,\N
613,27291,3,\N,\N,\N,\N
614,13940,3,\N,\N,\N,\N
615,32215,3,\N,\N,\N,\N
616,10685,3,\N,\N,\N,\N
617,12047,3,\N,\N,\N,\N
618,31509,3,\N,\N,\N,\N
619,10562,3,\N,\N,\N,\N
620,14260,3,\N,\N,\N,\N
621,4313,3,\N,\N,\N,\N
622,39153,3,\N,\N,\N,\N
623,8668,3,\N,\N,\N,\N
624,30587,3,\N,\N,\N,\N
625,1864,3,\N,\N,\N,\N
626,27773,3,\N,\N,\N,\N
627,20027,3,\N,\N,\N,\N
628,9540,3,\N,\N,\N,\N
629,2391,3,\N,\N,\N,\N
630,24083,3,\N,\N,\N,\N
631,3260,3,\N,\N,\N,\N
632,21250,3,\N,\N,\N,\N
633,25858,3,\N,\N,\N,\N
634,17868,3,\N,\N,\N,\N
635,18732,3,\N,\N,\N,\N
636,10851,3,\N,\N,\N,\N
637,5447,3,\N,\N,\N,\N
638,38158,3,\N,\N,\N,\N
639,27579,3,\N,\N,\N,\N
640,22156,3,\N,\N,\N,\N
641,12907,3,\N,\N,\N,\N
642,38804,3,\N,\N,\N,\N
643,28226,3,\N,\N,\N,\N
644,22885,3,\N,\N,\N,\N
645,27353,3,\N,\N,\N,\N
646,35189,3,\N,\N,\N,\N
647,22647,3,\N,\N,\N,\N
648,34223,3,\N,\N,\N,\N
649,35292,3,\N,\N,\N,\N
650,34331,3,\N,\N,\N,\N
651,20329,3,\N,\N,\N,\N
652,92,3,\N,\N,\N,\N
653,34983,3,\N,\N,\N,\N
654,25179,3,\N,\N,\N,\N
655,7104,3,\N,\N,\N,\N
656,8959,3,\N,\N,\N,\N
657,39471,3,\N,\N,\N,\N
658,5902,3,\N,\N,\N,\N
659,35395,3,\N,\N,\N,\N
660,10184,3,\N,\N,\N,\N
661,25097,3,\N,\N,\N,\N
662,35116,3,\N,\N,\N,\N
663,14302,3,\N,\N,\N,\N
664,29355,3,\N,\N,\N,\N
665,32081,3,\N,\N,\N,\N
666,34147,3,\N,\N,\N,\N
667,4141,3,\N,\N,\N,\N
668,26174,3,\N,\N,\N,\N
669,1500,3,\N,\N,\N,\N
670,34117,3,\N,\N,\N,\N
671,35944,3,\N,\N,\N,\N
672,20767,3,\N,\N,\N,\N
673,25021,3,\N,\N,\N,\N
674,30151,3,\N,\N,\N,\N
675,12632,3,\N,\N,\N,\N
676,26481,3,\N,\N,\N,\N
677,3726,3,\N,\N,\N,\N
678,34016,3,\N,\N,\N,\N
679,36561,3,\N,\N,\N,\N
680,35304,3,\N,\N,\N,\N
681,14328,3,\N,\N,\N,\N
682,10897,3,\N,\N,\N,\N
683,30828,3,\N,\N,\N,\N
684,16778,3,\N,\N,\N,\N
685,13410,3,\N,\N,\N,\N
686,39514,3,\N,\N,\N,\N
687,38344,3,\N,\N,\N,\N
688,38297,3,\N,\N,\N,\N
689,27736,3,\N,\N,\N,\N
690,25335,3,\N,\N,\N,\N
691,28172,3,\N,\N,\N,\N
692,37296,3,\N,\N,\N,\N
693,19284,3,\N,\N,\N,\N
694,17980,3,\N,\N,\N,\N
695,1581,3,\N,\N,\N,\N
696,21940,3,\N,\N,\N,\N
697,37332,3,\N,\N,\N,\N
698,23084,3,\N,\N,\N,\N
699,19573,3,\N,\N,\N,\N
700,38951,3,\N,\N,\N,\N
701,10108,3,\N,\N,\N,\N
702,5869,3,\N,\N,\N,\N
703,5427,3,\N,\N,\N,\N
704,37944,3,\N,\N,\N,\N
705,19092,3,\N,\N,\N,\N
706,11988,3,\N,\N,\N,\N
707,13776,3,\N,\N,\N,\N
708,25673,3,\N,\N,\N,\N
709,31743,3,\N,\N,\N,\N
710,10366,3,\N,\N,\N,\N
711,20498,3,\N,\N,\N,\N
712,31429,3,\N,\N,\N,\N
713,27318,3,\N,\N,\N,\N
714,36265,3,\N,\N,\N,\N
715,23743,3,\N,\N,\N,\N
716,39499,3,\N,\N,\N,\N
717,17831,3,\N,\N,\N,\N
718,39755,3,\N,\N,\N,\N
719,17375,3,\N,\N,\N,\N
720,24314,3,\N,\N,\N,\N
721,19926,3,\N,\N,\N,\N
722,27065,3,\N,\N,\N,\N
723,154,3,\N,\N,\N,\N
724,27859,3,\N,\N,\N,\N
725,36196,3,\N,\N,\N,\N
726,4676,3,\N,\N,\N,\N
727,2962,3,\N,\N,\N,\N
728,38326,3,\N,\N,\N,\N
729,9094,3,\N,\N,\N,\N
730,36545,3,\N,\N,\N,\N
731,28726,3,\N,\N,\N,\N
732,12206,3,\N,\N,\N,\N
733,34924,3,\N,\N,\N,\N
734,5728,3,\N,\N,\N,\N
735,28304,3,\N,\N,\N,\N
736,21317,3,\N,\N,\N,\N
737,8111,3,\N,\N,\N,\N
738,39602,3,\N,\N,\N,\N
739,33751,3,\N,\N,\N,\N
740,10058,3,\N,\N,\N,\N
741,13588,3,\N,\N,\N,\N
742,9577,3,\N,\N,\N,\N
743,12461,3,\N,\N,\N,\N
744,9176,3,\N,\N,\N,\N
745,36625,3,\N,\N,\N,\N
746,21707,3,\N,\N,\N,\N
747,38803,3,\N,\N,\N,\N
748,13645,3,\N,\N,\N,\N
749,16098,3,\N,\N,\N,\N
750,35436,3,\N,\N,\N,\N
751,28140,3,\N,\N,\N,\N
752,20945,3,\N,\N,\N,\N
753,9998,3,\N,\N,\N,\N
754,7579,3,\N,\N,\N,\N
755,28022,3,\N,\N,\N,\N
756,6767,3,\N,\N,\N,\N
757,20189,3,\N,\N,\N,\N
758,32004,3,\N,\N,\N,\N
759,18306,3,\N,\N,\N,\N
760,10157,3,\N,\N,\N,\N
761,19406,3,\N,\N,\N,\N
762,26718,3,\N,\N,\N,\N
763,12285,3,\N,\N,\N,\N
764,4379,3,\N,\N,\N,\N
765,16769,3,\N,\N,\N,\N
766,23214,3,\N,\N,\N,\N
767,13157,3,\N,\N,\N,\N
768,11214,3,\N,\N,\N,\N
769,39799,3,\N,\N,\N,\N
770,34201,3,\N,\N,\N,\N
771,31555,3,\N,\N,\N,\N
772,3020,3,\N,\N,\N,\N
773,15525,3,\N,\N,\N,\N
774,14018,3,\N,\N,\N,\N
775,24465,3,\N,\N,\N,\N
776,32719,3,\N,\N,\N,\N
777,10137,3,\N,\N,\N,\N
778,29295,3,\N,\N,\N,\N
779,11403,3,\N,\N,\N,\N
780,19727,3,\N,\N,\N,\N
781,37937,3,\N,\N,\N,\N
782,35813,3,\N,\N,\N,\N
783,23020,3,\N,\N,\N,\N
784,36291,3,\N,\N,\N,\N
785,29104,3,\N,\N,\N,\N
786,13684,3,\N,\N,\N,\N
787,24337,3,\N,\N,\N,\N
788,25356,3,\N,\N,\N,\N
789,35414,3,\N,\N,\N,\N
790,2625,3,\N,\N,\N,\N
791,19331,3,\N,\N,\N,\N
792,28048,3,\N,\N,\N,\N
793,7819,3,\N,\N,\N,\N
794,19243,3,\N,\N,\N,\N
795,14241,3,\N,\N,\N,\N
796,22900,3,\N,\N,\N,\N
797,29670,3,\N,\N,\N,\N
798,13322,3,\N,\N,\N,\N
799,3686,3,\N,\N,\N,\N
800,39593,3,\N,\N,\N,\N
801,26203,3,\N,\N,\N,\N
802,28695,3,\N,\N,\N,\N
803,28079,3,\N,\N,\N,\N
804,6563,3,\N,\N,\N,\N
805,7239,3,\N,\N,\N,\N
806,22494,3,\N,\N,\N,\N
807,32820,3,\N,\N,\N,\N
808,10359,3,\N,\N,\N,\N
809,19427,3,\N,\N,\N,\N
810,34871,3,\N,\N,\N,\N
811,23320,3,\N,\N,\N,\N
812,8499,3,\N,\N,\N,\N
813,24748,3,\N,\N,\N,\N
814,26008,3,\N,\N,\N,\N
815,31002,3,\N,\N,\N,\N
816,32973,3,\N,\N,\N,\N
817,5246,3,\N,\N,\N,\N
818,38414,3,\N,\N,\N,\N
819,6191,3,\N,\N,\N,\N
820,1844,3,\N,\N,\N,\N
821,3325,3,\N,\N,\N,\N
822,28691,3,\N,\N,\N,\N
823,26393,3,\N,\N,\N,\N
824,19193,3,\N,\N,\N,\N
825,3561,3,\N,\N,\N,\N
826,14066,3,\N,\N,\N,\N
827,30198,3,\N,\N,\N,\N
828,6262,3,\N,\N,\N,\N
829,29655,3,\N,\N,\N,\N
830,33846,3,\N,\N,\N,\N
831,6699,3,\N,\N,\N,\N
832,37599,3,\N,\N,\N,\N
833,21685,3,\N,\N,\N,\N
834,33825,3,\N,\N,\N,\N
835,10244,3,\N,\N,\N,\N
836,15288,3,\N,\N,\N,\N
837,33774,3,\N,\N,\N,\N
838,18526,3,\N,\N,\N,\N
839,16539,3,\N,\N,\N,\N
840,39020,3,\N,\N,\N,\N
841,10639,3,\N,\N,\N,\N
842,39472,3,\N,\N,\N,\N
843,15412,3,\N,\N,\N,\N
844,14450,3,\N,\N,\N,\N
845,26664,3,\N,\N,\N,\N
846,23671,3,\N,\N,\N,\N
847,16843,3,\N,\N,\N,\N
848,4545,3,\N,\N,\N,\N
849,20644,3,\N,\N,\N,\N
850,10040,3,\N,\N,\N,\N
851,4073,3,\N,\N,\N,\N
852,25696,3,\N,\N,\N,\N
853,2546,3,\N,\N,\N,\N
854,27630,3,\N,\N,\N,\N
855,38197,3,\N,\N,\N,\N
856,2694,3,\N,\N,\N,\N
857,17093,3,\N,\N,\N,\N
858,2727,3,\N,\N,\N,\N
859,17894,3,\N,\N,\N,\N
860,1172,3,\N,\N,\N,\N
861,15492,3,\N,\N,\N,\N
862,35805,3,\N,\N,\N,\N
863,34282,3,\N,\N,\N,\N
864,22096,3,\N,\N,\N,\N
865,39778,3,\N,\N,\N,\N
866,6234,3,\N,\N,\N,\N
867,32764,3,\N,\N,\N,\N
868,20503,3,\N,\N,\N,\N
869,32467,3,\N,\N,\N,\N
870,38648,3,\N,\N,\N,\N
871,13596,3,\N,\N,\N,\N
872,25135,3,\N,\N,\N,\N
873,15040,3,\N,\N,\N,\N
874,15267,3,\N,\N,\N,\N
875,6367,3,\N,\N,\N,\N
876,36429,3,\N,\N,\N,\N
877,518,3,\N,\N,\N,\N
878,225,3,\N,\N,\N,\N
879,39734,3,\N,\N,\N,\N
880,10257,3,\N,\N,\N,\N
881,1634,3,\N,\N,\N,\N
882,7378,3,\N,\N,\N,\N
883,21310,3,\N,\N,\N,\N
884,35036,3,\N,\N,\N,\N
885,32163,3,\N,\N,\N,\N
886,11156,3,\N,\N,\N,\N
887,3128,3,\N,\N,\N,\N
888,5244,3,\N,\N,\N,\N
889,1931,3,\N,\N,\N,\N
890,35817,3,\N,\N,\N,\N
891,6416,3,\N,\N,\N,\N
892,38772,3,\N,\N,\N,\N
893,39895,3,\N,\N,\N,\N
894,1378,3,\N,\N,\N,\N
895,21004,3,\N,\N,\N,\N
896,16764,3,\N,\N,\N,\N
897,38874,3,\N,\N,\N,\N
898,19473,3,\N,\N,\N,\N
899,5090,3,\N,\N,\N,\N
900,22230,3,\N,\N,\N,\N
901,21416,3,\N,\N,\N,\N
902,14378,3,\N,\N,\N,\N
903,39227,3,\N,\N,\N,\N
904,15932,3,\N,\N,\N,\N
905,22769,3,\N,\N,\N,\N
906,5099,3,\N,\N,\N,\N
907,34116,3,\N,\N,\N,\N
908,3766,3,\N,\N,\N,\N
909,38075,3,\N,\N,\N,\N
910,25394,3,\N,\N,\N,\N
911,31114,3,\N,\N,\N,\N
912,21447,3,\N,\N,\N,\N
913,12886,3,\N,\N,\N,\N
914,35150,3,\N,\N,\N,\N
915,32708,3,\N,\N,\N,\N
916,26487,3,\N,\N,\N,\N
917,10905,3,\N,\N,\N,\N
918,13586,3,\N,\N,\N,\N
919,18844,3,\N,\N,\N,\N
920,10191,3,\N,\N,\N,\N
921,12367,3,\N,\N,\N,\N
922,6375,3,\N,\N,\N,\N
923,31427,3,\N,\N,\N,\N
924,10012,3,\N,\N,\N,\N
925,15147,3,\N,\N,\N,\N
926,25411,3,\N,\N,\N,\N
927,11065,3,\N,\N,\N,\N
928,29319,3,\N,\N,\N,\N
929,12219,3,\N,\N,\N,\N
930,24996,3,\N,\N,\N,\N
931,16021,3,\N,\N,\N,\N
932,13601,3,\N,\N,\N,\N
933,10670,3,\N,\N,\N,\N
934,12792,3,\N,\N,\N,\N
935,5501,3,\N,\N,\N,\N
936,12620,3,\N,\N,\N,\N
937,17483,3,\N,\N,\N,\N
938,14565,3,\N,\N,\N,\N
939,33946,3,\N,\N,\N,\N
940,2311,3,\N,\N,\N,\N
941,38485,3,\N,\N,\N,\N
942,21138,3,\N,\N,\N,\N
943,3749,3,\N,\N,\N,\N
944,18162,3,\N,\N,\N,\N
945,35890,3,\N,\N,\N,\N
946,31465,3,\N,\N,\N,\N
947,31944,3,\N,\N,\N,\N
948,26208,3,\N,\N,\N,\N
949,39934,3,\N,\N,\N,\N
950,12054,3,\N,\N,\N,\N
951,18893,3,\N,\N,\N,\N
952,6764,3,\N,\N,\N,\N
953,38950,3,\N,\N,\N,\N
954,14075,3,\N,\N,\N,\N
955,34300,3,\N,\N,\N,\N
956,36959,3,\N,\N,\N,\N
957,20427,3,\N,\N,\N,\N
958,10028,3,\N,\N,\N,\N
959,31780,3,\N,\N,\N,\N
960,5688,3,\N,\N,\N,\N
961,34215,3,\N,\N,\N,\N
962,63,3,\N,\N,\N,\N
963,6344,3,\N,\N,\N,\N
964,8045,3,\N,\N,\N,\N
965,4704,3,\N,\N,\N,\N
966,19812,3,\N,\N,\N,\N
967,10025,3,\N,\N,\N,\N
968,35345,3,\N,\N,\N,\N
969,21340,3,\N,\N,\N,\N
970,36819,3,\N,\N,\N,\N
971,30302,3,\N,\N,\N,\N
972,6447,3,\N,\N,\N,\N
973,20995,3,\N,\N,\N,\N
974,33290,3,\N,\N,\N,\N
975,37524,3,\N,\N,\N,\N
976,29570,3,\N,\N,\N,\N
977,37890,3,\N,\N,\N,\N
978,2457,3,\N,\N,\N,\N
979,25072,3,\N,\N,\N,\N
980,530,3,\N,\N,\N,\N
981,2240,3,\N,\N,\N,\N
982,17439,3,\N,\N,\N,\N
983,39468,3,\N,\N,\N,\N
984,27546,3,\N,\N,\N,\N
985,36110,3,\N,\N,\N,\N
986,22996,3,\N,\N,\N,\N
987,26582,3,\N,\N,\N,\N
988,6450,3,\N,\N,\N,\N
989,26981,3,\N,\N,\N,\N
990,30183,3,\N,\N,\N,\N
991,26027,3,\N,\N,\N,\N
992,20342,3,\N,\N,\N,\N
993,19963,3,\N,\N,\N,\N
994,26549,3,\N,\N,\N,\N
995,5964,3,\N,\N,\N,\N
996,33231,3,\N,\N,\N,\N
997,6503,3,\N,\N,\N,\N
998,4866,3,\N,\N,\N,\N
999,37514,3,\N,\N,\N,\N
1000,5856,3,\N,\N,\N,\N
1001,21835,4,\N,\N,\N,\N
1002,38176,4,\N,\N,\N,\N
1003,14122,4,\N,\N,\N,\N
1004,36488,4,\N,\N,\N,\N
1005,16261,4,\N,\N,\N,\N
1006,35408,4,\N,\N,\N,\N
1007,38303,4,\N,\N,\N,\N
1008,38437,4,\N,\N,\N,\N
1009,5508,4,\N,\N,\N,\N
1010,31395,4,\N,\N,\N,\N
1011,27722,4,\N,\N,\N,\N
1012,5576,4,\N,\N,\N,\N
1013,15983,4,\N,\N,\N,\N
1014,26031,4,\N,\N,\N,\N
1015,22539,4,\N,\N,\N,\N
1016,20455,4,\N,\N,\N,\N
1017,18286,4,\N,\N,\N,\N
1018,4217,4,\N,\N,\N,\N
1019,33882,4,\N,\N,\N,\N
1020,18298,4,\N,\N,\N,\N
1021,2586,4,\N,\N,\N,\N
1022,37809,4,\N,\N,\N,\N
1023,1912,4,\N,\N,\N,\N
1024,37002,4,\N,\N,\N,\N
1025,19752,4,\N,\N,\N,\N
1026,38851,4,\N,\N,\N,\N
1027,17959,4,\N,\N,\N,\N
1028,29953,4,\N,\N,\N,\N
1029,28957,4,\N,\N,\N,\N
1030,30155,4,\N,\N,\N,\N
1031,7108,4,\N,\N,\N,\N
1032,33450,4,\N,\N,\N,\N
1033,13261,4,\N,\N,\N,\N
1034,24704,4,\N,\N,\N,\N
1035,35991,4,\N,\N,\N,\N
1036,33131,4,\N,\N,\N,\N
1037,2380,4,\N,\N,\N,\N
1038,18320,4,\N,\N,\N,\N
1039,5394,4,\N,\N,\N,\N
1040,31327,4,\N,\N,\N,\N
1041,16868,4,\N,\N,\N,\N
1042,19233,4,\N,\N,\N,\N
1043,9004,4,\N,\N,\N,\N
1044,18977,4,\N,\N,\N,\N
1045,10501,4,\N,\N,\N,\N
1046,31405,4,\N,\N,\N,\N
1047,13030,4,\N,\N,\N,\N
1048,32872,4,\N,\N,\N,\N
1049,30631,4,\N,\N,\N,\N
1050,17343,4,\N,\N,\N,\N
1051,17723,4,\N,\N,\N,\N
1052,1899,4,\N,\N,\N,\N
1053,31290,4,\N,\N,\N,\N
1054,15327,4,\N,\N,\N,\N
1055,37880,4,\N,\N,\N,\N
1056,10497,4,\N,\N,\N,\N
1057,29263,4,\N,\N,\N,\N
1058,16914,4,\N,\N,\N,\N
1059,29843,4,\N,\N,\N,\N
1060,39276,4,\N,\N,\N,\N
1061,36475,4,\N,\N,\N,\N
1062,33815,4,\N,\N,\N,\N
1063,28931,4,\N,\N,\N,\N
1064,37546,4,\N,\N,\N,\N
1065,6542,4,\N,\N,\N,\N
1066,25765,4,\N,\N,\N,\N
1067,31115,4,\N,\N,\N,\N
1068,20012,4,\N,\N,\N,\N
1069,8037,4,\N,\N,\N,\N
1070,1073,4,\N,\N,\N,\N
1071,38347,4,\N,\N,\N,\N
1072,11281,4,\N,\N,\N,\N
1073,23568,4,\N,\N,\N,\N
1074,1736,4,\N,\N,\N,\N
1075,28858,4,\N,\N,\N,\N
1076,13234,4,\N,\N,\N,\N
1077,20536,4,\N,\N,\N,\N
1078,20554,4,\N,\N,\N,\N
1079,8117,4,\N,\N,\N,\N
1080,21010,4,\N,\N,\N,\N
1081,18258,4,\N,\N,\N,\N
1082,27542,4,\N,\N,\N,\N
1083,33349,4,\N,\N,\N,\N
1084,5950,4,\N,\N,\N,\N
1085,21061,4,\N,\N,\N,\N
1086,1679,4,\N,\N,\N,\N
1087,37179,4,\N,\N,\N,\N
1088,24603,4,\N,\N,\N,\N
1089,10,4,\N,\N,\N,\N
1090,34805,4,\N,\N,\N,\N
1091,9347,4,\N,\N,\N,\N
1092,19115,4,\N,\N,\N,\N
1093,11821,4,\N,\N,\N,\N
1094,4523,4,\N,\N,\N,\N
1095,29893,4,\N,\N,\N,\N
1096,3476,4,\N,\N,\N,\N
1097,5664,4,\N,\N,\N,\N
1098,532,4,\N,\N,\N,\N
1099,29999,4,\N,\N,\N,\N
1100,16306,4,\N,\N,\N,\N
1101,27366,4,\N,\N,\N,\N
1102,5973,4,\N,\N,\N,\N
1103,28938,4,\N,\N,\N,\N
1104,19470,4,\N,\N,\N,\N
1105,2845,4,\N,\N,\N,\N
1106,17017,4,\N,\N,\N,\N
1107,26939,4,\N,\N,\N,\N
1108,3288,4,\N,\N,\N,\N
1109,20121,4,\N,\N,\N,\N
1110,3931,4,\N,\N,\N,\N
1111,4240,4,\N,\N,\N,\N
1112,39576,4,\N,\N,\N,\N
1113,8281,4,\N,\N,\N,\N
1114,7586,4,\N,\N,\N,\N
1115,1505,4,\N,\N,\N,\N
1116,22536,4,\N,\N,\N,\N
1117,31540,4,\N,\N,\N,\N
1118,9168,4,\N,\N,\N,\N
1119,23776,4,\N,\N,\N,\N
1120,36346,4,\N,\N,\N,\N
1121,13338,4,\N,\N,\N,\N
1122,4840,4,\N,\N,\N,\N
1123,14262,4,\N,\N,\N,\N
1124,38965,4,\N,\N,\N,\N
1125,23069,4,\N,\N,\N,\N
1126,33473,4,\N,\N,\N,\N
1127,5843,4,\N,\N,\N,\N
1128,32791,4,\N,\N,\N,\N
1129,4461,4,\N,\N,\N,\N
1130,22168,4,\N,\N,\N,\N
1131,19319,4,\N,\N,\N,\N
1132,1148,4,\N,\N,\N,\N
1133,29745,4,\N,\N,\N,\N
1134,38565,4,\N,\N,\N,\N
1135,10818,4,\N,\N,\N,\N
1136,22167,4,\N,\N,\N,\N
1137,8318,4,\N,\N,\N,\N
1138,30822,4,\N,\N,\N,\N
1139,3133,4,\N,\N,\N,\N
1140,4476,4,\N,\N,\N,\N
1141,12672,4,\N,\N,\N,\N
1142,26401,4,\N,\N,\N,\N
1143,27086,4,\N,\N,\N,\N
1144,3258,4,\N,\N,\N,\N
1145,7113,4,\N,\N,\N,\N
1146,9843,4,\N,\N,\N,\N
1147,39169,4,\N,\N,\N,\N
1148,6278,4,\N,\N,\N,\N
1149,39328,4,\N,\N,\N,\N
1150,38995,4,\N,\N,\N,\N
1151,24752,4,\N,\N,\N,\N
1152,19170,4,\N,\N,\N,\N
1153,8103,4,\N,\N,\N,\N
1154,7055,4,\N,\N,\N,\N
1155,36197,4,\N,\N,\N,\N
1156,8242,4,\N,\N,\N,\N
1157,39573,4,\N,\N,\N,\N
1158,39804,4,\N,\N,\N,\N
1159,35641,4,\N,\N,\N,\N
1160,30189,4,\N,\N,\N,\N
1161,5256,4,\N,\N,\N,\N
1162,32383,4,\N,\N,\N,\N
1163,38422,4,\N,\N,\N,\N
1164,18411,4,\N,\N,\N,\N
1165,1715,4,\N,\N,\N,\N
1166,24743,4,\N,\N,\N,\N
1167,14313,4,\N,\N,\N,\N
1168,17619,4,\N,\N,\N,\N
1169,3118,4,\N,\N,\N,\N
1170,11075,4,\N,\N,\N,\N
1171,7271,4,\N,\N,\N,\N
1172,3970,4,\N,\N,\N,\N
1173,16524,4,\N,\N,\N,\N
1174,24054,4,\N,\N,\N,\N
1175,3748,4,\N,\N,\N,\N
1176,9510,4,\N,\N,\N,\N
1177,14567,4,\N,\N,\N,\N
1178,20307,4,\N,\N,\N,\N
1179,5355,4,\N,\N,\N,\N
1180,12537,4,\N,\N,\N,\N
1181,25052,4,\N,\N,\N,\N
1182,34105,4,\N,\N,\N,\N
1183,21971,4,\N,\N,\N,\N
1184,7971,4,\N,\N,\N,\N
1185,2045,4,\N,\N,\N,\N
1186,8014,4,\N,\N,\N,\N
1187,16832,4,\N,\N,\N,\N
1188,21291,4,\N,\N,\N,\N
1189,32105,4,\N,\N,\N,\N
1190,24215,4,\N,\N,\N,\N
1191,9250,4,\N,\N,\N,\N
1192,12975,4,\N,\N,\N,\N
1193,3847,4,\N,\N,\N,\N
1194,2606,4,\N,\N,\N,\N
1195,8709,4,\N,\N,\N,\N
1196,14938,4,\N,\N,\N,\N
1197,4998,4,\N,\N,\N,\N
1198,23686,4,\N,\N,\N,\N
1199,6315,4,\N,\N,\N,\N
1200,4433,4,\N,\N,\N,\N
1201,19379,4,\N,\N,\N,\N
1202,35388,4,\N,\N,\N,\N
1203,6024,4,\N,\N,\N,\N
1204,13420,4,\N,\N,\N,\N
1205,7944,4,\N,\N,\N,\N
1206,13301,4,\N,\N,\N,\N
1207,35828,4,\N,\N,\N,\N
1208,30479,4,\N,\N,\N,\N
1209,30249,4,\N,\N,\N,\N
1210,27455,4,\N,\N,\N,\N
1211,14703,4,\N,\N,\N,\N
1212,11303,4,\N,\N,\N,\N
1213,499,4,\N,\N,\N,\N
1214,34761,4,\N,\N,\N,\N
1215,1176,4,\N,\N,\N,\N
1216,39418,4,\N,\N,\N,\N
1217,13180,4,\N,\N,\N,\N
1218,34996,4,\N,\N,\N,\N
1219,15407,4,\N,\N,\N,\N
1220,23666,4,\N,\N,\N,\N
1221,4331,4,\N,\N,\N,\N
1222,13327,4,\N,\N,\N,\N
1223,7252,4,\N,\N,\N,\N
1224,31541,4,\N,\N,\N,\N
1225,20611,4,\N,\N,\N,\N
1226,32099,4,\N,\N,\N,\N
1227,14481,4,\N,\N,\N,\N
1228,22595,4,\N,\N,\N,\N
1229,28956,4,\N,\N,\N,\N
1230,30551,4,\N,\N,\N,\N
1231,9397,4,\N,\N,\N,\N
1232,39568,4,\N,\N,\N,\N
1233,4122,4,\N,\N,\N,\N
1234,28000,4,\N,\N,\N,\N
1235,3114,4,\N,\N,\N,\N
1236,22328,4,\N,\N,\N,\N
1237,24160,4,\N,\N,\N,\N
1238,27584,4,\N,\N,\N,\N
1239,21374,4,\N,\N,\N,\N
1240,6284,4,\N,\N,\N,\N
1241,19392,4,\N,\N,\N,\N
1242,18135,4,\N,\N,\N,\N
1243,29929,4,\N,\N,\N,\N
1244,8529,4,\N,\N,\N,\N
1245,4696,4,\N,\N,\N,\N
1246,37187,4,\N,\N,\N,\N
1247,5110,4,\N,\N,\N,\N
1248,18919,4,\N,\N,\N,\N
1249,16782,4,\N,\N,\N,\N
1250,14394,4,\N,\N,\N,\N
1251,21093,4,\N,\N,\N,\N
1252,3657,4,\N,\N,\N,\N
1253,2237,4,\N,\N,\N,\N
1254,38548,4,\N,\N,\N,\N
1255,4280,4,\N,\N,\N,\N
1256,32382,4,\N,\N,\N,\N
1257,756,4,\N,\N,\N,\N
1258,33403,4,\N,\N,\N,\N
1259,657,4,\N,\N,\N,\N
1260,39248,4,\N,\N,\N,\N
1261,20777,4,\N,\N,\N,\N
1262,5878,4,\N,\N,\N,\N
1263,38568,4,\N,\N,\N,\N
1264,780,4,\N,\N,\N,\N
1265,4505,4,\N,\N,\N,\N
1266,31697,4,\N,\N,\N,\N
1267,12676,4,\N,\N,\N,\N
1268,16846,4,\N,\N,\N,\N
1269,33771,4,\N,\N,\N,\N
1270,36767,4,\N,\N,\N,\N
1271,33777,4,\N,\N,\N,\N
1272,3877,4,\N,\N,\N,\N
1273,26471,4,\N,\N,\N,\N
1274,6353,4,\N,\N,\N,\N
1275,17995,4,\N,\N,\N,\N
1276,27783,4,\N,\N,\N,\N
1277,22597,4,\N,\N,\N,\N
1278,16779,4,\N,\N,\N,\N
1279,35807,4,\N,\N,\N,\N
1280,9966,4,\N,\N,\N,\N
1281,16501,4,\N,\N,\N,\N
1282,4563,4,\N,\N,\N,\N
1283,15026,4,\N,\N,\N,\N
1284,16533,4,\N,\N,\N,\N
1285,22376,4,\N,\N,\N,\N
1286,2645,4,\N,\N,\N,\N
1287,36672,4,\N,\N,\N,\N
1288,22555,4,\N,\N,\N,\N
1289,6113,4,\N,\N,\N,\N
1290,15795,4,\N,\N,\N,\N
1291,13754,4,\N,\N,\N,\N
1292,25292,4,\N,\N,\N,\N
1293,2951,4,\N,\N,\N,\N
1294,9272,4,\N,\N,\N,\N
1295,39680,4,\N,\N,\N,\N
1296,39435,4,\N,\N,\N,\N
1297,31440,4,\N,\N,\N,\N
1298,13997,4,\N,\N,\N,\N
1299,11564,4,\N,\N,\N,\N
1300,13046,4,\N,\N,\N,\N
1301,21059,4,\N,\N,\N,\N
1302,23090,4,\N,\N,\N,\N
1303,2398,4,\N,\N,\N,\N
1304,27013,4,\N,\N,\N,\N
1305,9327,4,\N,\N,\N,\N
1306,13835,4,\N,\N,\N,\N
1307,8857,4,\N,\N,\N,\N
1308,23097,4,\N,\N,\N,\N
1309,35308,4,\N,\N,\N,\N
1310,2465,4,\N,\N,\N,\N
1311,17429,4,\N,\N,\N,\N
1312,13968,4,\N,\N,\N,\N
1313,38169,4,\N,\N,\N,\N
1314,32548,4,\N,\N,\N,\N
1315,22080,4,\N,\N,\N,\N
1316,13955,4,\N,\N,\N,\N
1317,753,4,\N,\N,\N,\N
1318,21338,4,\N,\N,\N,\N
1319,34493,4,\N,\N,\N,\N
1320,33537,4,\N,\N,\N,\N
1321,14960,4,\N,\N,\N,\N
1322,32096,4,\N,\N,\N,\N
1323,26659,4,\N,\N,\N,\N
1324,14939,4,\N,\N,\N,\N
1325,16109,4,\N,\N,\N,\N
1326,11818,4,\N,\N,\N,\N
1327,20820,4,\N,\N,\N,\N
1328,37105,4,\N,\N,\N,\N
1329,30199,4,\N,\N,\N,\N
1330,4914,4,\N,\N,\N,\N
1331,8426,4,\N,\N,\N,\N
1332,24592,4,\N,\N,\N,\N
1333,2088,4,\N,\N,\N,\N
1334,10318,4,\N,\N,\N,\N
1335,25462,4,\N,\N,\N,\N
1336,31515,4,\N,\N,\N,\N
1337,36952,4,\N,\N,\N,\N
1338,38886,4,\N,\N,\N,\N
1339,23226,4,\N,\N,\N,\N
1340,29195,4,\N,\N,\N,\N
1341,36468,4,\N,\N,\N,\N
1342,33784,4,\N,\N,\N,\N
1343,39354,4,\N,\N,\N,\N
1344,36310,4,\N,\N,\N,\N
1345,35197,4,\N,\N,\N,\N
1346,8379,4,\N,\N,\N,\N
1347,9056,4,\N,\N,\N,\N
1348,7512,4,\N,\N,\N,\N
1349,6520,4,\N,\N,\N,\N
1350,37070,4,\N,\N,\N,\N
1351,28471,4,\N,\N,\N,\N
1352,23174,4,\N,\N,\N,\N
1353,10254,4,\N,\N,\N,\N
1354,11199,4,\N,\N,\N,\N
1355,39696,4,\N,\N,\N,\N
1356,17906,4,\N,\N,\N,\N
1357,21121,4,\N,\N,\N,\N
1358,38293,4,\N,\N,\N,\N
1359,24511,4,\N,\N,\N,\N
1360,5612,4,\N,\N,\N,\N
1361,23059,4,\N,\N,\N,\N
1362,17772,4,\N,\N,\N,\N
1363,25129,4,\N,\N,\N,\N
1364,17243,4,\N,\N,\N,\N
1365,38661,4,\N,\N,\N,\N
1366,35693,4,\N,\N,\N,\N
1367,14061,4,\N,\N,\N,\N
1368,12523,4,\N,\N,\N,\N
1369,7489,4,\N,\N,\N,\N
1370,24082,4,\N,\N,\N,\N
1371,23418,4,\N,\N,\N,\N
1372,10630,4,\N,\N,\N,\N
1373,33259,4,\N,\N,\N,\N
1374,2136,4,\N,\N,\N,\N
1375,32918,4,\N,\N,\N,\N
1376,24784,4,\N,\N,\N,\N
1377,4929,4,\N,\N,\N,\N
1378,3403,4,\N,\N,\N,\N
1379,26639,4,\N,\N,\N,\N
1380,28316,4,\N,\N,\N,\N
1381,33174,4,\N,\N,\N,\N
1382,386,4,\N,\N,\N,\N
1383,30588,4,\N,\N,\N,\N
1384,4360,4,\N,\N,\N,\N
1385,12386,4,\N,\N,\N,\N
1386,38384,4,\N,\N,\N,\N
1387,16700,4,\N,\N,\N,\N
1388,13757,4,\N,\N,\N,\N
1389,13539,4,\N,\N,\N,\N
1390,37994,4,\N,\N,\N,\N
1391,39113,4,\N,\N,\N,\N
1392,5212,4,\N,\N,\N,\N
1393,37249,4,\N,\N,\N,\N
1394,14076,4,\N,\N,\N,\N
1395,8108,4,\N,\N,\N,\N
1396,5441,4,\N,\N,\N,\N
1397,686,4,\N,\N,\N,\N
1398,9695,4,\N,\N,\N,\N
1399,752,4,\N,\N,\N,\N
1400,9290,4,\N,\N,\N,\N
1401,11654,4,\N,\N,\N,\N
1402,37112,4,\N,\N,\N,\N
1403,11971,4,\N,\N,\N,\N
1404,28177,4,\N,\N,\N,\N
1405,23706,4,\N,\N,\N,\N
1406,6741,4,\N,\N,\N,\N
1407,32929,4,\N,\N,\N,\N
1408,35018,4,\N,\N,\N,\N
1409,34486,4,\N,\N,\N,\N
1410,9356,4,\N,\N,\N,\N
1411,22641,4,\N,\N,\N,\N
1412,18860,4,\N,\N,\N,\N
1413,29035,4,\N,\N,\N,\N
1414,7756,4,\N,\N,\N,\N
1415,19497,4,\N,\N,\N,\N
1416,5756,4,\N,\N,\N,\N
1417,7233,4,\N,\N,\N,\N
1418,35264,4,\N,\N,\N,\N
1419,37019,4,\N,\N,\N,\N
1420,35097,4,\N,\N,\N,\N
1421,29628,4,\N,\N,\N,\N
1422,37210,4,\N,\N,\N,\N
1423,12931,4,\N,\N,\N,\N
1424,2581,4,\N,\N,\N,\N
1425,7651,4,\N,\N,\N,\N
1426,19113,4,\N,\N,\N,\N
1427,33934,4,\N,\N,\N,\N
1428,32089,4,\N,\N,\N,\N
1429,26657,4,\N,\N,\N,\N
1430,28067,4,\N,\N,\N,\N
1431,30968,4,\N,\N,\N,\N
1432,7983,4,\N,\N,\N,\N
1433,27653,4,\N,\N,\N,\N
1434,29993,4,\N,\N,\N,\N
1435,22652,4,\N,\N,\N,\N
1436,1776,4,\N,\N,\N,\N
1437,35073,4,\N,\N,\N,\N
1438,26783,4,\N,\N,\N,\N
1439,38827,4,\N,\N,\N,\N
1440,14638,4,\N,\N,\N,\N
1441,36107,4,\N,\N,\N,\N
1442,34488,4,\N,\N,\N,\N
1443,35432,4,\N,\N,\N,\N
1444,25865,4,\N,\N,\N,\N
1445,16775,4,\N,\N,\N,\N
1446,29910,4,\N,\N,\N,\N
1447,17944,4,\N,\N,\N,\N
1448,25997,4,\N,\N,\N,\N
1449,5372,4,\N,\N,\N,\N
1450,17580,4,\N,\N,\N,\N
1451,7143,4,\N,\N,\N,\N
1452,21023,4,\N,\N,\N,\N
1453,22966,4,\N,\N,\N,\N
1454,1131,4,\N,\N,\N,\N
1455,20829,4,\N,\N,\N,\N
1456,36700,4,\N,\N,\N,\N
1457,33210,4,\N,\N,\N,\N
1458,16613,4,\N,\N,\N,\N
1459,21961,4,\N,\N,\N,\N
1460,32993,4,\N,\N,\N,\N
1461,18300,4,\N,\N,\N,\N
1462,2051,4,\N,\N,\N,\N
1463,7419,4,\N,\N,\N,\N
1464,6917,4,\N,\N,\N,\N
1465,852,4,\N,\N,\N,\N
1466,30855,4,\N,\N,\N,\N
1467,1985,4,\N,\N,\N,\N
1468,13908,4,\N,\N,\N,\N
1469,37598,4,\N,\N,\N,\N
1470,30504,4,\N,\N,\N,\N
1471,23195,4,\N,\N,\N,\N
1472,7837,4,\N,\N,\N,\N
1473,21160,4,\N,\N,\N,\N
1474,342,4,\N,\N,\N,\N
1475,13191,4,\N,\N,\N,\N
1476,11645,4,\N,\N,\N,\N
1477,34209,4,\N,\N,\N,\N
1478,16731,4,\N,\N,\N,\N
1479,27423,4,\N,\N,\N,\N
1480,2249,4,\N,\N,\N,\N
1481,11922,4,\N,\N,\N,\N
1482,10410,4,\N,\N,\N,\N
1483,20083,4,\N,\N,\N,\N
1484,30633,4,\N,\N,\N,\N
1485,22116,4,\N,\N,\N,\N
1486,20791,4,\N,\N,\N,\N
1487,39317,4,\N,\N,\N,\N
1488,15403,4,\N,\N,\N,\N
1489,34255,4,\N,\N,\N,\N
1490,13653,4,\N,\N,\N,\N
1491,9809,4,\N,\N,\N,\N
1492,30577,4,\N,\N,\N,\N
1493,27265,4,\N,\N,\N,\N
1494,490,4,\N,\N,\N,\N
1495,29180,4,\N,\N,\N,\N
1496,12690,4,\N,\N,\N,\N
1497,33195,4,\N,\N,\N,\N
1498,16028,4,\N,\N,\N,\N
1499,17651,4,\N,\N,\N,\N
1500,21734,4,\N,\N,\N,\N
1501,5839,5,\N,\N,\N,\N
1502,32335,5,\N,\N,\N,\N
1503,38885,5,\N,\N,\N,\N
1504,31142,5,\N,\N,\N,\N
1505,15136,5,\N,\N,\N,\N
1506,4575,5,\N,\N,\N,\N
1507,33460,5,\N,\N,\N,\N
1508,34717,5,\N,\N,\N,\N
1509,20627,5,\N,\N,\N,\N
1510,4342,5,\N,\N,\N,\N
1511,29816,5,\N,\N,\N,\N
1512,37869,5,\N,\N,\N,\N
1513,16805,5,\N,\N,\N,\N
1514,5390,5,\N,\N,\N,\N
1515,7451,5,\N,\N,\N,\N
1516,21252,5,\N,\N,\N,\N
1517,15905,5,\N,\N,\N,\N
1518,37747,5,\N,\N,\N,\N
1519,7818,5,\N,\N,\N,\N
1520,11257,5,\N,\N,\N,\N
1521,10304,5,\N,\N,\N,\N
1522,16250,5,\N,\N,\N,\N
1523,25626,5,\N,\N,\N,\N
1524,7049,5,\N,\N,\N,\N
1525,13499,5,\N,\N,\N,\N
1526,31172,5,\N,\N,\N,\N
1527,22795,5,\N,\N,\N,\N
1528,17661,5,\N,\N,\N,\N
1529,21947,5,\N,\N,\N,\N
1530,38073,5,\N,\N,\N,\N
1531,20160,5,\N,\N,\N,\N
1532,27936,5,\N,\N,\N,\N
1533,17298,5,\N,\N,\N,\N
1534,25521,5,\N,\N,\N,\N
1535,4027,5,\N,\N,\N,\N
1536,23628,5,\N,\N,\N,\N
1537,21488,5,\N,\N,\N,\N
1538,7882,5,\N,\N,\N,\N
1539,36388,5,\N,\N,\N,\N
1540,35838,5,\N,\N,\N,\N
1541,22935,5,\N,\N,\N,\N
1542,9112,5,\N,\N,\N,\N
1543,13760,5,\N,\N,\N,\N
1544,13737,5,\N,\N,\N,\N
1545,30919,5,\N,\N,\N,\N
1546,32283,5,\N,\N,\N,\N
1547,16648,5,\N,\N,\N,\N
1548,12700,5,\N,\N,\N,\N
1549,25945,5,\N,\N,\N,\N
1550,39998,5,\N,\N,\N,\N
1551,18938,5,\N,\N,\N,\N
1552,1352,5,\N,\N,\N,\N
1553,7822,5,\N,\N,\N,\N
1554,9028,5,\N,\N,\N,\N
1555,11948,5,\N,\N,\N,\N
1556,19019,5,\N,\N,\N,\N
1557,36480,5,\N,\N,\N,\N
1558,37248,5,\N,\N,\N,\N
1559,32550,5,\N,\N,\N,\N
1560,18730,5,\N,\N,\N,\N
1561,9948,5,\N,\N,\N,\N
1562,37957,5,\N,\N,\N,\N
1563,23487,5,\N,\N,\N,\N
1564,27716,5,\N,\N,\N,\N
1565,37528,5,\N,\N,\N,\N
1566,16451,5,\N,\N,\N,\N
1567,30798,5,\N,\N,\N,\N
1568,36599,5,\N,\N,\N,\N
1569,1243,5,\N,\N,\N,\N
1570,21717,5,\N,\N,\N,\N
1571,26446,5,\N,\N,\N,\N
1572,19209,5,\N,\N,\N,\N
1573,1160,5,\N,\N,\N,\N
1574,6273,5,\N,\N,\N,\N
1575,31837,5,\N,\N,\N,\N
1576,11996,5,\N,\N,\N,\N
1577,8700,5,\N,\N,\N,\N
1578,17743,5,\N,\N,\N,\N
1579,18179,5,\N,\N,\N,\N
1580,13119,5,\N,\N,\N,\N
1581,6524,5,\N,\N,\N,\N
1582,28925,5,\N,\N,\N,\N
1583,4966,5,\N,\N,\N,\N
1584,20369,5,\N,\N,\N,\N
1585,5623,5,\N,\N,\N,\N
1586,13278,5,\N,\N,\N,\N
1587,7040,5,\N,\N,\N,\N
1588,38499,5,\N,\N,\N,\N
1589,12406,5,\N,\N,\N,\N
1590,39233,5,\N,\N,\N,\N
1591,33750,5,\N,\N,\N,\N
1592,9697,5,\N,\N,\N,\N
1593,21443,5,\N,\N,\N,\N
1594,30068,5,\N,\N,\N,\N
1595,34650,5,\N,\N,\N,\N
1596,12323,5,\N,\N,\N,\N
1597,34844,5,\N,\N,\N,\N
1598,28804,5,\N,\N,\N,\N
1599,31088,5,\N,\N,\N,\N
1600,25943,5,\N,\N,\N,\N
1601,5679,5,\N,\N,\N,\N
1602,6798,5,\N,\N,\N,\N
1603,34210,5,\N,\N,\N,\N
1604,5892,5,\N,\N,\N,\N
1605,33977,5,\N,\N,\N,\N
1606,1096,5,\N,\N,\N,\N
1607,4404,5,\N,\N,\N,\N
1608,3267,5,\N,\N,\N,\N
1609,39123,5,\N,\N,\N,\N
1610,2556,5,\N,\N,\N,\N
1611,17848,5,\N,\N,\N,\N
1612,16036,5,\N,\N,\N,\N
1613,16463,5,\N,\N,\N,\N
1614,1861,5,\N,\N,\N,\N
1615,9448,5,\N,\N,\N,\N
1616,15752,5,\N,\N,\N,\N
1617,14062,5,\N,\N,\N,\N
1618,14477,5,\N,\N,\N,\N
1619,16659,5,\N,\N,\N,\N
1620,30394,5,\N,\N,\N,\N
1621,9321,5,\N,\N,\N,\N
1622,39990,5,\N,\N,\N,\N
1623,19263,5,\N,\N,\N,\N
1624,4278,5,\N,\N,\N,\N
1625,986,5,\N,\N,\N,\N
1626,18880,5,\N,\N,\N,\N
1627,17236,5,\N,\N,\N,\N
1628,12718,5,\N,\N,\N,\N
1629,20303,5,\N,\N,\N,\N
1630,24789,5,\N,\N,\N,\N
1631,24466,5,\N,\N,\N,\N
1632,2850,5,\N,\N,\N,\N
1633,22129,5,\N,\N,\N,\N
1634,32574,5,\N,\N,\N,\N
1635,36647,5,\N,\N,\N,\N
1636,14043,5,\N,\N,\N,\N
1637,31344,5,\N,\N,\N,\N
1638,4988,5,\N,\N,\N,\N
1639,15219,5,\N,\N,\N,\N
1640,19313,5,\N,\N,\N,\N
1641,8578,5,\N,\N,\N,\N
1642,13408,5,\N,\N,\N,\N
1643,37378,5,\N,\N,\N,\N
1644,35250,5,\N,\N,\N,\N
1645,35337,5,\N,\N,\N,\N
1646,6366,5,\N,\N,\N,\N
1647,25915,5,\N,\N,\N,\N
1648,24970,5,\N,\N,\N,\N
1649,17668,5,\N,\N,\N,\N
1650,15495,5,\N,\N,\N,\N
1651,26155,5,\N,\N,\N,\N
1652,24631,5,\N,\N,\N,\N
1653,5202,5,\N,\N,\N,\N
1654,22041,5,\N,\N,\N,\N
1655,38446,5,\N,\N,\N,\N
1656,17470,5,\N,\N,\N,\N
1657,3667,5,\N,\N,\N,\N
1658,23469,5,\N,\N,\N,\N
1659,17555,5,\N,\N,\N,\N
1660,6942,5,\N,\N,\N,\N
1661,14841,5,\N,\N,\N,\N
1662,76,5,\N,\N,\N,\N
1663,27778,5,\N,\N,\N,\N
1664,3928,5,\N,\N,\N,\N
1665,5031,5,\N,\N,\N,\N
1666,1062,5,\N,\N,\N,\N
1667,30766,5,\N,\N,\N,\N
1668,28923,5,\N,\N,\N,\N
1669,4714,5,\N,\N,\N,\N
1670,36081,5,\N,\N,\N,\N
1671,28060,5,\N,\N,\N,\N
1672,35878,5,\N,\N,\N,\N
1673,10158,5,\N,\N,\N,\N
1674,33286,5,\N,\N,\N,\N
1675,178,5,\N,\N,\N,\N
1676,37855,5,\N,\N,\N,\N
1677,1614,5,\N,\N,\N,\N
1678,36699,5,\N,\N,\N,\N
1679,9591,5,\N,\N,\N,\N
1680,34799,5,\N,\N,\N,\N
1681,3909,5,\N,\N,\N,\N
1682,29013,5,\N,\N,\N,\N
1683,11394,5,\N,\N,\N,\N
1684,36136,5,\N,\N,\N,\N
1685,18823,5,\N,\N,\N,\N
1686,5471,5,\N,\N,\N,\N
1687,23114,5,\N,\N,\N,\N
1688,30773,5,\N,\N,\N,\N
1689,32111,5,\N,\N,\N,\N
1690,32144,5,\N,\N,\N,\N
1691,36842,5,\N,\N,\N,\N
1692,36879,5,\N,\N,\N,\N
1693,6136,5,\N,\N,\N,\N
1694,31266,5,\N,\N,\N,\N
1695,39010,5,\N,\N,\N,\N
1696,25102,5,\N,\N,\N,\N
1697,27017,5,\N,\N,\N,\N
1698,28562,5,\N,\N,\N,\N
1699,37335,5,\N,\N,\N,\N
1700,25641,5,\N,\N,\N,\N
1701,27401,5,\N,\N,\N,\N
1702,1282,5,\N,\N,\N,\N
1703,26123,5,\N,\N,\N,\N
1704,22681,5,\N,\N,\N,\N
1705,34477,5,\N,\N,\N,\N
1706,20766,5,\N,\N,\N,\N
1707,23245,5,\N,\N,\N,\N
1708,869,5,\N,\N,\N,\N
1709,24682,5,\N,\N,\N,\N
1710,10458,5,\N,\N,\N,\N
1711,19043,5,\N,\N,\N,\N
1712,17149,5,\N,\N,\N,\N
1713,18368,5,\N,\N,\N,\N
1714,4115,5,\N,\N,\N,\N
1715,10190,5,\N,\N,\N,\N
1716,32373,5,\N,\N,\N,\N
1717,1939,5,\N,\N,\N,\N
1718,25545,5,\N,\N,\N,\N
1719,19075,5,\N,\N,\N,\N
1720,2605,5,\N,\N,\N,\N
1721,24989,5,\N,\N,\N,\N
1722,32935,5,\N,\N,\N,\N
1723,14138,5,\N,\N,\N,\N
1724,15667,5,\N,\N,\N,\N
1725,10076,5,\N,\N,\N,\N
1726,31226,5,\N,\N,\N,\N
1727,33120,5,\N,\N,\N,\N
1728,27231,5,\N,\N,\N,\N
1729,3956,5,\N,\N,\N,\N
1730,28873,5,\N,\N,\N,\N
1731,12691,5,\N,\N,\N,\N
1732,31762,5,\N,\N,\N,\N
1733,21575,5,\N,\N,\N,\N
1734,8997,5,\N,\N,\N,\N
1735,8064,5,\N,\N,\N,\N
1736,16865,5,\N,\N,\N,\N
1737,19817,5,\N,\N,\N,\N
1738,11449,5,\N,\N,\N,\N
1739,23109,5,\N,\N,\N,\N
1740,10675,5,\N,\N,\N,\N
1741,34535,5,\N,\N,\N,\N
1742,29340,5,\N,\N,\N,\N
1743,3801,5,\N,\N,\N,\N
1744,21245,5,\N,\N,\N,\N
1745,2222,5,\N,\N,\N,\N
1746,14254,5,\N,\N,\N,\N
1747,25786,5,\N,\N,\N,\N
1748,11999,5,\N,\N,\N,\N
1749,5707,5,\N,\N,\N,\N
1750,37822,5,\N,\N,\N,\N
1751,10744,5,\N,\N,\N,\N
1752,14568,5,\N,\N,\N,\N
1753,5192,5,\N,\N,\N,\N
1754,21847,5,\N,\N,\N,\N
1755,23909,5,\N,\N,\N,\N
1756,537,5,\N,\N,\N,\N
1757,8280,5,\N,\N,\N,\N
1758,20457,5,\N,\N,\N,\N
1759,12510,5,\N,\N,\N,\N
1760,27948,5,\N,\N,\N,\N
1761,17972,5,\N,\N,\N,\N
1762,34454,5,\N,\N,\N,\N
1763,647,5,\N,\N,\N,\N
1764,10871,5,\N,\N,\N,\N
1765,24846,5,\N,\N,\N,\N
1766,36547,5,\N,\N,\N,\N
1767,35893,5,\N,\N,\N,\N
1768,18277,5,\N,\N,\N,\N
1769,31905,5,\N,\N,\N,\N
1770,32684,5,\N,\N,\N,\N
1771,7134,5,\N,\N,\N,\N
1772,26841,5,\N,\N,\N,\N
1773,886,5,\N,\N,\N,\N
1774,18748,5,\N,\N,\N,\N
1775,11933,5,\N,\N,\N,\N
1776,19891,5,\N,\N,\N,\N
1777,9837,5,\N,\N,\N,\N
1778,15233,5,\N,\N,\N,\N
1779,35995,5,\N,\N,\N,\N
1780,8169,5,\N,\N,\N,\N
1781,7418,5,\N,\N,\N,\N
1782,8710,5,\N,\N,\N,\N
1783,14761,5,\N,\N,\N,\N
1784,38111,5,\N,\N,\N,\N
1785,28005,5,\N,\N,\N,\N
1786,30204,5,\N,\N,\N,\N
1787,30321,5,\N,\N,\N,\N
1788,27699,5,\N,\N,\N,\N
1789,35147,5,\N,\N,\N,\N
1790,36121,5,\N,\N,\N,\N
1791,19311,5,\N,\N,\N,\N
1792,17910,5,\N,\N,\N,\N
1793,35310,5,\N,\N,\N,\N
1794,16963,5,\N,\N,\N,\N
1795,36789,5,\N,\N,\N,\N
1796,1821,5,\N,\N,\N,\N
1797,10605,5,\N,\N,\N,\N
1798,22895,5,\N,\N,\N,\N
1799,22138,5,\N,\N,\N,\N
1800,24003,5,\N,\N,\N,\N
1801,5938,5,\N,\N,\N,\N
1802,6335,5,\N,\N,\N,\N
1803,15656,5,\N,\N,\N,\N
1804,12570,5,\N,\N,\N,\N
1805,20716,5,\N,\N,\N,\N
1806,5239,5,\N,\N,\N,\N
1807,32250,5,\N,\N,\N,\N
1808,8982,5,\N,\N,\N,\N
1809,20763,5,\N,\N,\N,\N
1810,11594,5,\N,\N,\N,\N
1811,36716,5,\N,\N,\N,\N
1812,37133,5,\N,\N,\N,\N
1813,4920,5,\N,\N,\N,\N
1814,32952,5,\N,\N,\N,\N
1815,8522,5,\N,\N,\N,\N
1816,5545,5,\N,\N,\N,\N
1817,7364,5,\N,\N,\N,\N
1818,23659,5,\N,\N,\N,\N
1819,1708,5,\N,\N,\N,\N
1820,8892,5,\N,\N,\N,\N
1821,24347,5,\N,\N,\N,\N
1822,28532,5,\N,\N,\N,\N
1823,21119,5,\N,\N,\N,\N
1824,36895,5,\N,\N,\N,\N
1825,36223,5,\N,\N,\N,\N
1826,184,5,\N,\N,\N,\N
1827,33453,5,\N,\N,\N,\N
1828,488,5,\N,\N,\N,\N
1829,12064,5,\N,\N,\N,\N
1830,21936,5,\N,\N,\N,\N
1831,13416,5,\N,\N,\N,\N
1832,2876,5,\N,\N,\N,\N
1833,20707,5,\N,\N,\N,\N
1834,18255,5,\N,\N,\N,\N
1835,27522,5,\N,\N,\N,\N
1836,20673,5,\N,\N,\N,\N
1837,33604,5,\N,\N,\N,\N
1838,15806,5,\N,\N,\N,\N
1839,6189,5,\N,\N,\N,\N
1840,26631,5,\N,\N,\N,\N
1841,34357,5,\N,\N,\N,\N
1842,13717,5,\N,\N,\N,\N
1843,16588,5,\N,\N,\N,\N
1844,7219,5,\N,\N,\N,\N
1845,7540,5,\N,\N,\N,\N
1846,12414,5,\N,\N,\N,\N
1847,27305,5,\N,\N,\N,\N
1848,11857,5,\N,\N,\N,\N
1849,3078,5,\N,\N,\N,\N
1850,6297,5,\N,\N,\N,\N
1851,22956,5,\N,\N,\N,\N
1852,23008,5,\N,\N,\N,\N
1853,18455,5,\N,\N,\N,\N
1854,34510,5,\N,\N,\N,\N
1855,33627,5,\N,\N,\N,\N
1856,14009,5,\N,\N,\N,\N
1857,7804,5,\N,\N,\N,\N
1858,44,5,\N,\N,\N,\N
1859,18374,5,\N,\N,\N,\N
1860,136,5,\N,\N,\N,\N
1861,4337,5,\N,\N,\N,\N
1862,12669,5,\N,\N,\N,\N
1863,32021,5,\N,\N,\N,\N
1864,35258,5,\N,\N,\N,\N
1865,31187,5,\N,\N,\N,\N
1866,3436,5,\N,\N,\N,\N
1867,36685,5,\N,\N,\N,\N
1868,36086,5,\N,\N,\N,\N
1869,33258,5,\N,\N,\N,\N
1870,39642,5,\N,\N,\N,\N
1871,3098,5,\N,\N,\N,\N
1872,10712,5,\N,\N,\N,\N
1873,19975,5,\N,\N,\N,\N
1874,8230,5,\N,\N,\N,\N
1875,11744,5,\N,\N,\N,\N
1876,35603,5,\N,\N,\N,\N
1877,38234,5,\N,\N,\N,\N
1878,36343,5,\N,\N,\N,\N
1879,33327,5,\N,\N,\N,\N
1880,524,5,\N,\N,\N,\N
1881,36535,5,\N,\N,\N,\N
1882,20262,5,\N,\N,\N,\N
1883,25428,5,\N,\N,\N,\N
1884,11455,5,\N,\N,\N,\N
1885,18924,5,\N,\N,\N,\N
1886,2353,5,\N,\N,\N,\N
1887,16479,5,\N,\N,\N,\N
1888,9745,5,\N,\N,\N,\N
1889,3661,5,\N,\N,\N,\N
1890,4577,5,\N,\N,\N,\N
1891,30003,5,\N,\N,\N,\N
1892,934,5,\N,\N,\N,\N
1893,18548,5,\N,\N,\N,\N
1894,37096,5,\N,\N,\N,\N
1895,17315,5,\N,\N,\N,\N
1896,5602,5,\N,\N,\N,\N
1897,39296,5,\N,\N,\N,\N
1898,9235,5,\N,\N,\N,\N
1899,20744,5,\N,\N,\N,\N
1900,7479,5,\N,\N,\N,\N
1901,35407,5,\N,\N,\N,\N
1902,26154,5,\N,\N,\N,\N
1903,37856,5,\N,\N,\N,\N
1904,3422,5,\N,\N,\N,\N
1905,10765,5,\N,\N,\N,\N
1906,37857,5,\N,\N,\N,\N
1907,38455,5,\N,\N,\N,\N
1908,12459,5,\N,\N,\N,\N
1909,20232,5,\N,\N,\N,\N
1910,20581,5,\N,\N,\N,\N
1911,22904,5,\N,\N,\N,\N
1912,6817,5,\N,\N,\N,\N
1913,512,5,\N,\N,\N,\N
1914,38467,5,\N,\N,\N,\N
1915,12299,5,\N,\N,\N,\N
1916,26080,5,\N,\N,\N,\N
1917,2251,5,\N,\N,\N,\N
1918,34903,5,\N,\N,\N,\N
1919,29471,5,\N,\N,\N,\N
1920,15566,5,\N,\N,\N,\N
1921,21769,5,\N,\N,\N,\N
1922,29354,5,\N,\N,\N,\N
1923,26207,5,\N,\N,\N,\N
1924,11755,5,\N,\N,\N,\N
1925,23957,5,\N,\N,\N,\N
1926,8696,5,\N,\N,\N,\N
1927,2007,5,\N,\N,\N,\N
1928,3019,5,\N,\N,\N,\N
1929,35533,5,\N,\N,\N,\N
1930,10985,5,\N,\N,\N,\N
1931,36990,5,\N,\N,\N,\N
1932,4447,5,\N,\N,\N,\N
1933,38798,5,\N,\N,\N,\N
1934,832,5,\N,\N,\N,\N
1935,14581,5,\N,\N,\N,\N
1936,1396,5,\N,\N,\N,\N
1937,9999,5,\N,\N,\N,\N
1938,24897,5,\N,\N,\N,\N
1939,20233,5,\N,\N,\N,\N
1940,35145,5,\N,\N,\N,\N
1941,39597,5,\N,\N,\N,\N
1942,6006,5,\N,\N,\N,\N
1943,37145,5,\N,\N,\N,\N
1944,15826,5,\N,\N,\N,\N
1945,22580,5,\N,\N,\N,\N
1946,24563,5,\N,\N,\N,\N
1947,15019,5,\N,\N,\N,\N
1948,25774,5,\N,\N,\N,\N
1949,7323,5,\N,\N,\N,\N
1950,37881,5,\N,\N,\N,\N
1951,17558,5,\N,\N,\N,\N
1952,24602,5,\N,\N,\N,\N
1953,16803,5,\N,\N,\N,\N
1954,30432,5,\N,\N,\N,\N
1955,30427,5,\N,\N,\N,\N
1956,10708,5,\N,\N,\N,\N
1957,18257,5,\N,\N,\N,\N
1958,5803,5,\N,\N,\N,\N
1959,17077,5,\N,\N,\N,\N
1960,17706,5,\N,\N,\N,\N
1961,29059,5,\N,\N,\N,\N
1962,12927,5,\N,\N,\N,\N
1963,1393,5,\N,\N,\N,\N
1964,5242,5,\N,\N,\N,\N
1965,25860,5,\N,\N,\N,\N
1966,29083,5,\N,\N,\N,\N
1967,29118,5,\N,\N,\N,\N
1968,25430,5,\N,\N,\N,\N
1969,29610,5,\N,\N,\N,\N
1970,13098,5,\N,\N,\N,\N
1971,363,5,\N,\N,\N,\N
1972,30134,5,\N,\N,\N,\N
1973,22930,5,\N,\N,\N,\N
1974,23714,5,\N,\N,\N,\N
1975,1009,5,\N,\N,\N,\N
1976,36874,5,\N,\N,\N,\N
1977,38608,5,\N,\N,\N,\N
1978,12123,5,\N,\N,\N,\N
1979,31273,5,\N,\N,\N,\N
1980,27505,5,\N,\N,\N,\N
1981,37631,5,\N,\N,\N,\N
1982,23728,5,\N,\N,\N,\N
1983,34093,5,\N,\N,\N,\N
1984,13959,5,\N,\N,\N,\N
1985,14215,5,\N,\N,\N,\N
1986,10787,5,\N,\N,\N,\N
1987,13725,5,\N,\N,\N,\N
1988,23756,5,\N,\N,\N,\N
1989,9158,5,\N,\N,\N,\N
1990,27340,5,\N,\N,\N,\N
1991,28222,5,\N,\N,\N,\N
1992,30929,5,\N,\N,\N,\N
1993,10575,5,\N,\N,\N,\N
1994,12956,5,\N,\N,\N,\N
1995,32320,5,\N,\N,\N,\N
1996,11791,5,\N,\N,\N,\N
1997,11318,5,\N,\N,\N,\N
1998,36544,5,\N,\N,\N,\N
1999,7382,5,\N,\N,\N,\N
2000,27749,5,\N,\N,\N,\N
2001,26212,7,\N,\N,\N,\N
2002,21658,7,\N,\N,\N,\N
2003,25902,7,\N,\N,\N,\N
2004,35596,7,\N,\N,\N,\N
2005,24389,7,\N,\N,\N,\N
2006,6635,7,\N,\N,\N,\N
2007,28790,7,\N,\N,\N,\N
2008,29127,7,\N,\N,\N,\N
2009,5674,7,\N,\N,\N,\N
2010,16873,7,\N,\N,\N,\N
2011,25366,7,\N,\N,\N,\N
2012,28534,7,\N,\N,\N,\N
2013,19004,7,\N,\N,\N,\N
2014,616,7,\N,\N,\N,\N
2015,33487,7,\N,\N,\N,\N
2016,19332,7,\N,\N,\N,\N
2017,27540,7,\N,\N,\N,\N
2018,312,7,\N,\N,\N,\N
2019,4367,7,\N,\N,\N,\N
2020,11368,7,\N,\N,\N,\N
2021,2000,7,\N,\N,\N,\N
2022,39512,7,\N,\N,\N,\N
2023,27689,7,\N,\N,\N,\N
2024,29185,7,\N,\N,\N,\N
2025,18905,7,\N,\N,\N,\N
2026,68,7,\N,\N,\N,\N
2027,7431,7,\N,\N,\N,\N
2028,4832,7,\N,\N,\N,\N
2029,16038,7,\N,\N,\N,\N
2030,6460,7,\N,\N,\N,\N
2031,33141,7,\N,\N,\N,\N
2032,6274,7,\N,\N,\N,\N
2033,27862,7,\N,\N,\N,\N
2034,35815,7,\N,\N,\N,\N
2035,31323,7,\N,\N,\N,\N
2036,28531,7,\N,\N,\N,\N
2037,33759,7,\N,\N,\N,\N
2038,12209,7,\N,\N,\N,\N
2039,5125,7,\N,\N,\N,\N
2040,34314,7,\N,\N,\N,\N
2041,9369,7,\N,\N,\N,\N
2042,14094,7,\N,\N,\N,\N
2043,28210,7,\N,\N,\N,\N
2044,33391,7,\N,\N,\N,\N
2045,15958,7,\N,\N,\N,\N
2046,2304,7,\N,\N,\N,\N
2047,31011,7,\N,\N,\N,\N
2048,16412,7,\N,\N,\N,\N
2049,39476,7,\N,\N,\N,\N
2050,7929,7,\N,\N,\N,\N
2051,27474,7,\N,\N,\N,\N
2052,22854,7,\N,\N,\N,\N
2053,39038,7,\N,\N,\N,\N
2054,10509,7,\N,\N,\N,\N
2055,27466,7,\N,\N,\N,\N
2056,32399,7,\N,\N,\N,\N
2057,14642,7,\N,\N,\N,\N
2058,8539,7,\N,\N,\N,\N
2059,30774,7,\N,\N,\N,\N
2060,32890,7,\N,\N,\N,\N
2061,14930,7,\N,\N,\N,\N
2062,19124,7,\N,\N,\N,\N
2063,6137,7,\N,\N,\N,\N
2064,9404,7,\N,\N,\N,\N
2065,3438,7,\N,\N,\N,\N
2066,29252,7,\N,\N,\N,\N
2067,31030,7,\N,\N,\N,\N
2068,25514,7,\N,\N,\N,\N
2069,20817,7,\N,\N,\N,\N
2070,27992,7,\N,\N,\N,\N
2071,5651,7,\N,\N,\N,\N
2072,28296,7,\N,\N,\N,\N
2073,31687,7,\N,\N,\N,\N
2074,37721,7,\N,\N,\N,\N
2075,13920,7,\N,\N,\N,\N
2076,20494,7,\N,\N,\N,\N
2077,565,7,\N,\N,\N,\N
2078,29604,7,\N,\N,\N,\N
2079,32801,7,\N,\N,\N,\N
2080,2584,7,\N,\N,\N,\N
2081,37345,7,\N,\N,\N,\N
2082,24536,7,\N,\N,\N,\N
2083,3699,7,\N,\N,\N,\N
2084,6593,7,\N,\N,\N,\N
2085,12218,7,\N,\N,\N,\N
2086,38348,7,\N,\N,\N,\N
2087,20128,7,\N,\N,\N,\N
2088,28547,7,\N,\N,\N,\N
2089,9980,7,\N,\N,\N,\N
2090,16265,7,\N,\N,\N,\N
2091,20749,7,\N,\N,\N,\N
2092,139,7,\N,\N,\N,\N
2093,33001,7,\N,\N,\N,\N
2094,26389,7,\N,\N,\N,\N
2095,17232,7,\N,\N,\N,\N
2096,29163,7,\N,\N,\N,\N
2097,23553,7,\N,\N,\N,\N
2098,14192,7,\N,\N,\N,\N
2099,38430,7,\N,\N,\N,\N
2100,28541,7,\N,\N,\N,\N
2101,24716,7,\N,\N,\N,\N
2102,37262,7,\N,\N,\N,\N
2103,26370,7,\N,\N,\N,\N
2104,5569,7,\N,\N,\N,\N
2105,29157,7,\N,\N,\N,\N
2106,21737,7,\N,\N,\N,\N
2107,23307,7,\N,\N,\N,\N
2108,35220,7,\N,\N,\N,\N
2109,14487,7,\N,\N,\N,\N
2110,37094,7,\N,\N,\N,\N
2111,23212,7,\N,\N,\N,\N
2112,20032,7,\N,\N,\N,\N
2113,33619,7,\N,\N,\N,\N
2114,36300,7,\N,\N,\N,\N
2115,21804,7,\N,\N,\N,\N
2116,33675,7,\N,\N,\N,\N
2117,28040,7,\N,\N,\N,\N
2118,34821,7,\N,\N,\N,\N
2119,4680,7,\N,\N,\N,\N
2120,17900,7,\N,\N,\N,\N
2121,38794,7,\N,\N,\N,\N
2122,20988,7,\N,\N,\N,\N
2123,30580,7,\N,\N,\N,\N
2124,8204,7,\N,\N,\N,\N
2125,23617,7,\N,\N,\N,\N
2126,18959,7,\N,\N,\N,\N
2127,38007,7,\N,\N,\N,\N
2128,30258,7,\N,\N,\N,\N
2129,31416,7,\N,\N,\N,\N
2130,17885,7,\N,\N,\N,\N
2131,990,7,\N,\N,\N,\N
2132,22437,7,\N,\N,\N,\N
2133,4383,7,\N,\N,\N,\N
2134,36499,7,\N,\N,\N,\N
2135,26912,7,\N,\N,\N,\N
2136,30360,7,\N,\N,\N,\N
2137,15991,7,\N,\N,\N,\N
2138,26850,7,\N,\N,\N,\N
2139,18283,7,\N,\N,\N,\N
2140,26306,7,\N,\N,\N,\N
2141,30768,7,\N,\N,\N,\N
2142,28050,7,\N,\N,\N,\N
2143,2335,7,\N,\N,\N,\N
2144,15911,7,\N,\N,\N,\N
2145,19893,7,\N,\N,\N,\N
2146,32817,7,\N,\N,\N,\N
2147,16746,7,\N,\N,\N,\N
2148,38961,7,\N,\N,\N,\N
2149,5840,7,\N,\N,\N,\N
2150,18234,7,\N,\N,\N,\N
2151,7620,7,\N,\N,\N,\N
2152,2658,7,\N,\N,\N,\N
2153,15148,7,\N,\N,\N,\N
2154,26513,7,\N,\N,\N,\N
2155,23458,7,\N,\N,\N,\N
2156,38844,7,\N,\N,\N,\N
2157,2597,7,\N,\N,\N,\N
2158,9821,7,\N,\N,\N,\N
2159,7898,7,\N,\N,\N,\N
2160,15708,7,\N,\N,\N,\N
2161,29734,7,\N,\N,\N,\N
2162,30457,7,\N,\N,\N,\N
2163,28920,7,\N,\N,\N,\N
2164,26772,7,\N,\N,\N,\N
2165,34481,7,\N,\N,\N,\N
2166,23657,7,\N,\N,\N,\N
2167,28054,7,\N,\N,\N,\N
2168,37677,7,\N,\N,\N,\N
2169,28042,7,\N,\N,\N,\N
2170,24607,7,\N,\N,\N,\N
2171,37390,7,\N,\N,\N,\N
2172,10256,7,\N,\N,\N,\N
2173,10555,7,\N,\N,\N,\N
2174,4373,7,\N,\N,\N,\N
2175,8322,7,\N,\N,\N,\N
2176,23122,7,\N,\N,\N,\N
2177,36156,7,\N,\N,\N,\N
2178,13149,7,\N,\N,\N,\N
2179,4836,7,\N,\N,\N,\N
2180,22541,7,\N,\N,\N,\N
2181,19009,7,\N,\N,\N,\N
2182,35882,7,\N,\N,\N,\N
2183,3644,7,\N,\N,\N,\N
2184,11777,7,\N,\N,\N,\N
2185,13644,7,\N,\N,\N,\N
2186,8228,7,\N,\N,\N,\N
2187,36717,7,\N,\N,\N,\N
2188,36688,7,\N,\N,\N,\N
2189,36596,7,\N,\N,\N,\N
2190,39624,7,\N,\N,\N,\N
2191,37,7,\N,\N,\N,\N
2192,19041,7,\N,\N,\N,\N
2193,13441,7,\N,\N,\N,\N
2194,28777,7,\N,\N,\N,\N
2195,15004,7,\N,\N,\N,\N
2196,3399,7,\N,\N,\N,\N
2197,28669,7,\N,\N,\N,\N
2198,966,7,\N,\N,\N,\N
2199,23696,7,\N,\N,\N,\N
2200,6935,7,\N,\N,\N,\N
2201,37279,7,\N,\N,\N,\N
2202,12137,7,\N,\N,\N,\N
2203,18483,7,\N,\N,\N,\N
2204,15049,7,\N,\N,\N,\N
2205,35273,7,\N,\N,\N,\N
2206,39966,7,\N,\N,\N,\N
2207,3286,7,\N,\N,\N,\N
2208,15748,7,\N,\N,\N,\N
2209,5967,7,\N,\N,\N,\N
2210,10172,7,\N,\N,\N,\N
2211,38761,7,\N,\N,\N,\N
2212,550,7,\N,\N,\N,\N
2213,23028,7,\N,\N,\N,\N
2214,4890,7,\N,\N,\N,\N
2215,24264,7,\N,\N,\N,\N
2216,7424,7,\N,\N,\N,\N
2217,29942,7,\N,\N,\N,\N
2218,19058,7,\N,\N,\N,\N
2219,15807,7,\N,\N,\N,\N
2220,17164,7,\N,\N,\N,\N
2221,25148,7,\N,\N,\N,\N
2222,4534,7,\N,\N,\N,\N
2223,20824,7,\N,\N,\N,\N
2224,8796,7,\N,\N,\N,\N
2225,6337,7,\N,\N,\N,\N
2226,23817,7,\N,\N,\N,\N
2227,33932,7,\N,\N,\N,\N
2228,9417,7,\N,\N,\N,\N
2229,31303,7,\N,\N,\N,\N
2230,15003,7,\N,\N,\N,\N
2231,27260,7,\N,\N,\N,\N
2232,27115,7,\N,\N,\N,\N
2233,39925,7,\N,\N,\N,\N
2234,27645,7,\N,\N,\N,\N
2235,2077,7,\N,\N,\N,\N
2236,9847,7,\N,\N,\N,\N
2237,37205,7,\N,\N,\N,\N
2238,4702,7,\N,\N,\N,\N
2239,1021,7,\N,\N,\N,\N
2240,21007,7,\N,\N,\N,\N
2241,10549,7,\N,\N,\N,\N
2242,24500,7,\N,\N,\N,\N
2243,30007,7,\N,\N,\N,\N
2244,10655,7,\N,\N,\N,\N
2245,8842,7,\N,\N,\N,\N
2246,33685,7,\N,\N,\N,\N
2247,27596,7,\N,\N,\N,\N
2248,11154,7,\N,\N,\N,\N
2249,13037,7,\N,\N,\N,\N
2250,39585,7,\N,\N,\N,\N
2251,5770,7,\N,\N,\N,\N
2252,13175,7,\N,\N,\N,\N
2253,35467,7,\N,\N,\N,\N
2254,8373,7,\N,\N,\N,\N
2255,37516,7,\N,\N,\N,\N
2256,36364,7,\N,\N,\N,\N
2257,23595,7,\N,\N,\N,\N
2258,6100,7,\N,\N,\N,\N
2259,11353,7,\N,\N,\N,\N
2260,1466,7,\N,\N,\N,\N
2261,13057,7,\N,\N,\N,\N
2262,6223,7,\N,\N,\N,\N
2263,25662,7,\N,\N,\N,\N
2264,28270,7,\N,\N,\N,\N
2265,6931,7,\N,\N,\N,\N
2266,18910,7,\N,\N,\N,\N
2267,31399,7,\N,\N,\N,\N
2268,19857,7,\N,\N,\N,\N
2269,10271,7,\N,\N,\N,\N
2270,21198,7,\N,\N,\N,\N
2271,37569,7,\N,\N,\N,\N
2272,12038,7,\N,\N,\N,\N
2273,10265,7,\N,\N,\N,\N
2274,32701,7,\N,\N,\N,\N
2275,32011,7,\N,\N,\N,\N
2276,36084,7,\N,\N,\N,\N
2277,6501,7,\N,\N,\N,\N
2278,39278,7,\N,\N,\N,\N
2279,25827,7,\N,\N,\N,\N
2280,13020,7,\N,\N,\N,\N
2281,32869,7,\N,\N,\N,\N
2282,8275,7,\N,\N,\N,\N
2283,27411,7,\N,\N,\N,\N
2284,28182,7,\N,\N,\N,\N
2285,14623,7,\N,\N,\N,\N
2286,1904,7,\N,\N,\N,\N
2287,33036,7,\N,\N,\N,\N
2288,27551,7,\N,\N,\N,\N
2289,11569,7,\N,\N,\N,\N
2290,37225,7,\N,\N,\N,\N
2291,25505,7,\N,\N,\N,\N
2292,37492,7,\N,\N,\N,\N
2293,8146,7,\N,\N,\N,\N
2294,18367,7,\N,\N,\N,\N
2295,5633,7,\N,\N,\N,\N
2296,25153,7,\N,\N,\N,\N
2297,8199,7,\N,\N,\N,\N
2298,10673,7,\N,\N,\N,\N
2299,21566,7,\N,\N,\N,\N
2300,35841,7,\N,\N,\N,\N
2301,24557,7,\N,\N,\N,\N
2302,24307,7,\N,\N,\N,\N
2303,27566,7,\N,\N,\N,\N
2304,685,7,\N,\N,\N,\N
2305,18080,7,\N,\N,\N,\N
2306,36585,7,\N,\N,\N,\N
2307,21638,7,\N,\N,\N,\N
2308,15820,7,\N,\N,\N,\N
2309,23502,7,\N,\N,\N,\N
2310,13734,7,\N,\N,\N,\N
2311,25742,7,\N,\N,\N,\N
2312,31559,7,\N,\N,\N,\N
2313,23898,7,\N,\N,\N,\N
2314,29992,7,\N,\N,\N,\N
2315,34733,7,\N,\N,\N,\N
2316,33571,7,\N,\N,\N,\N
2317,21451,7,\N,\N,\N,\N
2318,29260,7,\N,\N,\N,\N
2319,32676,7,\N,\N,\N,\N
2320,27860,7,\N,\N,\N,\N
2321,31223,7,\N,\N,\N,\N
2322,2986,7,\N,\N,\N,\N
2323,19734,7,\N,\N,\N,\N
2324,3896,7,\N,\N,\N,\N
2325,35743,7,\N,\N,\N,\N
2326,19054,7,\N,\N,\N,\N
2327,11235,7,\N,\N,\N,\N
2328,8752,7,\N,\N,\N,\N
2329,15715,7,\N,\N,\N,\N
2330,28933,7,\N,\N,\N,\N
2331,23265,7,\N,\N,\N,\N
2332,25534,7,\N,\N,\N,\N
2333,5003,7,\N,\N,\N,\N
2334,37093,7,\N,\N,\N,\N
2335,17178,7,\N,\N,\N,\N
2336,28183,7,\N,\N,\N,\N
2337,2811,7,\N,\N,\N,\N
2338,28945,7,\N,\N,\N,\N
2339,34778,7,\N,\N,\N,\N
2340,18310,7,\N,\N,\N,\N
2341,31168,7,\N,\N,\N,\N
2342,16946,7,\N,\N,\N,\N
2343,34397,7,\N,\N,\N,\N
2344,25883,7,\N,\N,\N,\N
2345,25161,7,\N,\N,\N,\N
2346,5626,7,\N,\N,\N,\N
2347,11070,7,\N,\N,\N,\N
2348,29061,7,\N,\N,\N,\N
2349,4134,7,\N,\N,\N,\N
2350,5020,7,\N,\N,\N,\N
2351,22734,7,\N,\N,\N,\N
2352,4261,7,\N,\N,\N,\N
2353,28526,7,\N,\N,\N,\N
2354,22532,7,\N,\N,\N,\N
2355,5398,7,\N,\N,\N,\N
2356,27412,7,\N,\N,\N,\N
2357,37014,7,\N,\N,\N,\N
2358,27054,7,\N,\N,\N,\N
2359,3282,7,\N,\N,\N,\N
2360,6950,7,\N,\N,\N,\N
2361,31505,7,\N,\N,\N,\N
2362,16444,7,\N,\N,\N,\N
2363,28782,7,\N,\N,\N,\N
2364,22118,7,\N,\N,\N,\N
2365,23446,7,\N,\N,\N,\N
2366,33502,7,\N,\N,\N,\N
2367,38740,7,\N,\N,\N,\N
2368,5733,7,\N,\N,\N,\N
2369,9032,7,\N,\N,\N,\N
2370,18074,7,\N,\N,\N,\N
2371,31005,7,\N,\N,\N,\N
2372,20836,7,\N,\N,\N,\N
2373,34363,7,\N,\N,\N,\N
2374,18292,7,\N,\N,\N,\N
2375,4376,7,\N,\N,\N,\N
2376,15851,7,\N,\N,\N,\N
2377,126,7,\N,\N,\N,\N
2378,29376,7,\N,\N,\N,\N
2379,26129,7,\N,\N,\N,\N
2380,26710,7,\N,\N,\N,\N
2381,2550,7,\N,\N,\N,\N
2382,18687,7,\N,\N,\N,\N
2383,3554,7,\N,\N,\N,\N
2384,36054,7,\N,\N,\N,\N
2385,1186,7,\N,\N,\N,\N
2386,37935,7,\N,\N,\N,\N
2387,29272,7,\N,\N,\N,\N
2388,36984,7,\N,\N,\N,\N
2389,17201,7,\N,\N,\N,\N
2390,500,7,\N,\N,\N,\N
2391,7810,7,\N,\N,\N,\N
2392,5957,7,\N,\N,\N,\N
2393,27061,7,\N,\N,\N,\N
2394,8542,7,\N,\N,\N,\N
2395,23977,7,\N,\N,\N,\N
2396,33554,7,\N,\N,\N,\N
2397,20758,7,\N,\N,\N,\N
2398,22975,7,\N,\N,\N,\N
2399,15646,7,\N,\N,\N,\N
2400,19549,7,\N,\N,\N,\N
2401,3777,7,\N,\N,\N,\N
2402,11277,7,\N,\N,\N,\N
2403,17528,7,\N,\N,\N,\N
2404,8574,7,\N,\N,\N,\N
2405,30471,7,\N,\N,\N,\N
2406,24497,7,\N,\N,\N,\N
2407,33332,7,\N,\N,\N,\N
2408,38107,7,\N,\N,\N,\N
2409,25001,7,\N,\N,\N,\N
2410,7059,7,\N,\N,\N,\N
2411,8349,7,\N,\N,\N,\N
2412,4374,7,\N,\N,\N,\N
2413,24209,7,\N,\N,\N,\N
2414,6480,7,\N,\N,\N,\N
2415,10660,7,\N,\N,\N,\N
2416,7316,7,\N,\N,\N,\N
2417,29120,7,\N,\N,\N,\N
2418,34682,7,\N,\N,\N,\N
2419,2969,7,\N,\N,\N,\N
2420,18047,7,\N,\N,\N,\N
2421,5526,7,\N,\N,\N,\N
2422,5399,7,\N,\N,\N,\N
2423,1831,7,\N,\N,\N,\N
2424,32782,7,\N,\N,\N,\N
2425,4068,7,\N,\N,\N,\N
2426,38335,7,\N,\N,\N,\N
2427,37072,7,\N,\N,\N,\N
2428,27720,7,\N,\N,\N,\N
2429,16527,7,\N,\N,\N,\N
2430,18691,7,\N,\N,\N,\N
2431,10706,7,\N,\N,\N,\N
2432,9744,7,\N,\N,\N,\N
2433,24850,7,\N,\N,\N,\N
2434,30256,7,\N,\N,\N,\N
2435,29756,7,\N,\N,\N,\N
2436,25191,7,\N,\N,\N,\N
2437,16551,7,\N,\N,\N,\N
2438,4668,7,\N,\N,\N,\N
2439,8553,7,\N,\N,\N,\N
2440,24226,7,\N,\N,\N,\N
2441,6940,7,\N,\N,\N,\N
2442,33399,7,\N,\N,\N,\N
2443,18581,7,\N,\N,\N,\N
2444,13331,7,\N,\N,\N,\N
2445,6887,7,\N,\N,\N,\N
2446,15841,7,\N,\N,\N,\N
2447,10942,7,\N,\N,\N,\N
2448,6221,7,\N,\N,\N,\N
2449,28073,7,\N,\N,\N,\N
2450,13174,7,\N,\N,\N,\N
2451,33000,7,\N,\N,\N,\N
2452,13480,7,\N,\N,\N,\N
2453,33804,7,\N,\N,\N,\N
2454,3092,7,\N,\N,\N,\N
2455,18423,7,\N,\N,\N,\N
2456,19316,7,\N,\N,\N,\N
2457,27585,7,\N,\N,\N,\N
2458,16581,7,\N,\N,\N,\N
2459,27891,7,\N,\N,\N,\N
2460,33869,7,\N,\N,\N,\N
2461,29417,7,\N,\N,\N,\N
2462,15470,7,\N,\N,\N,\N
2463,25253,7,\N,\N,\N,\N
2464,26120,7,\N,\N,\N,\N
2465,23722,7,\N,\N,\N,\N
2466,5074,7,\N,\N,\N,\N
2467,4005,7,\N,\N,\N,\N
2468,16362,7,\N,\N,\N,\N
2469,27087,7,\N,\N,\N,\N
2470,39265,7,\N,\N,\N,\N
2471,30463,7,\N,\N,\N,\N
2472,26321,7,\N,\N,\N,\N
2473,24887,7,\N,\N,\N,\N
2474,34133,7,\N,\N,\N,\N
2475,30488,7,\N,\N,\N,\N
2476,21775,7,\N,\N,\N,\N
2477,20610,7,\N,\N,\N,\N
2478,10900,7,\N,\N,\N,\N
2479,39406,7,\N,\N,\N,\N
2480,27775,7,\N,\N,\N,\N
2481,33742,7,\N,\N,\N,\N
2482,24775,7,\N,\N,\N,\N
2483,10999,7,\N,\N,\N,\N
2484,37346,7,\N,\N,\N,\N
2485,6436,7,\N,\N,\N,\N
2486,22283,7,\N,\N,\N,\N
2487,16031,7,\N,\N,\N,\N
2488,24402,7,\N,\N,\N,\N
2489,11659,7,\N,\N,\N,\N
2490,32047,7,\N,\N,\N,\N
2491,10989,7,\N,\N,\N,\N
2492,3906,7,\N,\N,\N,\N
2493,24933,7,\N,\N,\N,\N
2494,33657,7,\N,\N,\N,\N
2495,38266,7,\N,\N,\N,\N
2496,9247,7,\N,\N,\N,\N
2497,25244,7,\N,\N,\N,\N
2498,1780,7,\N,\N,\N,\N
2499,32203,7,\N,\N,\N,\N
2500,3492,7,\N,\N,\N,\N
2501,2547,8,\N,\N,\N,\N
2502,7112,8,\N,\N,\N,\N
2503,20521,8,\N,\N,\N,\N
2504,10980,8,\N,\N,\N,\N
2505,23063,8,\N,\N,\N,\N
2506,14689,8,\N,\N,\N,\N
2507,16682,8,\N,\N,\N,\N
2508,39816,8,\N,\N,\N,\N
2509,12428,8,\N,\N,\N,\N
2510,27346,8,\N,\N,\N,\N
2511,8131,8,\N,\N,\N,\N
2512,18045,8,\N,\N,\N,\N
2513,26675,8,\N,\N,\N,\N
2514,36639,8,\N,\N,\N,\N
2515,12727,8,\N,\N,\N,\N
2516,1394,8,\N,\N,\N,\N
2517,37813,8,\N,\N,\N,\N
2518,26851,8,\N,\N,\N,\N
2519,939,8,\N,\N,\N,\N
2520,11796,8,\N,\N,\N,\N
2521,14654,8,\N,\N,\N,\N
2522,6747,8,\N,\N,\N,\N
2523,1117,8,\N,\N,\N,\N
2524,34780,8,\N,\N,\N,\N
2525,6085,8,\N,\N,\N,\N
2526,27610,8,\N,\N,\N,\N
2527,14875,8,\N,\N,\N,\N
2528,6821,8,\N,\N,\N,\N
2529,580,8,\N,\N,\N,\N
2530,39884,8,\N,\N,\N,\N
2531,33430,8,\N,\N,\N,\N
2532,25288,8,\N,\N,\N,\N
2533,33157,8,\N,\N,\N,\N
2534,31691,8,\N,\N,\N,\N
2535,29342,8,\N,\N,\N,\N
2536,31129,8,\N,\N,\N,\N
2537,1952,8,\N,\N,\N,\N
2538,18591,8,\N,\N,\N,\N
2539,25861,8,\N,\N,\N,\N
2540,9636,8,\N,\N,\N,\N
2541,16568,8,\N,\N,\N,\N
2542,23491,8,\N,\N,\N,\N
2543,32828,8,\N,\N,\N,\N
2544,34917,8,\N,\N,\N,\N
2545,26557,8,\N,\N,\N,\N
2546,30440,8,\N,\N,\N,\N
2547,27895,8,\N,\N,\N,\N
2548,35883,8,\N,\N,\N,\N
2549,21609,8,\N,\N,\N,\N
2550,19995,8,\N,\N,\N,\N
2551,22746,8,\N,\N,\N,\N
2552,11995,8,\N,\N,\N,\N
2553,37185,8,\N,\N,\N,\N
2554,20641,8,\N,\N,\N,\N
2555,39569,8,\N,\N,\N,\N
2556,35972,8,\N,\N,\N,\N
2557,3179,8,\N,\N,\N,\N
2558,23119,8,\N,\N,\N,\N
2559,8161,8,\N,\N,\N,\N
2560,36144,8,\N,\N,\N,\N
2561,10030,8,\N,\N,\N,\N
2562,19772,8,\N,\N,\N,\N
2563,33109,8,\N,\N,\N,\N
2564,39018,8,\N,\N,\N,\N
2565,36755,8,\N,\N,\N,\N
2566,15561,8,\N,\N,\N,\N
2567,8660,8,\N,\N,\N,\N
2568,26758,8,\N,\N,\N,\N
2569,28631,8,\N,\N,\N,\N
2570,19637,8,\N,\N,\N,\N
2571,13308,8,\N,\N,\N,\N
2572,23070,8,\N,\N,\N,\N
2573,13217,8,\N,\N,\N,\N
2574,38744,8,\N,\N,\N,\N
2575,17213,8,\N,\N,\N,\N
2576,968,8,\N,\N,\N,\N
2577,19035,8,\N,\N,\N,\N
2578,7448,8,\N,\N,\N,\N
2579,8733,8,\N,\N,\N,\N
2580,16895,8,\N,\N,\N,\N
2581,12072,8,\N,\N,\N,\N
2582,25000,8,\N,\N,\N,\N
2583,24193,8,\N,\N,\N,\N
2584,35456,8,\N,\N,\N,\N
2585,30618,8,\N,\N,\N,\N
2586,13122,8,\N,\N,\N,\N
2587,4439,8,\N,\N,\N,\N
2588,27787,8,\N,\N,\N,\N
2589,5812,8,\N,\N,\N,\N
2590,36859,8,\N,\N,\N,\N
2591,12898,8,\N,\N,\N,\N
2592,33687,8,\N,\N,\N,\N
2593,23457,8,\N,\N,\N,\N
2594,19659,8,\N,\N,\N,\N
2595,7759,8,\N,\N,\N,\N
2596,35309,8,\N,\N,\N,\N
2597,12261,8,\N,\N,\N,\N
2598,19939,8,\N,\N,\N,\N
2599,9063,8,\N,\N,\N,\N
2600,9183,8,\N,\N,\N,\N
2601,7453,8,\N,\N,\N,\N
2602,35766,8,\N,\N,\N,\N
2603,16149,8,\N,\N,\N,\N
2604,8577,8,\N,\N,\N,\N
2605,2947,8,\N,\N,\N,\N
2606,19050,8,\N,\N,\N,\N
2607,31489,8,\N,\N,\N,\N
2608,32763,8,\N,\N,\N,\N
2609,13047,8,\N,\N,\N,\N
2610,23845,8,\N,\N,\N,\N
2611,9776,8,\N,\N,\N,\N
2612,34025,8,\N,\N,\N,\N
2613,12540,8,\N,\N,\N,\N
2614,27986,8,\N,\N,\N,\N
2615,29383,8,\N,\N,\N,\N
2616,37642,8,\N,\N,\N,\N
2617,34857,8,\N,\N,\N,\N
2618,38225,8,\N,\N,\N,\N
2619,12623,8,\N,\N,\N,\N
2620,20248,8,\N,\N,\N,\N
2621,25758,8,\N,\N,\N,\N
2622,13453,8,\N,\N,\N,\N
2623,6377,8,\N,\N,\N,\N
2624,24982,8,\N,\N,\N,\N
2625,14908,8,\N,\N,\N,\N
2626,30673,8,\N,\N,\N,\N
2627,15486,8,\N,\N,\N,\N
2628,29179,8,\N,\N,\N,\N
2629,9091,8,\N,\N,\N,\N
2630,39370,8,\N,\N,\N,\N
2631,16259,8,\N,\N,\N,\N
2632,22252,8,\N,\N,\N,\N
2633,864,8,\N,\N,\N,\N
2634,17717,8,\N,\N,\N,\N
2635,6839,8,\N,\N,\N,\N
2636,25799,8,\N,\N,\N,\N
2637,34159,8,\N,\N,\N,\N
2638,7185,8,\N,\N,\N,\N
2639,5848,8,\N,\N,\N,\N
2640,27721,8,\N,\N,\N,\N
2641,3437,8,\N,\N,\N,\N
2642,27868,8,\N,\N,\N,\N
2643,6230,8,\N,\N,\N,\N
2644,33623,8,\N,\N,\N,\N
2645,16680,8,\N,\N,\N,\N
2646,35582,8,\N,\N,\N,\N
2647,3162,8,\N,\N,\N,\N
2648,7648,8,\N,\N,\N,\N
2649,17165,8,\N,\N,\N,\N
2650,6168,8,\N,\N,\N,\N
2651,30893,8,\N,\N,\N,\N
2652,13831,8,\N,\N,\N,\N
2653,21716,8,\N,\N,\N,\N
2654,35524,8,\N,\N,\N,\N
2655,12201,8,\N,\N,\N,\N
2656,26079,8,\N,\N,\N,\N
2657,25526,8,\N,\N,\N,\N
2658,15111,8,\N,\N,\N,\N
2659,9798,8,\N,\N,\N,\N
2660,34155,8,\N,\N,\N,\N
2661,25115,8,\N,\N,\N,\N
2662,34991,8,\N,\N,\N,\N
2663,25236,8,\N,\N,\N,\N
2664,27739,8,\N,\N,\N,\N
2665,37270,8,\N,\N,\N,\N
2666,21354,8,\N,\N,\N,\N
2667,27465,8,\N,\N,\N,\N
2668,20808,8,\N,\N,\N,\N
2669,28898,8,\N,\N,\N,\N
2670,1098,8,\N,\N,\N,\N
2671,24425,8,\N,\N,\N,\N
2672,14788,8,\N,\N,\N,\N
2673,12025,8,\N,\N,\N,\N
2674,12517,8,\N,\N,\N,\N
2675,22464,8,\N,\N,\N,\N
2676,18915,8,\N,\N,\N,\N
2677,7727,8,\N,\N,\N,\N
2678,11592,8,\N,\N,\N,\N
2679,19045,8,\N,\N,\N,\N
2680,26194,8,\N,\N,\N,\N
2681,2749,8,\N,\N,\N,\N
2682,31348,8,\N,\N,\N,\N
2683,6752,8,\N,\N,\N,\N
2684,12230,8,\N,\N,\N,\N
2685,33102,8,\N,\N,\N,\N
2686,27190,8,\N,\N,\N,\N
2687,23486,8,\N,\N,\N,\N
2688,19144,8,\N,\N,\N,\N
2689,15941,8,\N,\N,\N,\N
2690,23838,8,\N,\N,\N,\N
2691,34965,8,\N,\N,\N,\N
2692,26619,8,\N,\N,\N,\N
2693,36027,8,\N,\N,\N,\N
2694,27848,8,\N,\N,\N,\N
2695,23558,8,\N,\N,\N,\N
2696,6818,8,\N,\N,\N,\N
2697,24753,8,\N,\N,\N,\N
2698,34115,8,\N,\N,\N,\N
2699,32662,8,\N,\N,\N,\N
2700,4673,8,\N,\N,\N,\N
2701,4034,8,\N,\N,\N,\N
2702,10292,8,\N,\N,\N,\N
2703,24340,8,\N,\N,\N,\N
2704,10418,8,\N,\N,\N,\N
2705,29518,8,\N,\N,\N,\N
2706,1272,8,\N,\N,\N,\N
2707,20604,8,\N,\N,\N,\N
2708,6936,8,\N,\N,\N,\N
2709,4573,8,\N,\N,\N,\N
2710,29556,8,\N,\N,\N,\N
2711,9491,8,\N,\N,\N,\N
2712,29766,8,\N,\N,\N,\N
2713,15764,8,\N,\N,\N,\N
2714,15711,8,\N,\N,\N,\N
2715,15366,8,\N,\N,\N,\N
2716,14078,8,\N,\N,\N,\N
2717,17499,8,\N,\N,\N,\N
2718,22515,8,\N,\N,\N,\N
2719,6666,8,\N,\N,\N,\N
2720,3469,8,\N,\N,\N,\N
2721,6159,8,\N,\N,\N,\N
2722,3239,8,\N,\N,\N,\N
2723,14411,8,\N,\N,\N,\N
2724,6385,8,\N,\N,\N,\N
2725,38439,8,\N,\N,\N,\N
2726,34168,8,\N,\N,\N,\N
2727,23303,8,\N,\N,\N,\N
2728,36593,8,\N,\N,\N,\N
2729,1437,8,\N,\N,\N,\N
2730,13563,8,\N,\N,\N,\N
2731,2564,8,\N,\N,\N,\N
2732,12011,8,\N,\N,\N,\N
2733,37976,8,\N,\N,\N,\N
2734,35046,8,\N,\N,\N,\N
2735,13354,8,\N,\N,\N,\N
2736,11349,8,\N,\N,\N,\N
2737,36833,8,\N,\N,\N,\N
2738,25093,8,\N,\N,\N,\N
2739,20096,8,\N,\N,\N,\N
2740,37383,8,\N,\N,\N,\N
2741,8942,8,\N,\N,\N,\N
2742,5370,8,\N,\N,\N,\N
2743,28657,8,\N,\N,\N,\N
2744,1067,8,\N,\N,\N,\N
2745,32815,8,\N,\N,\N,\N
2746,3347,8,\N,\N,\N,\N
2747,10536,8,\N,\N,\N,\N
2748,29754,8,\N,\N,\N,\N
2749,30738,8,\N,\N,\N,\N
2750,28303,8,\N,\N,\N,\N
2751,25734,8,\N,\N,\N,\N
2752,25993,8,\N,\N,\N,\N
2753,35294,8,\N,\N,\N,\N
2754,34611,8,\N,\N,\N,\N
2755,4116,8,\N,\N,\N,\N
2756,5544,8,\N,\N,\N,\N
2757,23961,8,\N,\N,\N,\N
2758,39057,8,\N,\N,\N,\N
2759,14889,8,\N,\N,\N,\N
2760,6451,8,\N,\N,\N,\N
2761,39117,8,\N,\N,\N,\N
2762,20190,8,\N,\N,\N,\N
2763,629,8,\N,\N,\N,\N
2764,7888,8,\N,\N,\N,\N
2765,19296,8,\N,\N,\N,\N
2766,13100,8,\N,\N,\N,\N
2767,13522,8,\N,\N,\N,\N
2768,18840,8,\N,\N,\N,\N
2769,12490,8,\N,\N,\N,\N
2770,16368,8,\N,\N,\N,\N
2771,25048,8,\N,\N,\N,\N
2772,38346,8,\N,\N,\N,\N
2773,19011,8,\N,\N,\N,\N
2774,5749,8,\N,\N,\N,\N
2775,9803,8,\N,\N,\N,\N
2776,24545,8,\N,\N,\N,\N
2777,2467,8,\N,\N,\N,\N
2778,37399,8,\N,\N,\N,\N
2779,13846,8,\N,\N,\N,\N
2780,36138,8,\N,\N,\N,\N
2781,16714,8,\N,\N,\N,\N
2782,8326,8,\N,\N,\N,\N
2783,12743,8,\N,\N,\N,\N
2784,33823,8,\N,\N,\N,\N
2785,22304,8,\N,\N,\N,\N
2786,25402,8,\N,\N,\N,\N
2787,16650,8,\N,\N,\N,\N
2788,32597,8,\N,\N,\N,\N
2789,30749,8,\N,\N,\N,\N
2790,3323,8,\N,\N,\N,\N
2791,21432,8,\N,\N,\N,\N
2792,28061,8,\N,\N,\N,\N
2793,36115,8,\N,\N,\N,\N
2794,32074,8,\N,\N,\N,\N
2795,35977,8,\N,\N,\N,\N
2796,19347,8,\N,\N,\N,\N
2797,21151,8,\N,\N,\N,\N
2798,19485,8,\N,\N,\N,\N
2799,29186,8,\N,\N,\N,\N
2800,29373,8,\N,\N,\N,\N
2801,34976,8,\N,\N,\N,\N
2802,7637,8,\N,\N,\N,\N
2803,12204,8,\N,\N,\N,\N
2804,27757,8,\N,\N,\N,\N
2805,16271,8,\N,\N,\N,\N
2806,12985,8,\N,\N,\N,\N
2807,17259,8,\N,\N,\N,\N
2808,2528,8,\N,\N,\N,\N
2809,35721,8,\N,\N,\N,\N
2810,3141,8,\N,\N,\N,\N
2811,26285,8,\N,\N,\N,\N
2812,27603,8,\N,\N,\N,\N
2813,7751,8,\N,\N,\N,\N
2814,25168,8,\N,\N,\N,\N
2815,10113,8,\N,\N,\N,\N
2816,26218,8,\N,\N,\N,\N
2817,25403,8,\N,\N,\N,\N
2818,17400,8,\N,\N,\N,\N
2819,28588,8,\N,\N,\N,\N
2820,22897,8,\N,\N,\N,\N
2821,16988,8,\N,\N,\N,\N
2822,926,8,\N,\N,\N,\N
2823,37237,8,\N,\N,\N,\N
2824,8832,8,\N,\N,\N,\N
2825,18443,8,\N,\N,\N,\N
2826,38152,8,\N,\N,\N,\N
2827,716,8,\N,\N,\N,\N
2828,37167,8,\N,\N,\N,\N
2829,31185,8,\N,\N,\N,\N
2830,32098,8,\N,\N,\N,\N
2831,34813,8,\N,\N,\N,\N
2832,933,8,\N,\N,\N,\N
2833,35096,8,\N,\N,\N,\N
2834,28174,8,\N,\N,\N,\N
2835,31731,8,\N,\N,\N,\N
2836,6386,8,\N,\N,\N,\N
2837,37690,8,\N,\N,\N,\N
2838,18630,8,\N,\N,\N,\N
2839,9120,8,\N,\N,\N,\N
2840,34515,8,\N,\N,\N,\N
2841,37160,8,\N,\N,\N,\N
2842,30941,8,\N,\N,\N,\N
2843,20557,8,\N,\N,\N,\N
2844,30342,8,\N,\N,\N,\N
2845,28644,8,\N,\N,\N,\N
2846,4277,8,\N,\N,\N,\N
2847,2288,8,\N,\N,\N,\N
2848,4935,8,\N,\N,\N,\N
2849,29034,8,\N,\N,\N,\N
2850,34809,8,\N,\N,\N,\N
2851,13280,8,\N,\N,\N,\N
2852,3614,8,\N,\N,\N,\N
2853,1698,8,\N,\N,\N,\N
2854,19505,8,\N,\N,\N,\N
2855,3308,8,\N,\N,\N,\N
2856,17457,8,\N,\N,\N,\N
2857,33245,8,\N,\N,\N,\N
2858,19705,8,\N,\N,\N,\N
2859,24023,8,\N,\N,\N,\N
2860,8544,8,\N,\N,\N,\N
2861,7206,8,\N,\N,\N,\N
2862,31285,8,\N,\N,\N,\N
2863,6874,8,\N,\N,\N,\N
2864,31246,8,\N,\N,\N,\N
2865,33848,8,\N,\N,\N,\N
2866,36361,8,\N,\N,\N,\N
2867,22634,8,\N,\N,\N,\N
2868,13342,8,\N,\N,\N,\N
2869,38932,8,\N,\N,\N,\N
2870,12817,8,\N,\N,\N,\N
2871,37965,8,\N,\N,\N,\N
2872,26949,8,\N,\N,\N,\N
2873,34843,8,\N,\N,\N,\N
2874,25824,8,\N,\N,\N,\N
2875,34533,8,\N,\N,\N,\N
2876,26010,8,\N,\N,\N,\N
2877,33898,8,\N,\N,\N,\N
2878,23462,8,\N,\N,\N,\N
2879,542,8,\N,\N,\N,\N
2880,2359,8,\N,\N,\N,\N
2881,16730,8,\N,\N,\N,\N
2882,20602,8,\N,\N,\N,\N
2883,38541,8,\N,\N,\N,\N
2884,8653,8,\N,\N,\N,\N
2885,38712,8,\N,\N,\N,\N
2886,2470,8,\N,\N,\N,\N
2887,4744,8,\N,\N,\N,\N
2888,22170,8,\N,\N,\N,\N
2889,9939,8,\N,\N,\N,\N
2890,28428,8,\N,\N,\N,\N
2891,35649,8,\N,\N,\N,\N
2892,5792,8,\N,\N,\N,\N
2893,26300,8,\N,\N,\N,\N
2894,33316,8,\N,\N,\N,\N
2895,22104,8,\N,\N,\N,\N
2896,38723,8,\N,\N,\N,\N
2897,3369,8,\N,\N,\N,\N
2898,36321,8,\N,\N,\N,\N
2899,2615,8,\N,\N,\N,\N
2900,18900,8,\N,\N,\N,\N
2901,22232,8,\N,\N,\N,\N
2902,15994,8,\N,\N,\N,\N
2903,956,8,\N,\N,\N,\N
2904,10364,8,\N,\N,\N,\N
2905,32461,8,\N,\N,\N,\N
2906,26948,8,\N,\N,\N,\N
2907,31881,8,\N,\N,\N,\N
2908,32991,8,\N,\N,\N,\N
2909,34950,8,\N,\N,\N,\N
2910,16027,8,\N,\N,\N,\N
2911,6343,8,\N,\N,\N,\N
2912,454,8,\N,\N,\N,\N
2913,10021,8,\N,\N,\N,\N
2914,12607,8,\N,\N,\N,\N
2915,9383,8,\N,\N,\N,\N
2916,28135,8,\N,\N,\N,\N
2917,9608,8,\N,\N,\N,\N
2918,19556,8,\N,\N,\N,\N
2919,32707,8,\N,\N,\N,\N
2920,28325,8,\N,\N,\N,\N
2921,10129,8,\N,\N,\N,\N
2922,2905,8,\N,\N,\N,\N
2923,34283,8,\N,\N,\N,\N
2924,20553,8,\N,\N,\N,\N
2925,33273,8,\N,\N,\N,\N
2926,14325,8,\N,\N,\N,\N
2927,21776,8,\N,\N,\N,\N
2928,26034,8,\N,\N,\N,\N
2929,17924,8,\N,\N,\N,\N
2930,31338,8,\N,\N,\N,\N
2931,37162,8,\N,\N,\N,\N
2932,29760,8,\N,\N,\N,\N
2933,25558,8,\N,\N,\N,\N
2934,6574,8,\N,\N,\N,\N
2935,2103,8,\N,\N,\N,\N
2936,33439,8,\N,\N,\N,\N
2937,14679,8,\N,\N,\N,\N
2938,19561,8,\N,\N,\N,\N
2939,17364,8,\N,\N,\N,\N
2940,17131,8,\N,\N,\N,\N
2941,919,8,\N,\N,\N,\N
2942,38098,8,\N,\N,\N,\N
2943,24574,8,\N,\N,\N,\N
2944,21652,8,\N,\N,\N,\N
2945,9022,8,\N,\N,\N,\N
2946,34068,8,\N,\N,\N,\N
2947,22660,8,\N,\N,\N,\N
2948,19775,8,\N,\N,\N,\N
2949,28625,8,\N,\N,\N,\N
2950,32375,8,\N,\N,\N,\N
2951,3070,8,\N,\N,\N,\N
2952,25455,8,\N,\N,\N,\N
2953,1990,8,\N,\N,\N,\N
2954,7789,8,\N,\N,\N,\N
2955,18882,8,\N,\N,\N,\N
2956,5075,8,\N,\N,\N,\N
2957,5367,8,\N,\N,\N,\N
2958,10519,8,\N,\N,\N,\N
2959,31736,8,\N,\N,\N,\N
2960,8703,8,\N,\N,\N,\N
2961,36676,8,\N,\N,\N,\N
2962,27434,8,\N,\N,\N,\N
2963,38129,8,\N,\N,\N,\N
2964,8603,8,\N,\N,\N,\N
2965,31442,8,\N,\N,\N,\N
2966,33618,8,\N,\N,\N,\N
2967,12037,8,\N,\N,\N,\N
2968,14318,8,\N,\N,\N,\N
2969,28527,8,\N,\N,\N,\N
2970,20626,8,\N,\N,\N,\N
2971,31446,8,\N,\N,\N,\N
2972,2028,8,\N,\N,\N,\N
2973,29361,8,\N,\N,\N,\N
2974,15238,8,\N,\N,\N,\N
2975,7834,8,\N,\N,\N,\N
2976,20310,8,\N,\N,\N,\N
2977,34456,8,\N,\N,\N,\N
2978,1833,8,\N,\N,\N,\N
2979,1855,8,\N,\N,\N,\N
2980,85,8,\N,\N,\N,\N
2981,26752,8,\N,\N,\N,\N
2982,28645,8,\N,\N,\N,\N
2983,37888,8,\N,\N,\N,\N
2984,7163,8,\N,\N,\N,\N
2985,20647,8,\N,\N,\N,\N
2986,13029,8,\N,\N,\N,\N
2987,35134,8,\N,\N,\N,\N
2988,33661,8,\N,\N,\N,\N
2989,39380,8,\N,\N,\N,\N
2990,14714,8,\N,\N,\N,\N
2991,36471,8,\N,\N,\N,\N
2992,24640,8,\N,\N,\N,\N
2993,1254,8,\N,\N,\N,\N
2994,2296,8,\N,\N,\N,\N
2995,16513,8,\N,\N,\N,\N
2996,26142,8,\N,\N,\N,\N
2997,10734,8,\N,\N,\N,\N
2998,36655,8,\N,\N,\N,\N
2999,17307,8,\N,\N,\N,\N
3000,20061,8,\N,\N,\N,\N
3001,29134,9,\N,\N,\N,\N
3002,18023,9,\N,\N,\N,\N
3003,4574,9,\N,\N,\N,\N
3004,33029,9,\N,\N,\N,\N
3005,29705,9,\N,\N,\N,\N
3006,23437,9,\N,\N,\N,\N
3007,37393,9,\N,\N,\N,\N
3008,35062,9,\N,\N,\N,\N
3009,29672,9,\N,\N,\N,\N
3010,23358,9,\N,\N,\N,\N
3011,26678,9,\N,\N,\N,\N
3012,36282,9,\N,\N,\N,\N
3013,20015,9,\N,\N,\N,\N
3014,19110,9,\N,\N,\N,\N
3015,1738,9,\N,\N,\N,\N
3016,7395,9,\N,\N,\N,\N
3017,8509,9,\N,\N,\N,\N
3018,25238,9,\N,\N,\N,\N
3019,7048,9,\N,\N,\N,\N
3020,3900,9,\N,\N,\N,\N
3021,33840,9,\N,\N,\N,\N
3022,7383,9,\N,\N,\N,\N
3023,23794,9,\N,\N,\N,\N
3024,1311,9,\N,\N,\N,\N
3025,39481,9,\N,\N,\N,\N
3026,33243,9,\N,\N,\N,\N
3027,35732,9,\N,\N,\N,\N
3028,4974,9,\N,\N,\N,\N
3029,35935,9,\N,\N,\N,\N
3030,6388,9,\N,\N,\N,\N
3031,39504,9,\N,\N,\N,\N
3032,28987,9,\N,\N,\N,\N
3033,455,9,\N,\N,\N,\N
3034,38015,9,\N,\N,\N,\N
3035,30201,9,\N,\N,\N,\N
3036,17001,9,\N,\N,\N,\N
3037,8291,9,\N,\N,\N,\N
3038,9204,9,\N,\N,\N,\N
3039,17967,9,\N,\N,\N,\N
3040,30878,9,\N,\N,\N,\N
3041,20393,9,\N,\N,\N,\N
3042,12355,9,\N,\N,\N,\N
3043,15163,9,\N,\N,\N,\N
3044,3565,9,\N,\N,\N,\N
3045,1906,9,\N,\N,\N,\N
3046,39703,9,\N,\N,\N,\N
3047,29121,9,\N,\N,\N,\N
3048,31373,9,\N,\N,\N,\N
3049,32898,9,\N,\N,\N,\N
3050,32775,9,\N,\N,\N,\N
3051,19624,9,\N,\N,\N,\N
3052,38636,9,\N,\N,\N,\N
3053,33963,9,\N,\N,\N,\N
3054,13427,9,\N,\N,\N,\N
3055,22110,9,\N,\N,\N,\N
3056,2877,9,\N,\N,\N,\N
3057,3992,9,\N,\N,\N,\N
3058,31210,9,\N,\N,\N,\N
3059,7290,9,\N,\N,\N,\N
3060,28190,9,\N,\N,\N,\N
3061,22924,9,\N,\N,\N,\N
3062,25871,9,\N,\N,\N,\N
3063,16773,9,\N,\N,\N,\N
3064,31542,9,\N,\N,\N,\N
3065,37381,9,\N,\N,\N,\N
3066,26458,9,\N,\N,\N,\N
3067,5540,9,\N,\N,\N,\N
3068,6101,9,\N,\N,\N,\N
3069,25184,9,\N,\N,\N,\N
3070,38978,9,\N,\N,\N,\N
3071,35747,9,\N,\N,\N,\N
3072,8848,9,\N,\N,\N,\N
3073,9162,9,\N,\N,\N,\N
3074,21482,9,\N,\N,\N,\N
3075,7904,9,\N,\N,\N,\N
3076,39661,9,\N,\N,\N,\N
3077,9953,9,\N,\N,\N,\N
3078,14162,9,\N,\N,\N,\N
3079,37669,9,\N,\N,\N,\N
3080,39282,9,\N,\N,\N,\N
3081,12127,9,\N,\N,\N,\N
3082,33822,9,\N,\N,\N,\N
3083,19850,9,\N,\N,\N,\N
3084,2848,9,\N,\N,\N,\N
3085,16541,9,\N,\N,\N,\N
3086,4031,9,\N,\N,\N,\N
3087,22724,9,\N,\N,\N,\N
3088,10073,9,\N,\N,\N,\N
3089,10671,9,\N,\N,\N,\N
3090,20338,9,\N,\N,\N,\N
3091,19453,9,\N,\N,\N,\N
3092,4945,9,\N,\N,\N,\N
3093,18609,9,\N,\N,\N,\N
3094,15124,9,\N,\N,\N,\N
3095,5686,9,\N,\N,\N,\N
3096,26761,9,\N,\N,\N,\N
3097,2914,9,\N,\N,\N,\N
3098,18042,9,\N,\N,\N,\N
3099,6147,9,\N,\N,\N,\N
3100,18712,9,\N,\N,\N,\N
3101,33434,9,\N,\N,\N,\N
3102,32645,9,\N,\N,\N,\N
3103,31593,9,\N,\N,\N,\N
3104,15070,9,\N,\N,\N,\N
3105,38556,9,\N,\N,\N,\N
3106,22976,9,\N,\N,\N,\N
3107,30537,9,\N,\N,\N,\N
3108,36622,9,\N,\N,\N,\N
3109,30331,9,\N,\N,\N,\N
3110,36221,9,\N,\N,\N,\N
3111,9297,9,\N,\N,\N,\N
3112,30530,9,\N,\N,\N,\N
3113,672,9,\N,\N,\N,\N
3114,4182,9,\N,\N,\N,\N
3115,34250,9,\N,\N,\N,\N
3116,12705,9,\N,\N,\N,\N
3117,29837,9,\N,\N,\N,\N
3118,5553,9,\N,\N,\N,\N
3119,31087,9,\N,\N,\N,\N
3120,12009,9,\N,\N,\N,\N
3121,15596,9,\N,\N,\N,\N
3122,19698,9,\N,\N,\N,\N
3123,26880,9,\N,\N,\N,\N
3124,25687,9,\N,\N,\N,\N
3125,21136,9,\N,\N,\N,\N
3126,27324,9,\N,\N,\N,\N
3127,27439,9,\N,\N,\N,\N
3128,31678,9,\N,\N,\N,\N
3129,28549,9,\N,\N,\N,\N
3130,35886,9,\N,\N,\N,\N
3131,23322,9,\N,\N,\N,\N
3132,34260,9,\N,\N,\N,\N
3133,13756,9,\N,\N,\N,\N
3134,23253,9,\N,\N,\N,\N
3135,17830,9,\N,\N,\N,\N
3136,3034,9,\N,\N,\N,\N
3137,31885,9,\N,\N,\N,\N
3138,23043,9,\N,\N,\N,\N
3139,15581,9,\N,\N,\N,\N
3140,4518,9,\N,\N,\N,\N
3141,8165,9,\N,\N,\N,\N
3142,8708,9,\N,\N,\N,\N
3143,19992,9,\N,\N,\N,\N
3144,24661,9,\N,\N,\N,\N
3145,17252,9,\N,\N,\N,\N
3146,13697,9,\N,\N,\N,\N
3147,25426,9,\N,\N,\N,\N
3148,22776,9,\N,\N,\N,\N
3149,28851,9,\N,\N,\N,\N
3150,29786,9,\N,\N,\N,\N
3151,22171,9,\N,\N,\N,\N
3152,24849,9,\N,\N,\N,\N
3153,3504,9,\N,\N,\N,\N
3154,9163,9,\N,\N,\N,\N
3155,33203,9,\N,\N,\N,\N
3156,9333,9,\N,\N,\N,\N
3157,8128,9,\N,\N,\N,\N
3158,9905,9,\N,\N,\N,\N
3159,38759,9,\N,\N,\N,\N
3160,1037,9,\N,\N,\N,\N
3161,28189,9,\N,\N,\N,\N
3162,3678,9,\N,\N,\N,\N
3163,37538,9,\N,\N,\N,\N
3164,36177,9,\N,\N,\N,\N
3165,33167,9,\N,\N,\N,\N
3166,9604,9,\N,\N,\N,\N
3167,39185,9,\N,\N,\N,\N
3168,8232,9,\N,\N,\N,\N
3169,17860,9,\N,\N,\N,\N
3170,31937,9,\N,\N,\N,\N
3171,11094,9,\N,\N,\N,\N
3172,22321,9,\N,\N,\N,\N
3173,38703,9,\N,\N,\N,\N
3174,2711,9,\N,\N,\N,\N
3175,20057,9,\N,\N,\N,\N
3176,35960,9,\N,\N,\N,\N
3177,33423,9,\N,\N,\N,\N
3178,14646,9,\N,\N,\N,\N
3179,21527,9,\N,\N,\N,\N
3180,12364,9,\N,\N,\N,\N
3181,11657,9,\N,\N,\N,\N
3182,9584,9,\N,\N,\N,\N
3183,20266,9,\N,\N,\N,\N
3184,33255,9,\N,\N,\N,\N
3185,14507,9,\N,\N,\N,\N
3186,738,9,\N,\N,\N,\N
3187,35957,9,\N,\N,\N,\N
3188,15870,9,\N,\N,\N,\N
3189,3555,9,\N,\N,\N,\N
3190,34207,9,\N,\N,\N,\N
3191,3302,9,\N,\N,\N,\N
3192,29082,9,\N,\N,\N,\N
3193,32317,9,\N,\N,\N,\N
3194,21070,9,\N,\N,\N,\N
3195,38682,9,\N,\N,\N,\N
3196,36400,9,\N,\N,\N,\N
3197,4311,9,\N,\N,\N,\N
3198,18041,9,\N,\N,\N,\N
3199,18923,9,\N,\N,\N,\N
3200,26330,9,\N,\N,\N,\N
3201,37728,9,\N,\N,\N,\N
3202,36256,9,\N,\N,\N,\N
3203,24493,9,\N,\N,\N,\N
3204,37568,9,\N,\N,\N,\N
3205,25549,9,\N,\N,\N,\N
3206,15348,9,\N,\N,\N,\N
3207,37905,9,\N,\N,\N,\N
3208,27085,9,\N,\N,\N,\N
3209,5139,9,\N,\N,\N,\N
3210,6014,9,\N,\N,\N,\N
3211,27121,9,\N,\N,\N,\N
3212,36031,9,\N,\N,\N,\N
3213,1917,9,\N,\N,\N,\N
3214,8134,9,\N,\N,\N,\N
3215,25395,9,\N,\N,\N,\N
3216,19151,9,\N,\N,\N,\N
3217,6855,9,\N,\N,\N,\N
3218,4043,9,\N,\N,\N,\N
3219,37701,9,\N,\N,\N,\N
3220,5260,9,\N,\N,\N,\N
3221,6763,9,\N,\N,\N,\N
3222,1187,9,\N,\N,\N,\N
3223,28752,9,\N,\N,\N,\N
3224,8609,9,\N,\N,\N,\N
3225,169,9,\N,\N,\N,\N
3226,19874,9,\N,\N,\N,\N
3227,22011,9,\N,\N,\N,\N
3228,14127,9,\N,\N,\N,\N
3229,35185,9,\N,\N,\N,\N
3230,4315,9,\N,\N,\N,\N
3231,28217,9,\N,\N,\N,\N
3232,24393,9,\N,\N,\N,\N
3233,37229,9,\N,\N,\N,\N
3234,25567,9,\N,\N,\N,\N
3235,20104,9,\N,\N,\N,\N
3236,31076,9,\N,\N,\N,\N
3237,13015,9,\N,\N,\N,\N
3238,18463,9,\N,\N,\N,\N
3239,5082,9,\N,\N,\N,\N
3240,30993,9,\N,\N,\N,\N
3241,22210,9,\N,\N,\N,\N
3242,33543,9,\N,\N,\N,\N
3243,4067,9,\N,\N,\N,\N
3244,30534,9,\N,\N,\N,\N
3245,6541,9,\N,\N,\N,\N
3246,32925,9,\N,\N,\N,\N
3247,14573,9,\N,\N,\N,\N
3248,4247,9,\N,\N,\N,\N
3249,33802,9,\N,\N,\N,\N
3250,10380,9,\N,\N,\N,\N
3251,25447,9,\N,\N,\N,\N
3252,35691,9,\N,\N,\N,\N
3253,9012,9,\N,\N,\N,\N
3254,14627,9,\N,\N,\N,\N
3255,3215,9,\N,\N,\N,\N
3256,19921,9,\N,\N,\N,\N
3257,23368,9,\N,\N,\N,\N
3258,4273,9,\N,\N,\N,\N
3259,36117,9,\N,\N,\N,\N
3260,9852,9,\N,\N,\N,\N
3261,32786,9,\N,\N,\N,\N
3262,8954,9,\N,\N,\N,\N
3263,16151,9,\N,\N,\N,\N
3264,10512,9,\N,\N,\N,\N
3265,24185,9,\N,\N,\N,\N
3266,37574,9,\N,\N,\N,\N
3267,16084,9,\N,\N,\N,\N
3268,4634,9,\N,\N,\N,\N
3269,13,9,\N,\N,\N,\N
3270,17314,9,\N,\N,\N,\N
3271,1420,9,\N,\N,\N,\N
3272,21005,9,\N,\N,\N,\N
3273,8879,9,\N,\N,\N,\N
3274,6623,9,\N,\N,\N,\N
3275,37394,9,\N,\N,\N,\N
3276,26073,9,\N,\N,\N,\N
3277,4287,9,\N,\N,\N,\N
3278,25371,9,\N,\N,\N,\N
3279,30187,9,\N,\N,\N,\N
3280,320,9,\N,\N,\N,\N
3281,11786,9,\N,\N,\N,\N
3282,21982,9,\N,\N,\N,\N
3283,17070,9,\N,\N,\N,\N
3284,31331,9,\N,\N,\N,\N
3285,17109,9,\N,\N,\N,\N
3286,27979,9,\N,\N,\N,\N
3287,32741,9,\N,\N,\N,\N
3288,12736,9,\N,\N,\N,\N
3289,11276,9,\N,\N,\N,\N
3290,1034,9,\N,\N,\N,\N
3291,23772,9,\N,\N,\N,\N
3292,34683,9,\N,\N,\N,\N
3293,29560,9,\N,\N,\N,\N
3294,25283,9,\N,\N,\N,\N
3295,12837,9,\N,\N,\N,\N
3296,2575,9,\N,\N,\N,\N
3297,27976,9,\N,\N,\N,\N
3298,19102,9,\N,\N,\N,\N
3299,37100,9,\N,\N,\N,\N
3300,6111,9,\N,\N,\N,\N
3301,5912,9,\N,\N,\N,\N
3302,4187,9,\N,\N,\N,\N
3303,34710,9,\N,\N,\N,\N
3304,15345,9,\N,\N,\N,\N
3305,5193,9,\N,\N,\N,\N
3306,2879,9,\N,\N,\N,\N
3307,16792,9,\N,\N,\N,\N
3308,1934,9,\N,\N,\N,\N
3309,16135,9,\N,\N,\N,\N
3310,26138,9,\N,\N,\N,\N
3311,24619,9,\N,\N,\N,\N
3312,12226,9,\N,\N,\N,\N
3313,30139,9,\N,\N,\N,\N
3314,39611,9,\N,\N,\N,\N
3315,13745,9,\N,\N,\N,\N
3316,38230,9,\N,\N,\N,\N
3317,12294,9,\N,\N,\N,\N
3318,73,9,\N,\N,\N,\N
3319,18029,9,\N,\N,\N,\N
3320,14160,9,\N,\N,\N,\N
3321,39384,9,\N,\N,\N,\N
3322,6359,9,\N,\N,\N,\N
3323,11699,9,\N,\N,\N,\N
3324,23255,9,\N,\N,\N,\N
3325,28711,9,\N,\N,\N,\N
3326,32822,9,\N,\N,\N,\N
3327,29954,9,\N,\N,\N,\N
3328,21955,9,\N,\N,\N,\N
3329,7870,9,\N,\N,\N,\N
3330,17205,9,\N,\N,\N,\N
3331,39826,9,\N,\N,\N,\N
3332,26988,9,\N,\N,\N,\N
3333,3662,9,\N,\N,\N,\N
3334,17824,9,\N,\N,\N,\N
3335,10601,9,\N,\N,\N,\N
3336,12591,9,\N,\N,\N,\N
3337,33427,9,\N,\N,\N,\N
3338,14888,9,\N,\N,\N,\N
3339,18333,9,\N,\N,\N,\N
3340,11369,9,\N,\N,\N,\N
3341,23452,9,\N,\N,\N,\N
3342,14091,9,\N,\N,\N,\N
3343,12876,9,\N,\N,\N,\N
3344,35518,9,\N,\N,\N,\N
3345,33969,9,\N,\N,\N,\N
3346,5475,9,\N,\N,\N,\N
3347,2384,9,\N,\N,\N,\N
3348,23955,9,\N,\N,\N,\N
3349,28542,9,\N,\N,\N,\N
3350,26163,9,\N,\N,\N,\N
3351,2899,9,\N,\N,\N,\N
3352,15135,9,\N,\N,\N,\N
3353,28124,9,\N,\N,\N,\N
3354,21069,9,\N,\N,\N,\N
3355,19580,9,\N,\N,\N,\N
3356,20938,9,\N,\N,\N,\N
3357,20861,9,\N,\N,\N,\N
3358,3069,9,\N,\N,\N,\N
3359,777,9,\N,\N,\N,\N
3360,7435,9,\N,\N,\N,\N
3361,32469,9,\N,\N,\N,\N
3362,29337,9,\N,\N,\N,\N
3363,17819,9,\N,\N,\N,\N
3364,1198,9,\N,\N,\N,\N
3365,3099,9,\N,\N,\N,\N
3366,1383,9,\N,\N,\N,\N
3367,10408,9,\N,\N,\N,\N
3368,7918,9,\N,\N,\N,\N
3369,3322,9,\N,\N,\N,\N
3370,11179,9,\N,\N,\N,\N
3371,7731,9,\N,\N,\N,\N
3372,38174,9,\N,\N,\N,\N
3373,4703,9,\N,\N,\N,\N
3374,33233,9,\N,\N,\N,\N
3375,5519,9,\N,\N,\N,\N
3376,38482,9,\N,\N,\N,\N
3377,9487,9,\N,\N,\N,\N
3378,32431,9,\N,\N,\N,\N
3379,30816,9,\N,\N,\N,\N
3380,13625,9,\N,\N,\N,\N
3381,29776,9,\N,\N,\N,\N
3382,18612,9,\N,\N,\N,\N
3383,21098,9,\N,\N,\N,\N
3384,33008,9,\N,\N,\N,\N
3385,26736,9,\N,\N,\N,\N
3386,26681,9,\N,\N,\N,\N
3387,32704,9,\N,\N,\N,\N
3388,38097,9,\N,\N,\N,\N
3389,25808,9,\N,\N,\N,\N
3390,703,9,\N,\N,\N,\N
3391,28031,9,\N,\N,\N,\N
3392,18158,9,\N,\N,\N,\N
3393,35244,9,\N,\N,\N,\N
3394,19843,9,\N,\N,\N,\N
3395,1333,9,\N,\N,\N,\N
3396,34625,9,\N,\N,\N,\N
3397,25879,9,\N,\N,\N,\N
3398,2430,9,\N,\N,\N,\N
3399,21602,9,\N,\N,\N,\N
3400,20947,9,\N,\N,\N,\N
3401,21498,9,\N,\N,\N,\N
3402,36329,9,\N,\N,\N,\N
3403,37847,9,\N,\N,\N,\N
3404,33369,9,\N,\N,\N,\N
3405,26314,9,\N,\N,\N,\N
3406,15356,9,\N,\N,\N,\N
3407,19226,9,\N,\N,\N,\N
3408,7887,9,\N,\N,\N,\N
3409,2242,9,\N,\N,\N,\N
3410,18018,9,\N,\N,\N,\N
3411,15897,9,\N,\N,\N,\N
3412,36045,9,\N,\N,\N,\N
3413,12046,9,\N,\N,\N,\N
3414,15206,9,\N,\N,\N,\N
3415,30763,9,\N,\N,\N,\N
3416,18415,9,\N,\N,\N,\N
3417,4736,9,\N,\N,\N,\N
3418,11766,9,\N,\N,\N,\N
3419,32232,9,\N,\N,\N,\N
3420,18917,9,\N,\N,\N,\N
3421,14763,9,\N,\N,\N,\N
3422,26561,9,\N,\N,\N,\N
3423,39145,9,\N,\N,\N,\N
3424,36875,9,\N,\N,\N,\N
3425,30170,9,\N,\N,\N,\N
3426,7325,9,\N,\N,\N,\N
3427,15921,9,\N,\N,\N,\N
3428,25208,9,\N,\N,\N,\N
3429,33589,9,\N,\N,\N,\N
3430,1188,9,\N,\N,\N,\N
3431,28894,9,\N,\N,\N,\N
3432,37370,9,\N,\N,\N,\N
3433,13866,9,\N,\N,\N,\N
3434,17477,9,\N,\N,\N,\N
3435,32275,9,\N,\N,\N,\N
3436,19795,9,\N,\N,\N,\N
3437,7001,9,\N,\N,\N,\N
3438,34600,9,\N,\N,\N,\N
3439,35626,9,\N,\N,\N,\N
3440,30051,9,\N,\N,\N,\N
3441,33356,9,\N,\N,\N,\N
3442,14787,9,\N,\N,\N,\N
3443,4980,9,\N,\N,\N,\N
3444,12486,9,\N,\N,\N,\N
3445,38288,9,\N,\N,\N,\N
3446,2795,9,\N,\N,\N,\N
3447,11890,9,\N,\N,\N,\N
3448,18028,9,\N,\N,\N,\N
3449,20631,9,\N,\N,\N,\N
3450,32850,9,\N,\N,\N,\N
3451,4589,9,\N,\N,\N,\N
3452,38054,9,\N,\N,\N,\N
3453,20874,9,\N,\N,\N,\N
3454,26692,9,\N,\N,\N,\N
3455,36824,9,\N,\N,\N,\N
3456,27098,9,\N,\N,\N,\N
3457,14778,9,\N,\N,\N,\N
3458,37299,9,\N,\N,\N,\N
3459,730,9,\N,\N,\N,\N
3460,24533,9,\N,\N,\N,\N
3461,25162,9,\N,\N,\N,\N
3462,14398,9,\N,\N,\N,\N
3463,2261,9,\N,\N,\N,\N
3464,33384,9,\N,\N,\N,\N
3465,20683,9,\N,\N,\N,\N
3466,22846,9,\N,\N,\N,\N
3467,28907,9,\N,\N,\N,\N
3468,39075,9,\N,\N,\N,\N
3469,10925,9,\N,\N,\N,\N
3470,7147,9,\N,\N,\N,\N
3471,21614,9,\N,\N,\N,\N
3472,37508,9,\N,\N,\N,\N
3473,37581,9,\N,\N,\N,\N
3474,4221,9,\N,\N,\N,\N
3475,23157,9,\N,\N,\N,\N
3476,1979,9,\N,\N,\N,\N
3477,26005,9,\N,\N,\N,\N
3478,35497,9,\N,\N,\N,\N
3479,1372,9,\N,\N,\N,\N
3480,3966,9,\N,\N,\N,\N
3481,16705,9,\N,\N,\N,\N
3482,31617,9,\N,\N,\N,\N
3483,34651,9,\N,\N,\N,\N
3484,17538,9,\N,\N,\N,\N
3485,32528,9,\N,\N,\N,\N
3486,26128,9,\N,\N,\N,\N
3487,33491,9,\N,\N,\N,\N
3488,33128,9,\N,\N,\N,\N
3489,14003,9,\N,\N,\N,\N
3490,66,9,\N,\N,\N,\N
3491,6392,9,\N,\N,\N,\N
3492,13405,9,\N,\N,\N,\N
3493,6265,9,\N,\N,\N,\N
3494,21397,9,\N,\N,\N,\N
3495,16693,9,\N,\N,\N,\N
3496,2158,9,\N,\N,\N,\N
3497,13719,9,\N,\N,\N,\N
3498,24703,9,\N,\N,\N,\N
3499,4653,9,\N,\N,\N,\N
3500,11825,9,\N,\N,\N,\N
3501,5204,10,\N,\N,\N,\N
3502,2449,10,\N,\N,\N,\N
3503,458,10,\N,\N,\N,\N
3504,2168,10,\N,\N,\N,\N
3505,39331,10,\N,\N,\N,\N
3506,20392,10,\N,\N,\N,\N
3507,12028,10,\N,\N,\N,\N
3508,25187,10,\N,\N,\N,\N
3509,37840,10,\N,\N,\N,\N
3510,18068,10,\N,\N,\N,\N
3511,17325,10,\N,\N,\N,\N
3512,16474,10,\N,\N,\N,\N
3513,39275,10,\N,\N,\N,\N
3514,18577,10,\N,\N,\N,\N
3515,31801,10,\N,\N,\N,\N
3516,30794,10,\N,\N,\N,\N
3517,28149,10,\N,\N,\N,\N
3518,4684,10,\N,\N,\N,\N
3519,10507,10,\N,\N,\N,\N
3520,32770,10,\N,\N,\N,\N
3521,22009,10,\N,\N,\N,\N
3522,32127,10,\N,\N,\N,\N
3523,37290,10,\N,\N,\N,\N
3524,27267,10,\N,\N,\N,\N
3525,34499,10,\N,\N,\N,\N
3526,28786,10,\N,\N,\N,\N
3527,6707,10,\N,\N,\N,\N
3528,4843,10,\N,\N,\N,\N
3529,25689,10,\N,\N,\N,\N
3530,23443,10,\N,\N,\N,\N
3531,36865,10,\N,\N,\N,\N
3532,38268,10,\N,\N,\N,\N
3533,25571,10,\N,\N,\N,\N
3534,22211,10,\N,\N,\N,\N
3535,24792,10,\N,\N,\N,\N
3536,14363,10,\N,\N,\N,\N
3537,12347,10,\N,\N,\N,\N
3538,39995,10,\N,\N,\N,\N
3539,5007,10,\N,\N,\N,\N
3540,16104,10,\N,\N,\N,\N
3541,32024,10,\N,\N,\N,\N
3542,31350,10,\N,\N,\N,\N
3543,5219,10,\N,\N,\N,\N
3544,22365,10,\N,\N,\N,\N
3545,38323,10,\N,\N,\N,\N
3546,12448,10,\N,\N,\N,\N
3547,14249,10,\N,\N,\N,\N
3548,11789,10,\N,\N,\N,\N
3549,16550,10,\N,\N,\N,\N
3550,5534,10,\N,\N,\N,\N
3551,17132,10,\N,\N,\N,\N
3552,30901,10,\N,\N,\N,\N
3553,1894,10,\N,\N,\N,\N
3554,6200,10,\N,\N,\N,\N
3555,19576,10,\N,\N,\N,\N
3556,38831,10,\N,\N,\N,\N
3557,29460,10,\N,\N,\N,\N
3558,34414,10,\N,\N,\N,\N
3559,36799,10,\N,\N,\N,\N
3560,8935,10,\N,\N,\N,\N
3561,27704,10,\N,\N,\N,\N
3562,8247,10,\N,\N,\N,\N
3563,14352,10,\N,\N,\N,\N
3564,23734,10,\N,\N,\N,\N
3565,20325,10,\N,\N,\N,\N
3566,13270,10,\N,\N,\N,\N
3567,34498,10,\N,\N,\N,\N
3568,29247,10,\N,\N,\N,\N
3569,18317,10,\N,\N,\N,\N
3570,4662,10,\N,\N,\N,\N
3571,15126,10,\N,\N,\N,\N
3572,33968,10,\N,\N,\N,\N
3573,39432,10,\N,\N,\N,\N
3574,23915,10,\N,\N,\N,\N
3575,27059,10,\N,\N,\N,\N
3576,31822,10,\N,\N,\N,\N
3577,12390,10,\N,\N,\N,\N
3578,6078,10,\N,\N,\N,\N
3579,11606,10,\N,\N,\N,\N
3580,17584,10,\N,\N,\N,\N
3581,11086,10,\N,\N,\N,\N
3582,36645,10,\N,\N,\N,\N
3583,37423,10,\N,\N,\N,\N
3584,36344,10,\N,\N,\N,\N
3585,8507,10,\N,\N,\N,\N
3586,5171,10,\N,\N,\N,\N
3587,36801,10,\N,\N,\N,\N
3588,24265,10,\N,\N,\N,\N
3589,14945,10,\N,\N,\N,\N
3590,39720,10,\N,\N,\N,\N
3591,3552,10,\N,\N,\N,\N
3592,24052,10,\N,\N,\N,\N
3593,18394,10,\N,\N,\N,\N
3594,16850,10,\N,\N,\N,\N
3595,16377,10,\N,\N,\N,\N
3596,16085,10,\N,\N,\N,\N
3597,1192,10,\N,\N,\N,\N
3598,31310,10,\N,\N,\N,\N
3599,12948,10,\N,\N,\N,\N
3600,14326,10,\N,\N,\N,\N
3601,24345,10,\N,\N,\N,\N
3602,28799,10,\N,\N,\N,\N
3603,33050,10,\N,\N,\N,\N
3604,4259,10,\N,\N,\N,\N
3605,30079,10,\N,\N,\N,\N
3606,30320,10,\N,\N,\N,\N
3607,24031,10,\N,\N,\N,\N
3608,23256,10,\N,\N,\N,\N
3609,30335,10,\N,\N,\N,\N
3610,27984,10,\N,\N,\N,\N
3611,13307,10,\N,\N,\N,\N
3612,9596,10,\N,\N,\N,\N
3613,34741,10,\N,\N,\N,\N
3614,12074,10,\N,\N,\N,\N
3615,24966,10,\N,\N,\N,\N
3616,23242,10,\N,\N,\N,\N
3617,2631,10,\N,\N,\N,\N
3618,36600,10,\N,\N,\N,\N
3619,17218,10,\N,\N,\N,\N
3620,19617,10,\N,\N,\N,\N
3621,23814,10,\N,\N,\N,\N
3622,7050,10,\N,\N,\N,\N
3623,7190,10,\N,\N,\N,\N
3624,25983,10,\N,\N,\N,\N
3625,23900,10,\N,\N,\N,\N
3626,6861,10,\N,\N,\N,\N
3627,431,10,\N,\N,\N,\N
3628,26055,10,\N,\N,\N,\N
3629,38391,10,\N,\N,\N,\N
3630,28696,10,\N,\N,\N,\N
3631,23397,10,\N,\N,\N,\N
3632,30581,10,\N,\N,\N,\N
3633,10446,10,\N,\N,\N,\N
3634,36934,10,\N,\N,\N,\N
3635,24863,10,\N,\N,\N,\N
3636,34049,10,\N,\N,\N,\N
3637,29949,10,\N,\N,\N,\N
3638,15471,10,\N,\N,\N,\N
3639,25049,10,\N,\N,\N,\N
3640,947,10,\N,\N,\N,\N
3641,36064,10,\N,\N,\N,\N
3642,4393,10,\N,\N,\N,\N
3643,25090,10,\N,\N,\N,\N
3644,36008,10,\N,\N,\N,\N
3645,32831,10,\N,\N,\N,\N
3646,24601,10,\N,\N,\N,\N
3647,8601,10,\N,\N,\N,\N
3648,34643,10,\N,\N,\N,\N
3649,4730,10,\N,\N,\N,\N
3650,13629,10,\N,\N,\N,\N
3651,25367,10,\N,\N,\N,\N
3652,15165,10,\N,\N,\N,\N
3653,4958,10,\N,\N,\N,\N
3654,15423,10,\N,\N,\N,\N
3655,14636,10,\N,\N,\N,\N
3656,31508,10,\N,\N,\N,\N
3657,35646,10,\N,\N,\N,\N
3658,12949,10,\N,\N,\N,\N
3659,39256,10,\N,\N,\N,\N
3660,39563,10,\N,\N,\N,\N
3661,13580,10,\N,\N,\N,\N
3662,13080,10,\N,\N,\N,\N
3663,6779,10,\N,\N,\N,\N
3664,27789,10,\N,\N,\N,\N
3665,17124,10,\N,\N,\N,\N
3666,26959,10,\N,\N,\N,\N
3667,14707,10,\N,\N,\N,\N
3668,15068,10,\N,\N,\N,\N
3669,16572,10,\N,\N,\N,\N
3670,8908,10,\N,\N,\N,\N
3671,15352,10,\N,\N,\N,\N
3672,26217,10,\N,\N,\N,\N
3673,8383,10,\N,\N,\N,\N
3674,19906,10,\N,\N,\N,\N
3675,32967,10,\N,\N,\N,\N
3676,35623,10,\N,\N,\N,\N
3677,38523,10,\N,\N,\N,\N
3678,15067,10,\N,\N,\N,\N
3679,10627,10,\N,\N,\N,\N
3680,12303,10,\N,\N,\N,\N
3681,14207,10,\N,\N,\N,\N
3682,7561,10,\N,\N,\N,\N
3683,22367,10,\N,\N,\N,\N
3684,27922,10,\N,\N,\N,\N
3685,483,10,\N,\N,\N,\N
3686,26066,10,\N,\N,\N,\N
3687,15199,10,\N,\N,\N,\N
3688,37859,10,\N,\N,\N,\N
3689,10205,10,\N,\N,\N,\N
3690,32840,10,\N,\N,\N,\N
3691,22455,10,\N,\N,\N,\N
3692,6692,10,\N,\N,\N,\N
3693,18147,10,\N,\N,\N,\N
3694,35265,10,\N,\N,\N,\N
3695,38958,10,\N,\N,\N,\N
3696,15882,10,\N,\N,\N,\N
3697,36338,10,\N,\N,\N,\N
3698,17412,10,\N,\N,\N,\N
3699,23829,10,\N,\N,\N,\N
3700,31174,10,\N,\N,\N,\N
3701,32146,10,\N,\N,\N,\N
3702,2061,10,\N,\N,\N,\N
3703,2635,10,\N,\N,\N,\N
3704,18885,10,\N,\N,\N,\N
3705,34142,10,\N,\N,\N,\N
3706,32454,10,\N,\N,\N,\N
3707,39411,10,\N,\N,\N,\N
3708,25546,10,\N,\N,\N,\N
3709,3979,10,\N,\N,\N,\N
3710,37860,10,\N,\N,\N,\N
3711,34042,10,\N,\N,\N,\N
3712,24845,10,\N,\N,\N,\N
3713,39253,10,\N,\N,\N,\N
3714,32976,10,\N,\N,\N,\N
3715,36642,10,\N,\N,\N,\N
3716,28918,10,\N,\N,\N,\N
3717,31008,10,\N,\N,\N,\N
3718,8949,10,\N,\N,\N,\N
3719,32675,10,\N,\N,\N,\N
3720,2983,10,\N,\N,\N,\N
3721,8437,10,\N,\N,\N,\N
3722,12040,10,\N,\N,\N,\N
3723,17529,10,\N,\N,\N,\N
3724,24481,10,\N,\N,\N,\N
3725,7321,10,\N,\N,\N,\N
3726,37272,10,\N,\N,\N,\N
3727,3526,10,\N,\N,\N,\N
3728,28785,10,\N,\N,\N,\N
3729,1913,10,\N,\N,\N,\N
3730,7583,10,\N,\N,\N,\N
3731,5487,10,\N,\N,\N,\N
3732,39931,10,\N,\N,\N,\N
3733,22703,10,\N,\N,\N,\N
3734,17681,10,\N,\N,\N,\N
3735,19598,10,\N,\N,\N,\N
3736,23201,10,\N,\N,\N,\N
3737,33220,10,\N,\N,\N,\N
3738,32223,10,\N,\N,\N,\N
3739,17627,10,\N,\N,\N,\N
3740,6621,10,\N,\N,\N,\N
3741,6624,10,\N,\N,\N,\N
3742,10399,10,\N,\N,\N,\N
3743,21590,10,\N,\N,\N,\N
3744,2912,10,\N,\N,\N,\N
3745,23826,10,\N,\N,\N,\N
3746,35955,10,\N,\N,\N,\N
3747,20914,10,\N,\N,\N,\N
3748,4491,10,\N,\N,\N,\N
3749,27461,10,\N,\N,\N,\N
3750,24123,10,\N,\N,\N,\N
3751,11965,10,\N,\N,\N,\N
3752,18903,10,\N,\N,\N,\N
3753,14100,10,\N,\N,\N,\N
3754,28690,10,\N,\N,\N,\N
3755,2485,10,\N,\N,\N,\N
3756,27398,10,\N,\N,\N,\N
3757,25004,10,\N,\N,\N,\N
3758,128,10,\N,\N,\N,\N
3759,24870,10,\N,\N,\N,\N
3760,20458,10,\N,\N,\N,\N
3761,5105,10,\N,\N,\N,\N
3762,22444,10,\N,\N,\N,\N
3763,281,10,\N,\N,\N,\N
3764,39172,10,\N,\N,\N,\N
3765,29320,10,\N,\N,\N,\N
3766,10351,10,\N,\N,\N,\N
3767,36345,10,\N,\N,\N,\N
3768,12518,10,\N,\N,\N,\N
3769,30469,10,\N,\N,\N,\N
3770,4681,10,\N,\N,\N,\N
3771,1121,10,\N,\N,\N,\N
3772,38790,10,\N,\N,\N,\N
3773,33493,10,\N,\N,\N,\N
3774,28416,10,\N,\N,\N,\N
3775,32613,10,\N,\N,\N,\N
3776,18440,10,\N,\N,\N,\N
3777,10239,10,\N,\N,\N,\N
3778,29960,10,\N,\N,\N,\N
3779,27687,10,\N,\N,\N,\N
3780,17850,10,\N,\N,\N,\N
3781,26111,10,\N,\N,\N,\N
3782,28127,10,\N,\N,\N,\N
3783,15823,10,\N,\N,\N,\N
3784,36899,10,\N,\N,\N,\N
3785,23033,10,\N,\N,\N,\N
3786,29305,10,\N,\N,\N,\N
3787,10525,10,\N,\N,\N,\N
3788,12735,10,\N,\N,\N,\N
3789,28334,10,\N,\N,\N,\N
3790,4103,10,\N,\N,\N,\N
3791,6376,10,\N,\N,\N,\N
3792,4632,10,\N,\N,\N,\N
3793,20282,10,\N,\N,\N,\N
3794,14780,10,\N,\N,\N,\N
3795,11709,10,\N,\N,\N,\N
3796,28811,10,\N,\N,\N,\N
3797,3987,10,\N,\N,\N,\N
3798,24534,10,\N,\N,\N,\N
3799,5371,10,\N,\N,\N,\N
3800,13974,10,\N,\N,\N,\N
3801,39889,10,\N,\N,\N,\N
3802,569,10,\N,\N,\N,\N
3803,29932,10,\N,\N,\N,\N
3804,17753,10,\N,\N,\N,\N
3805,35839,10,\N,\N,\N,\N
3806,10948,10,\N,\N,\N,\N
3807,21732,10,\N,\N,\N,\N
3808,17098,10,\N,\N,\N,\N
3809,984,10,\N,\N,\N,\N
3810,5344,10,\N,\N,\N,\N
3811,16222,10,\N,\N,\N,\N
3812,9142,10,\N,\N,\N,\N
3813,10579,10,\N,\N,\N,\N
3814,32644,10,\N,\N,\N,\N
3815,30880,10,\N,\N,\N,\N
3816,19273,10,\N,\N,\N,\N
3817,14553,10,\N,\N,\N,\N
3818,37835,10,\N,\N,\N,\N
3819,18568,10,\N,\N,\N,\N
3820,29424,10,\N,\N,\N,\N
3821,26679,10,\N,\N,\N,\N
3822,29372,10,\N,\N,\N,\N
3823,17473,10,\N,\N,\N,\N
3824,11166,10,\N,\N,\N,\N
3825,23775,10,\N,\N,\N,\N
3826,26311,10,\N,\N,\N,\N
3827,29866,10,\N,\N,\N,\N
3828,22995,10,\N,\N,\N,\N
3829,17782,10,\N,\N,\N,\N
3830,22244,10,\N,\N,\N,\N
3831,23795,10,\N,\N,\N,\N
3832,13159,10,\N,\N,\N,\N
3833,31552,10,\N,\N,\N,\N
3834,12071,10,\N,\N,\N,\N
3835,13165,10,\N,\N,\N,\N
3836,11900,10,\N,\N,\N,\N
3837,7879,10,\N,\N,\N,\N
3838,3087,10,\N,\N,\N,\N
3839,1950,10,\N,\N,\N,\N
3840,23058,10,\N,\N,\N,\N
3841,8611,10,\N,\N,\N,\N
3842,39346,10,\N,\N,\N,\N
3843,36430,10,\N,\N,\N,\N
3844,28285,10,\N,\N,\N,\N
3845,4593,10,\N,\N,\N,\N
3846,33358,10,\N,\N,\N,\N
3847,27671,10,\N,\N,\N,\N
3848,22198,10,\N,\N,\N,\N
3849,9729,10,\N,\N,\N,\N
3850,38726,10,\N,\N,\N,\N
3851,22938,10,\N,\N,\N,\N
3852,34221,10,\N,\N,\N,\N
3853,26746,10,\N,\N,\N,\N
3854,22886,10,\N,\N,\N,\N
3855,29079,10,\N,\N,\N,\N
3856,12397,10,\N,\N,\N,\N
3857,24232,10,\N,\N,\N,\N
3858,5573,10,\N,\N,\N,\N
3859,28264,10,\N,\N,\N,\N
3860,32992,10,\N,\N,\N,\N
3861,29896,10,\N,\N,\N,\N
3862,10124,10,\N,\N,\N,\N
3863,3506,10,\N,\N,\N,\N
3864,28179,10,\N,\N,\N,\N
3865,36714,10,\N,\N,\N,\N
3866,22350,10,\N,\N,\N,\N
3867,1902,10,\N,\N,\N,\N
3868,38425,10,\N,\N,\N,\N
3869,15679,10,\N,\N,\N,\N
3870,30698,10,\N,\N,\N,\N
3871,11771,10,\N,\N,\N,\N
3872,10659,10,\N,\N,\N,\N
3873,11362,10,\N,\N,\N,\N
3874,18854,10,\N,\N,\N,\N
3875,24010,10,\N,\N,\N,\N
3876,19669,10,\N,\N,\N,\N
3877,6849,10,\N,\N,\N,\N
3878,34947,10,\N,\N,\N,\N
3879,20261,10,\N,\N,\N,\N
3880,29336,10,\N,\N,\N,\N
3881,28081,10,\N,\N,\N,\N
3882,14320,10,\N,\N,\N,\N
3883,12424,10,\N,\N,\N,\N
3884,9010,10,\N,\N,\N,\N
3885,32000,10,\N,\N,\N,\N
3886,12562,10,\N,\N,\N,\N
3887,5620,10,\N,\N,\N,\N
3888,2508,10,\N,\N,\N,\N
3889,5846,10,\N,\N,\N,\N
3890,26347,10,\N,\N,\N,\N
3891,19927,10,\N,\N,\N,\N
3892,6968,10,\N,\N,\N,\N
3893,18543,10,\N,\N,\N,\N
3894,13784,10,\N,\N,\N,\N
3895,277,10,\N,\N,\N,\N
3896,3163,10,\N,\N,\N,\N
3897,23810,10,\N,\N,\N,\N
3898,1949,10,\N,\N,\N,\N
3899,31548,10,\N,\N,\N,\N
3900,22678,10,\N,\N,\N,\N
3901,7926,10,\N,\N,\N,\N
3902,22420,10,\N,\N,\N,\N
3903,15552,10,\N,\N,\N,\N
3904,25219,10,\N,\N,\N,\N
3905,35238,10,\N,\N,\N,\N
3906,14808,10,\N,\N,\N,\N
3907,36696,10,\N,\N,\N,\N
3908,23034,10,\N,\N,\N,\N
3909,37802,10,\N,\N,\N,\N
3910,25688,10,\N,\N,\N,\N
3911,23041,10,\N,\N,\N,\N
3912,27301,10,\N,\N,\N,\N
3913,26451,10,\N,\N,\N,\N
3914,9629,10,\N,\N,\N,\N
3915,14384,10,\N,\N,\N,\N
3916,3049,10,\N,\N,\N,\N
3917,17112,10,\N,\N,\N,\N
3918,9507,10,\N,\N,\N,\N
3919,17573,10,\N,\N,\N,\N
3920,544,10,\N,\N,\N,\N
3921,27408,10,\N,\N,\N,\N
3922,35946,10,\N,\N,\N,\N
3923,18128,10,\N,\N,\N,\N
3924,16319,10,\N,\N,\N,\N
3925,2591,10,\N,\N,\N,\N
3926,2937,10,\N,\N,\N,\N
3927,24033,10,\N,\N,\N,\N
3928,18445,10,\N,\N,\N,\N
3929,27814,10,\N,\N,\N,\N
3930,31212,10,\N,\N,\N,\N
3931,14240,10,\N,\N,\N,\N
3932,21333,10,\N,\N,\N,\N
3933,19776,10,\N,\N,\N,\N
3934,11091,10,\N,\N,\N,\N
3935,12861,10,\N,\N,\N,\N
3936,19970,10,\N,\N,\N,\N
3937,11643,10,\N,\N,\N,\N
3938,30542,10,\N,\N,\N,\N
3939,21300,10,\N,\N,\N,\N
3940,23532,10,\N,\N,\N,\N
3941,10048,10,\N,\N,\N,\N
3942,39184,10,\N,\N,\N,\N
3943,20060,10,\N,\N,\N,\N
3944,30971,10,\N,\N,\N,\N
3945,11949,10,\N,\N,\N,\N
3946,2226,10,\N,\N,\N,\N
3947,11334,10,\N,\N,\N,\N
3948,19294,10,\N,\N,\N,\N
3949,22945,10,\N,\N,\N,\N
3950,117,10,\N,\N,\N,\N
3951,12659,10,\N,\N,\N,\N
3952,25026,10,\N,\N,\N,\N
3953,14501,10,\N,\N,\N,\N
3954,21534,10,\N,\N,\N,\N
3955,21663,10,\N,\N,\N,\N
3956,11469,10,\N,\N,\N,\N
3957,25250,10,\N,\N,\N,\N
3958,8579,10,\N,\N,\N,\N
3959,26972,10,\N,\N,\N,\N
3960,27609,10,\N,\N,\N,\N
3961,1249,10,\N,\N,\N,\N
3962,26505,10,\N,\N,\N,\N
3963,24793,10,\N,\N,\N,\N
3964,31374,10,\N,\N,\N,\N
3965,35043,10,\N,\N,\N,\N
3966,34891,10,\N,\N,\N,\N
3967,29398,10,\N,\N,\N,\N
3968,26519,10,\N,\N,\N,\N
3969,2260,10,\N,\N,\N,\N
3970,14111,10,\N,\N,\N,\N
3971,662,10,\N,\N,\N,\N
3972,38290,10,\N,\N,\N,\N
3973,38801,10,\N,\N,\N,\N
3974,16711,10,\N,\N,\N,\N
3975,18299,10,\N,\N,\N,\N
3976,9108,10,\N,\N,\N,\N
3977,5504,10,\N,\N,\N,\N
3978,23088,10,\N,\N,\N,\N
3979,7736,10,\N,\N,\N,\N
3980,14176,10,\N,\N,\N,\N
3981,39068,10,\N,\N,\N,\N
3982,5352,10,\N,\N,\N,\N
3983,27613,10,\N,\N,\N,\N
3984,25197,10,\N,\N,\N,\N
3985,17941,10,\N,\N,\N,\N
3986,3999,10,\N,\N,\N,\N
3987,27836,10,\N,\N,\N,\N
3988,590,10,\N,\N,\N,\N
3989,37111,10,\N,\N,\N,\N
3990,37058,10,\N,\N,\N,\N
3991,1366,10,\N,\N,\N,\N
3992,8116,10,\N,\N,\N,\N
3993,36163,10,\N,\N,\N,\N
3994,15665,10,\N,\N,\N,\N
3995,10069,10,\N,\N,\N,\N
3996,7696,10,\N,\N,\N,\N
3997,31149,10,\N,\N,\N,\N
3998,8077,10,\N,\N,\N,\N
3999,3144,10,\N,\N,\N,\N
4000,14390,10,\N,\N,\N,\N
4001,24492,12,\N,\N,\N,\N
4002,32974,12,\N,\N,\N,\N
4003,5503,12,\N,\N,\N,\N
4004,14978,12,\N,\N,\N,\N
4005,6139,12,\N,\N,\N,\N
4006,12973,12,\N,\N,\N,\N
4007,6617,12,\N,\N,\N,\N
4008,28178,12,\N,\N,\N,\N
4009,20694,12,\N,\N,\N,\N
4010,32440,12,\N,\N,\N,\N
4011,16095,12,\N,\N,\N,\N
4012,25932,12,\N,\N,\N,\N
4013,24385,12,\N,\N,\N,\N
4014,31140,12,\N,\N,\N,\N
4015,12541,12,\N,\N,\N,\N
4016,5914,12,\N,\N,\N,\N
4017,12790,12,\N,\N,\N,\N
4018,22133,12,\N,\N,\N,\N
4019,26056,12,\N,\N,\N,\N
4020,31386,12,\N,\N,\N,\N
4021,25988,12,\N,\N,\N,\N
4022,29177,12,\N,\N,\N,\N
4023,19324,12,\N,\N,\N,\N
4024,35756,12,\N,\N,\N,\N
4025,15075,12,\N,\N,\N,\N
4026,32950,12,\N,\N,\N,\N
4027,12880,12,\N,\N,\N,\N
4028,613,12,\N,\N,\N,\N
4029,33249,12,\N,\N,\N,\N
4030,5123,12,\N,\N,\N,\N
4031,5476,12,\N,\N,\N,\N
4032,29651,12,\N,\N,\N,\N
4033,2399,12,\N,\N,\N,\N
4034,33603,12,\N,\N,\N,\N
4035,1359,12,\N,\N,\N,\N
4036,15534,12,\N,\N,\N,\N
4037,18736,12,\N,\N,\N,\N
4038,30261,12,\N,\N,\N,\N
4039,34908,12,\N,\N,\N,\N
4040,26474,12,\N,\N,\N,\N
4041,15623,12,\N,\N,\N,\N
4042,13649,12,\N,\N,\N,\N
4043,9607,12,\N,\N,\N,\N
4044,31636,12,\N,\N,\N,\N
4045,33985,12,\N,\N,\N,\N
4046,38032,12,\N,\N,\N,\N
4047,28572,12,\N,\N,\N,\N
4048,4851,12,\N,\N,\N,\N
4049,33880,12,\N,\N,\N,\N
4050,24311,12,\N,\N,\N,\N
4051,34319,12,\N,\N,\N,\N
4052,33223,12,\N,\N,\N,\N
4053,13519,12,\N,\N,\N,\N
4054,39385,12,\N,\N,\N,\N
4055,16954,12,\N,\N,\N,\N
4056,8664,12,\N,\N,\N,\N
4057,8662,12,\N,\N,\N,\N
4058,3976,12,\N,\N,\N,\N
4059,12380,12,\N,\N,\N,\N
4060,15472,12,\N,\N,\N,\N
4061,15096,12,\N,\N,\N,\N
4062,31250,12,\N,\N,\N,\N
4063,25454,12,\N,\N,\N,\N
4064,18442,12,\N,\N,\N,\N
4065,34026,12,\N,\N,\N,\N
4066,15742,12,\N,\N,\N,\N
4067,20561,12,\N,\N,\N,\N
4068,5017,12,\N,\N,\N,\N
4069,5564,12,\N,\N,\N,\N
4070,26295,12,\N,\N,\N,\N
4071,8798,12,\N,\N,\N,\N
4072,35857,12,\N,\N,\N,\N
4073,27501,12,\N,\N,\N,\N
4074,24706,12,\N,\N,\N,\N
4075,21006,12,\N,\N,\N,\N
4076,14971,12,\N,\N,\N,\N
4077,22810,12,\N,\N,\N,\N
4078,17172,12,\N,\N,\N,\N
4079,5279,12,\N,\N,\N,\N
4080,19910,12,\N,\N,\N,\N
4081,6838,12,\N,\N,\N,\N
4082,21946,12,\N,\N,\N,\N
4083,38367,12,\N,\N,\N,\N
4084,1598,12,\N,\N,\N,\N
4085,22137,12,\N,\N,\N,\N
4086,317,12,\N,\N,\N,\N
4087,19568,12,\N,\N,\N,\N
4088,38555,12,\N,\N,\N,\N
4089,5290,12,\N,\N,\N,\N
4090,15490,12,\N,\N,\N,\N
4091,36229,12,\N,\N,\N,\N
4092,17249,12,\N,\N,\N,\N
4093,19441,12,\N,\N,\N,\N
4094,26726,12,\N,\N,\N,\N
4095,9517,12,\N,\N,\N,\N
4096,8473,12,\N,\N,\N,\N
4097,26118,12,\N,\N,\N,\N
4098,39973,12,\N,\N,\N,\N
4099,23509,12,\N,\N,\N,\N
4100,31433,12,\N,\N,\N,\N
4101,12257,12,\N,\N,\N,\N
4102,31811,12,\N,\N,\N,\N
4103,15554,12,\N,\N,\N,\N
4104,34057,12,\N,\N,\N,\N
4105,28880,12,\N,\N,\N,\N
4106,24668,12,\N,\N,\N,\N
4107,4365,12,\N,\N,\N,\N
4108,27512,12,\N,\N,\N,\N
4109,20437,12,\N,\N,\N,\N
4110,34077,12,\N,\N,\N,\N
4111,37647,12,\N,\N,\N,\N
4112,17090,12,\N,\N,\N,\N
4113,2376,12,\N,\N,\N,\N
4114,9816,12,\N,\N,\N,\N
4115,3425,12,\N,\N,\N,\N
4116,33291,12,\N,\N,\N,\N
4117,4977,12,\N,\N,\N,\N
4118,15595,12,\N,\N,\N,\N
4119,18225,12,\N,\N,\N,\N
4120,3839,12,\N,\N,\N,\N
4121,19946,12,\N,\N,\N,\N
4122,28361,12,\N,\N,\N,\N
4123,10756,12,\N,\N,\N,\N
4124,19750,12,\N,\N,\N,\N
4125,24058,12,\N,\N,\N,\N
4126,20529,12,\N,\N,\N,\N
4127,37959,12,\N,\N,\N,\N
4128,27045,12,\N,\N,\N,\N
4129,30303,12,\N,\N,\N,\N
4130,15812,12,\N,\N,\N,\N
4131,98,12,\N,\N,\N,\N
4132,31101,12,\N,\N,\N,\N
4133,32855,12,\N,\N,\N,\N
4134,13921,12,\N,\N,\N,\N
4135,16594,12,\N,\N,\N,\N
4136,37927,12,\N,\N,\N,\N
4137,34431,12,\N,\N,\N,\N
4138,15838,12,\N,\N,\N,\N
4139,15659,12,\N,\N,\N,\N
4140,34140,12,\N,\N,\N,\N
4141,9266,12,\N,\N,\N,\N
4142,23739,12,\N,\N,\N,\N
4143,15522,12,\N,\N,\N,\N
4144,17639,12,\N,\N,\N,\N
4145,13562,12,\N,\N,\N,\N
4146,7476,12,\N,\N,\N,\N
4147,14913,12,\N,\N,\N,\N
4148,27072,12,\N,\N,\N,\N
4149,11881,12,\N,\N,\N,\N
4150,24746,12,\N,\N,\N,\N
4151,4868,12,\N,\N,\N,\N
4152,11330,12,\N,\N,\N,\N
4153,10242,12,\N,\N,\N,\N
4154,18377,12,\N,\N,\N,\N
4155,23115,12,\N,\N,\N,\N
4156,32059,12,\N,\N,\N,\N
4157,25160,12,\N,\N,\N,\N
4158,31393,12,\N,\N,\N,\N
4159,13482,12,\N,\N,\N,\N
4160,13847,12,\N,\N,\N,\N
4161,39187,12,\N,\N,\N,\N
4162,33570,12,\N,\N,\N,\N
4163,31932,12,\N,\N,\N,\N
4164,20149,12,\N,\N,\N,\N
4165,6449,12,\N,\N,\N,\N
4166,6134,12,\N,\N,\N,\N
4167,11335,12,\N,\N,\N,\N
4168,7256,12,\N,\N,\N,\N
4169,24717,12,\N,\N,\N,\N
4170,24404,12,\N,\N,\N,\N
4171,6508,12,\N,\N,\N,\N
4172,15036,12,\N,\N,\N,\N
4173,25033,12,\N,\N,\N,\N
4174,15398,12,\N,\N,\N,\N
4175,15338,12,\N,\N,\N,\N
4176,28484,12,\N,\N,\N,\N
4177,36638,12,\N,\N,\N,\N
4178,18285,12,\N,\N,\N,\N
4179,21709,12,\N,\N,\N,\N
4180,28451,12,\N,\N,\N,\N
4181,16751,12,\N,\N,\N,\N
4182,26531,12,\N,\N,\N,\N
4183,28742,12,\N,\N,\N,\N
4184,35316,12,\N,\N,\N,\N
4185,2253,12,\N,\N,\N,\N
4186,3540,12,\N,\N,\N,\N
4187,6530,12,\N,\N,\N,\N
4188,22922,12,\N,\N,\N,\N
4189,12737,12,\N,\N,\N,\N
4190,33614,12,\N,\N,\N,\N
4191,13295,12,\N,\N,\N,\N
4192,22631,12,\N,\N,\N,\N
4193,28202,12,\N,\N,\N,\N
4194,143,12,\N,\N,\N,\N
4195,30586,12,\N,\N,\N,\N
4196,38311,12,\N,\N,\N,\N
4197,33905,12,\N,\N,\N,\N
4198,18824,12,\N,\N,\N,\N
4199,20696,12,\N,\N,\N,\N
4200,4786,12,\N,\N,\N,\N
4201,15058,12,\N,\N,\N,\N
4202,33355,12,\N,\N,\N,\N
4203,14403,12,\N,\N,\N,\N
4204,5119,12,\N,\N,\N,\N
4205,28596,12,\N,\N,\N,\N
4206,9125,12,\N,\N,\N,\N
4207,10300,12,\N,\N,\N,\N
4208,3172,12,\N,\N,\N,\N
4209,7031,12,\N,\N,\N,\N
4210,19471,12,\N,\N,\N,\N
4211,4079,12,\N,\N,\N,\N
4212,20565,12,\N,\N,\N,\N
4213,3116,12,\N,\N,\N,\N
4214,34975,12,\N,\N,\N,\N
4215,26803,12,\N,\N,\N,\N
4216,9351,12,\N,\N,\N,\N
4217,21645,12,\N,\N,\N,\N
4218,1647,12,\N,\N,\N,\N
4219,20046,12,\N,\N,\N,\N
4220,1494,12,\N,\N,\N,\N
4221,31476,12,\N,\N,\N,\N
4222,14616,12,\N,\N,\N,\N
4223,21569,12,\N,\N,\N,\N
4224,5188,12,\N,\N,\N,\N
4225,18564,12,\N,\N,\N,\N
4226,8196,12,\N,\N,\N,\N
4227,17024,12,\N,\N,\N,\N
4228,35840,12,\N,\N,\N,\N
4229,19336,12,\N,\N,\N,\N
4230,16418,12,\N,\N,\N,\N
4231,3192,12,\N,\N,\N,\N
4232,23271,12,\N,\N,\N,\N
4233,36178,12,\N,\N,\N,\N
4234,39206,12,\N,\N,\N,\N
4235,6630,12,\N,\N,\N,\N
4236,5213,12,\N,\N,\N,\N
4237,5482,12,\N,\N,\N,\N
4238,18784,12,\N,\N,\N,\N
4239,38929,12,\N,\N,\N,\N
4240,1330,12,\N,\N,\N,\N
4241,249,12,\N,\N,\N,\N
4242,28890,12,\N,\N,\N,\N
4243,30755,12,\N,\N,\N,\N
4244,5490,12,\N,\N,\N,\N
4245,22127,12,\N,\N,\N,\N
4246,33552,12,\N,\N,\N,\N
4247,17184,12,\N,\N,\N,\N
4248,27498,12,\N,\N,\N,\N
4249,12484,12,\N,\N,\N,\N
4250,29440,12,\N,\N,\N,\N
4251,2974,12,\N,\N,\N,\N
4252,17691,12,\N,\N,\N,\N
4253,35151,12,\N,\N,\N,\N
4254,39561,12,\N,\N,\N,\N
4255,32121,12,\N,\N,\N,\N
4256,21499,12,\N,\N,\N,\N
4257,4274,12,\N,\N,\N,\N
4258,22299,12,\N,\N,\N,\N
4259,34878,12,\N,\N,\N,\N
4260,14617,12,\N,\N,\N,\N
4261,11984,12,\N,\N,\N,\N
4262,28885,12,\N,\N,\N,\N
4263,3169,12,\N,\N,\N,\N
4264,33324,12,\N,\N,\N,\N
4265,21423,12,\N,\N,\N,\N
4266,34888,12,\N,\N,\N,\N
4267,19911,12,\N,\N,\N,\N
4268,16944,12,\N,\N,\N,\N
4269,8801,12,\N,\N,\N,\N
4270,18073,12,\N,\N,\N,\N
4271,9944,12,\N,\N,\N,\N
4272,14165,12,\N,\N,\N,\N
4273,18956,12,\N,\N,\N,\N
4274,9658,12,\N,\N,\N,\N
4275,4712,12,\N,\N,\N,\N
4276,12602,12,\N,\N,\N,\N
4277,23597,12,\N,\N,\N,\N
4278,33148,12,\N,\N,\N,\N
4279,17512,12,\N,\N,\N,\N
4280,13525,12,\N,\N,\N,\N
4281,29391,12,\N,\N,\N,\N
4282,28765,12,\N,\N,\N,\N
4283,32233,12,\N,\N,\N,\N
4284,5802,12,\N,\N,\N,\N
4285,29926,12,\N,\N,\N,\N
4286,12231,12,\N,\N,\N,\N
4287,7296,12,\N,\N,\N,\N
4288,30731,12,\N,\N,\N,\N
4289,31311,12,\N,\N,\N,\N
4290,30637,12,\N,\N,\N,\N
4291,7562,12,\N,\N,\N,\N
4292,17547,12,\N,\N,\N,\N
4293,11427,12,\N,\N,\N,\N
4294,23149,12,\N,\N,\N,\N
4295,14197,12,\N,\N,\N,\N
4296,36357,12,\N,\N,\N,\N
4297,18316,12,\N,\N,\N,\N
4298,9258,12,\N,\N,\N,\N
4299,31798,12,\N,\N,\N,\N
4300,13059,12,\N,\N,\N,\N
4301,32134,12,\N,\N,\N,\N
4302,1916,12,\N,\N,\N,\N
4303,631,12,\N,\N,\N,\N
4304,13993,12,\N,\N,\N,\N
4305,7454,12,\N,\N,\N,\N
4306,9215,12,\N,\N,\N,\N
4307,14784,12,\N,\N,\N,\N
4308,21022,12,\N,\N,\N,\N
4309,32007,12,\N,\N,\N,\N
4310,3825,12,\N,\N,\N,\N
4311,23691,12,\N,\N,\N,\N
4312,7216,12,\N,\N,\N,\N
4313,34707,12,\N,\N,\N,\N
4314,10586,12,\N,\N,\N,\N
4315,626,12,\N,\N,\N,\N
4316,11493,12,\N,\N,\N,\N
4317,6469,12,\N,\N,\N,\N
4318,8367,12,\N,\N,\N,\N
4319,5600,12,\N,\N,\N,\N
4320,11076,12,\N,\N,\N,\N
4321,20690,12,\N,\N,\N,\N
4322,16183,12,\N,\N,\N,\N
4323,33357,12,\N,\N,\N,\N
4324,12489,12,\N,\N,\N,\N
4325,36264,12,\N,\N,\N,\N
4326,814,12,\N,\N,\N,\N
4327,414,12,\N,\N,\N,\N
4328,16802,12,\N,\N,\N,\N
4329,29479,12,\N,\N,\N,\N
4330,29988,12,\N,\N,\N,\N
4331,17663,12,\N,\N,\N,\N
4332,29490,12,\N,\N,\N,\N
4333,26660,12,\N,\N,\N,\N
4334,2437,12,\N,\N,\N,\N
4335,7542,12,\N,\N,\N,\N
4336,10864,12,\N,\N,\N,\N
4337,1415,12,\N,\N,\N,\N
4338,26572,12,\N,\N,\N,\N
4339,10249,12,\N,\N,\N,\N
4340,6104,12,\N,\N,\N,\N
4341,17401,12,\N,\N,\N,\N
4342,29865,12,\N,\N,\N,\N
4343,6211,12,\N,\N,\N,\N
4344,1874,12,\N,\N,\N,\N
4345,11906,12,\N,\N,\N,\N
4346,33650,12,\N,\N,\N,\N
4347,15960,12,\N,\N,\N,\N
4348,2871,12,\N,\N,\N,\N
4349,37818,12,\N,\N,\N,\N
4350,45,12,\N,\N,\N,\N
4351,31403,12,\N,\N,\N,\N
4352,38562,12,\N,\N,\N,\N
4353,7248,12,\N,\N,\N,\N
4354,15339,12,\N,\N,\N,\N
4355,75,12,\N,\N,\N,\N
4356,5711,12,\N,\N,\N,\N
4357,8781,12,\N,\N,\N,\N
4358,10828,12,\N,\N,\N,\N
4359,6582,12,\N,\N,\N,\N
4360,19283,12,\N,\N,\N,\N
4361,38536,12,\N,\N,\N,\N
4362,27679,12,\N,\N,\N,\N
4363,27286,12,\N,\N,\N,\N
4364,12427,12,\N,\N,\N,\N
4365,21080,12,\N,\N,\N,\N
4366,39301,12,\N,\N,\N,\N
4367,24776,12,\N,\N,\N,\N
4368,11809,12,\N,\N,\N,\N
4369,33413,12,\N,\N,\N,\N
4370,25949,12,\N,\N,\N,\N
4371,27233,12,\N,\N,\N,\N
4372,25642,12,\N,\N,\N,\N
4373,12936,12,\N,\N,\N,\N
4374,33727,12,\N,\N,\N,\N
4375,28910,12,\N,\N,\N,\N
4376,15919,12,\N,\N,\N,\N
4377,19223,12,\N,\N,\N,\N
4378,14582,12,\N,\N,\N,\N
4379,11553,12,\N,\N,\N,\N
4380,38925,12,\N,\N,\N,\N
4381,38373,12,\N,\N,\N,\N
4382,39262,12,\N,\N,\N,\N
4383,13630,12,\N,\N,\N,\N
4384,27438,12,\N,\N,\N,\N
4385,14311,12,\N,\N,\N,\N
4386,13798,12,\N,\N,\N,\N
4387,12578,12,\N,\N,\N,\N
4388,15097,12,\N,\N,\N,\N
4389,30455,12,\N,\N,\N,\N
4390,20634,12,\N,\N,\N,\N
4391,10381,12,\N,\N,\N,\N
4392,21881,12,\N,\N,\N,\N
4393,34537,12,\N,\N,\N,\N
4394,6192,12,\N,\N,\N,\N
4395,35852,12,\N,\N,\N,\N
4396,35581,12,\N,\N,\N,\N
4397,25831,12,\N,\N,\N,\N
4398,12417,12,\N,\N,\N,\N
4399,4344,12,\N,\N,\N,\N
4400,1541,12,\N,\N,\N,\N
4401,8423,12,\N,\N,\N,\N
4402,15788,12,\N,\N,\N,\N
4403,14002,12,\N,\N,\N,\N
4404,36863,12,\N,\N,\N,\N
4405,34375,12,\N,\N,\N,\N
4406,16814,12,\N,\N,\N,\N
4407,10171,12,\N,\N,\N,\N
4408,3009,12,\N,\N,\N,\N
4409,1627,12,\N,\N,\N,\N
4410,28769,12,\N,\N,\N,\N
4411,17219,12,\N,\N,\N,\N
4412,21820,12,\N,\N,\N,\N
4413,17832,12,\N,\N,\N,\N
4414,25683,12,\N,\N,\N,\N
4415,31066,12,\N,\N,\N,\N
4416,2267,12,\N,\N,\N,\N
4417,20987,12,\N,\N,\N,\N
4418,1407,12,\N,\N,\N,\N
4419,39708,12,\N,\N,\N,\N
4420,10636,12,\N,\N,\N,\N
4421,18269,12,\N,\N,\N,\N
4422,39305,12,\N,\N,\N,\N
4423,4584,12,\N,\N,\N,\N
4424,36489,12,\N,\N,\N,\N
4425,18669,12,\N,\N,\N,\N
4426,2029,12,\N,\N,\N,\N
4427,12109,12,\N,\N,\N,\N
4428,1631,12,\N,\N,\N,\N
4429,12236,12,\N,\N,\N,\N
4430,21321,12,\N,\N,\N,\N
4431,26938,12,\N,\N,\N,\N
4432,36088,12,\N,\N,\N,\N
4433,19596,12,\N,\N,\N,\N
4434,17809,12,\N,\N,\N,\N
4435,22987,12,\N,\N,\N,\N
4436,17461,12,\N,\N,\N,\N
4437,7246,12,\N,\N,\N,\N
4438,2715,12,\N,\N,\N,\N
4439,5653,12,\N,\N,\N,\N
4440,8989,12,\N,\N,\N,\N
4441,33282,12,\N,\N,\N,\N
4442,16022,12,\N,\N,\N,\N
4443,5358,12,\N,\N,\N,\N
4444,23661,12,\N,\N,\N,\N
4445,33292,12,\N,\N,\N,\N
4446,14569,12,\N,\N,\N,\N
4447,36748,12,\N,\N,\N,\N
4448,28936,12,\N,\N,\N,\N
4449,7980,12,\N,\N,\N,\N
4450,34200,12,\N,\N,\N,\N
4451,33049,12,\N,\N,\N,\N
4452,15545,12,\N,\N,\N,\N
4453,16356,12,\N,\N,\N,\N
4454,13024,12,\N,\N,\N,\N
4455,15863,12,\N,\N,\N,\N
4456,24333,12,\N,\N,\N,\N
4457,8618,12,\N,\N,\N,\N
4458,23856,12,\N,\N,\N,\N
4459,39975,12,\N,\N,\N,\N
4460,11316,12,\N,\N,\N,\N
4461,35770,12,\N,\N,\N,\N
4462,29374,12,\N,\N,\N,\N
4463,22726,12,\N,\N,\N,\N
4464,36697,12,\N,\N,\N,\N
4465,1180,12,\N,\N,\N,\N
4466,27271,12,\N,\N,\N,\N
4467,25814,12,\N,\N,\N,\N
4468,14909,12,\N,\N,\N,\N
4469,12611,12,\N,\N,\N,\N
4470,15584,12,\N,\N,\N,\N
4471,10886,12,\N,\N,\N,\N
4472,39318,12,\N,\N,\N,\N
4473,37134,12,\N,\N,\N,\N
4474,2793,12,\N,\N,\N,\N
4475,17106,12,\N,\N,\N,\N
4476,894,12,\N,\N,\N,\N
4477,7750,12,\N,\N,\N,\N
4478,8608,12,\N,\N,\N,\N
4479,7931,12,\N,\N,\N,\N
4480,21487,12,\N,\N,\N,\N
4481,30823,12,\N,\N,\N,\N
4482,39094,12,\N,\N,\N,\N
4483,1591,12,\N,\N,\N,\N
4484,31111,12,\N,\N,\N,\N
4485,39325,12,\N,\N,\N,\N
4486,5369,12,\N,\N,\N,\N
4487,17496,12,\N,\N,\N,\N
4488,33832,12,\N,\N,\N,\N
4489,13444,12,\N,\N,\N,\N
4490,35227,12,\N,\N,\N,\N
4491,20291,12,\N,\N,\N,\N
4492,3757,12,\N,\N,\N,\N
4493,20314,12,\N,\N,\N,\N
4494,23749,12,\N,\N,\N,\N
4495,3575,12,\N,\N,\N,\N
4496,21539,12,\N,\N,\N,\N
4497,10338,12,\N,\N,\N,\N
4498,22957,12,\N,\N,\N,\N
4499,25651,12,\N,\N,\N,\N
4500,26435,12,\N,\N,\N,\N
4501,2152,13,\N,\N,\N,\N
4502,14826,13,\N,\N,\N,\N
4503,26156,13,\N,\N,\N,\N
4504,9140,13,\N,\N,\N,\N
4505,38366,13,\N,\N,\N,\N
4506,17765,13,\N,\N,\N,\N
4507,33163,13,\N,\N,\N,\N
4508,29422,13,\N,\N,\N,\N
4509,28538,13,\N,\N,\N,\N
4510,6282,13,\N,\N,\N,\N
4511,1438,13,\N,\N,\N,\N
4512,15798,13,\N,\N,\N,\N
4513,33838,13,\N,\N,\N,\N
4514,10533,13,\N,\N,\N,\N
4515,27355,13,\N,\N,\N,\N
4516,11021,13,\N,\N,\N,\N
4517,4886,13,\N,\N,\N,\N
4518,36137,13,\N,\N,\N,\N
4519,325,13,\N,\N,\N,\N
4520,27513,13,\N,\N,\N,\N
4521,17189,13,\N,\N,\N,\N
4522,6656,13,\N,\N,\N,\N
4523,5511,13,\N,\N,\N,\N
4524,8762,13,\N,\N,\N,\N
4525,28261,13,\N,\N,\N,\N
4526,36830,13,\N,\N,\N,\N
4527,2201,13,\N,\N,\N,\N
4528,26385,13,\N,\N,\N,\N
4529,16910,13,\N,\N,\N,\N
4530,5439,13,\N,\N,\N,\N
4531,21201,13,\N,\N,\N,\N
4532,10400,13,\N,\N,\N,\N
4533,3496,13,\N,\N,\N,\N
4534,3868,13,\N,\N,\N,\N
4535,25876,13,\N,\N,\N,\N
4536,5080,13,\N,\N,\N,\N
4537,18592,13,\N,\N,\N,\N
4538,1097,13,\N,\N,\N,\N
4539,29174,13,\N,\N,\N,\N
4540,3947,13,\N,\N,\N,\N
4541,15308,13,\N,\N,\N,\N
4542,27651,13,\N,\N,\N,\N
4543,16657,13,\N,\N,\N,\N
4544,26677,13,\N,\N,\N,\N
4545,13508,13,\N,\N,\N,\N
4546,5904,13,\N,\N,\N,\N
4547,448,13,\N,\N,\N,\N
4548,30811,13,\N,\N,\N,\N
4549,38026,13,\N,\N,\N,\N
4550,33348,13,\N,\N,\N,\N
4551,30513,13,\N,\N,\N,\N
4552,22941,13,\N,\N,\N,\N
4553,11245,13,\N,\N,\N,\N
4554,20541,13,\N,\N,\N,\N
4555,30932,13,\N,\N,\N,\N
4556,37756,13,\N,\N,\N,\N
4557,21077,13,\N,\N,\N,\N
4558,23300,13,\N,\N,\N,\N
4559,18239,13,\N,\N,\N,\N
4560,36511,13,\N,\N,\N,\N
4561,15294,13,\N,\N,\N,\N
4562,2643,13,\N,\N,\N,\N
4563,12371,13,\N,\N,\N,\N
4564,3404,13,\N,\N,\N,\N
4565,4032,13,\N,\N,\N,\N
4566,24867,13,\N,\N,\N,\N
4567,33114,13,\N,\N,\N,\N
4568,29290,13,\N,\N,\N,\N
4569,21973,13,\N,\N,\N,\N
4570,17872,13,\N,\N,\N,\N
4571,4076,13,\N,\N,\N,\N
4572,11444,13,\N,\N,\N,\N
4573,14925,13,\N,\N,\N,\N
4574,3689,13,\N,\N,\N,\N
4575,2808,13,\N,\N,\N,\N
4576,12823,13,\N,\N,\N,\N
4577,8624,13,\N,\N,\N,\N
4578,31040,13,\N,\N,\N,\N
4579,19544,13,\N,\N,\N,\N
4580,32220,13,\N,\N,\N,\N
4581,18680,13,\N,\N,\N,\N
4582,32247,13,\N,\N,\N,\N
4583,13144,13,\N,\N,\N,\N
4584,15404,13,\N,\N,\N,\N
4585,32536,13,\N,\N,\N,\N
4586,16284,13,\N,\N,\N,\N
4587,31578,13,\N,\N,\N,\N
4588,25446,13,\N,\N,\N,\N
4589,22540,13,\N,\N,\N,\N
4590,17408,13,\N,\N,\N,\N
4591,14416,13,\N,\N,\N,\N
4592,680,13,\N,\N,\N,\N
4593,26598,13,\N,\N,\N,\N
4594,20909,13,\N,\N,\N,\N
4595,32660,13,\N,\N,\N,\N
4596,18273,13,\N,\N,\N,\N
4597,27472,13,\N,\N,\N,\N
4598,33567,13,\N,\N,\N,\N
4599,21195,13,\N,\N,\N,\N
4600,1370,13,\N,\N,\N,\N
4601,38353,13,\N,\N,\N,\N
4602,31326,13,\N,\N,\N,\N
4603,39854,13,\N,\N,\N,\N
4604,37341,13,\N,\N,\N,\N
4605,37522,13,\N,\N,\N,\N
4606,15648,13,\N,\N,\N,\N
4607,515,13,\N,\N,\N,\N
4608,35965,13,\N,\N,\N,\N
4609,31879,13,\N,\N,\N,\N
4610,21868,13,\N,\N,\N,\N
4611,2377,13,\N,\N,\N,\N
4612,38890,13,\N,\N,\N,\N
4613,32532,13,\N,\N,\N,\N
4614,27650,13,\N,\N,\N,\N
4615,19163,13,\N,\N,\N,\N
4616,16186,13,\N,\N,\N,\N
4617,36478,13,\N,\N,\N,\N
4618,22596,13,\N,\N,\N,\N
4619,32336,13,\N,\N,\N,\N
4620,26288,13,\N,\N,\N,\N
4621,31453,13,\N,\N,\N,\N
4622,37866,13,\N,\N,\N,\N
4623,2386,13,\N,\N,\N,\N
4624,31355,13,\N,\N,\N,\N
4625,38977,13,\N,\N,\N,\N
4626,26050,13,\N,\N,\N,\N
4627,1292,13,\N,\N,\N,\N
4628,39679,13,\N,\N,\N,\N
4629,20693,13,\N,\N,\N,\N
4630,2258,13,\N,\N,\N,\N
4631,2861,13,\N,\N,\N,\N
4632,32417,13,\N,\N,\N,\N
4633,28741,13,\N,\N,\N,\N
4634,1338,13,\N,\N,\N,\N
4635,12022,13,\N,\N,\N,\N
4636,14512,13,\N,\N,\N,\N
4637,18787,13,\N,\N,\N,\N
4638,32243,13,\N,\N,\N,\N
4639,1403,13,\N,\N,\N,\N
4640,21323,13,\N,\N,\N,\N
4641,624,13,\N,\N,\N,\N
4642,7774,13,\N,\N,\N,\N
4643,11072,13,\N,\N,\N,\N
4644,10081,13,\N,\N,\N,\N
4645,38491,13,\N,\N,\N,\N
4646,11106,13,\N,\N,\N,\N
4647,19397,13,\N,\N,\N,\N
4648,14700,13,\N,\N,\N,\N
4649,29160,13,\N,\N,\N,\N
4650,13564,13,\N,\N,\N,\N
4651,25279,13,\N,\N,\N,\N
4652,5041,13,\N,\N,\N,\N
4653,34838,13,\N,\N,\N,\N
4654,8702,13,\N,\N,\N,\N
4655,31163,13,\N,\N,\N,\N
4656,23697,13,\N,\N,\N,\N
4657,15747,13,\N,\N,\N,\N
4658,15536,13,\N,\N,\N,\N
4659,6620,13,\N,\N,\N,\N
4660,11373,13,\N,\N,\N,\N
4661,29977,13,\N,\N,\N,\N
4662,3607,13,\N,\N,\N,\N
4663,20773,13,\N,\N,\N,\N
4664,14869,13,\N,\N,\N,\N
4665,12472,13,\N,\N,\N,\N
4666,33793,13,\N,\N,\N,\N
4667,6082,13,\N,\N,\N,\N
4668,5325,13,\N,\N,\N,\N
4669,8048,13,\N,\N,\N,\N
4670,18913,13,\N,\N,\N,\N
4671,5254,13,\N,\N,\N,\N
4672,20513,13,\N,\N,\N,\N
4673,33576,13,\N,\N,\N,\N
4674,37175,13,\N,\N,\N,\N
4675,12912,13,\N,\N,\N,\N
4676,23269,13,\N,\N,\N,\N
4677,4112,13,\N,\N,\N,\N
4678,1495,13,\N,\N,\N,\N
4679,6110,13,\N,\N,\N,\N
4680,641,13,\N,\N,\N,\N
4681,24827,13,\N,\N,\N,\N
4682,35885,13,\N,\N,\N,\N
4683,11226,13,\N,\N,\N,\N
4684,39314,13,\N,\N,\N,\N
4685,17079,13,\N,\N,\N,\N
4686,37041,13,\N,\N,\N,\N
4687,17329,13,\N,\N,\N,\N
4688,36052,13,\N,\N,\N,\N
4689,37556,13,\N,\N,\N,\N
4690,21147,13,\N,\N,\N,\N
4691,33500,13,\N,\N,\N,\N
4692,36971,13,\N,\N,\N,\N
4693,21113,13,\N,\N,\N,\N
4694,31710,13,\N,\N,\N,\N
4695,14520,13,\N,\N,\N,\N
4696,34811,13,\N,\N,\N,\N
4697,2313,13,\N,\N,\N,\N
4698,28152,13,\N,\N,\N,\N
4699,33779,13,\N,\N,\N,\N
4700,18665,13,\N,\N,\N,\N
4701,24296,13,\N,\N,\N,\N
4702,12258,13,\N,\N,\N,\N
4703,14469,13,\N,\N,\N,\N
4704,10144,13,\N,\N,\N,\N
4705,16333,13,\N,\N,\N,\N
4706,27169,13,\N,\N,\N,\N
4707,20837,13,\N,\N,\N,\N
4708,24488,13,\N,\N,\N,\N
4709,6020,13,\N,\N,\N,\N
4710,5502,13,\N,\N,\N,\N
4711,28323,13,\N,\N,\N,\N
4712,32703,13,\N,\N,\N,\N
4713,37920,13,\N,\N,\N,\N
4714,38985,13,\N,\N,\N,\N
4715,1277,13,\N,\N,\N,\N
4716,28291,13,\N,\N,\N,\N
4717,13260,13,\N,\N,\N,\N
4718,29349,13,\N,\N,\N,\N
4719,32646,13,\N,\N,\N,\N
4720,34765,13,\N,\N,\N,\N
4721,21699,13,\N,\N,\N,\N
4722,19195,13,\N,\N,\N,\N
4723,36290,13,\N,\N,\N,\N
4724,23914,13,\N,\N,\N,\N
4725,8384,13,\N,\N,\N,\N
4726,2057,13,\N,\N,\N,\N
4727,2469,13,\N,\N,\N,\N
4728,7198,13,\N,\N,\N,\N
4729,7572,13,\N,\N,\N,\N
4730,39807,13,\N,\N,\N,\N
4731,31520,13,\N,\N,\N,\N
4732,26921,13,\N,\N,\N,\N
4733,16059,13,\N,\N,\N,\N
4734,31349,13,\N,\N,\N,\N
4735,16341,13,\N,\N,\N,\N
4736,18249,13,\N,\N,\N,\N
4737,38765,13,\N,\N,\N,\N
4738,23138,13,\N,\N,\N,\N
4739,29423,13,\N,\N,\N,\N
4740,17270,13,\N,\N,\N,\N
4741,13855,13,\N,\N,\N,\N
4742,30942,13,\N,\N,\N,\N
4743,14159,13,\N,\N,\N,\N
4744,19484,13,\N,\N,\N,\N
4745,38379,13,\N,\N,\N,\N
4746,30285,13,\N,\N,\N,\N
4747,9138,13,\N,\N,\N,\N
4748,36352,13,\N,\N,\N,\N
4749,6791,13,\N,\N,\N,\N
4750,8430,13,\N,\N,\N,\N
4751,12685,13,\N,\N,\N,\N
4752,10680,13,\N,\N,\N,\N
4753,15387,13,\N,\N,\N,\N
4754,33596,13,\N,\N,\N,\N
4755,21345,13,\N,\N,\N,\N
4756,5773,13,\N,\N,\N,\N
4757,3910,13,\N,\N,\N,\N
4758,5601,13,\N,\N,\N,\N
4759,18087,13,\N,\N,\N,\N
4760,8804,13,\N,\N,\N,\N
4761,29586,13,\N,\N,\N,\N
4762,28058,13,\N,\N,\N,\N
4763,25349,13,\N,\N,\N,\N
4764,13680,13,\N,\N,\N,\N
4765,2748,13,\N,\N,\N,\N
4766,24673,13,\N,\N,\N,\N
4767,12768,13,\N,\N,\N,\N
4768,3234,13,\N,\N,\N,\N
4769,13735,13,\N,\N,\N,\N
4770,27933,13,\N,\N,\N,\N
4771,28283,13,\N,\N,\N,\N
4772,31190,13,\N,\N,\N,\N
4773,38685,13,\N,\N,\N,\N
4774,30497,13,\N,\N,\N,\N
4775,20088,13,\N,\N,\N,\N
4776,34807,13,\N,\N,\N,\N
4777,8625,13,\N,\N,\N,\N
4778,20660,13,\N,\N,\N,\N
4779,15973,13,\N,\N,\N,\N
4780,28160,13,\N,\N,\N,\N
4781,19667,13,\N,\N,\N,\N
4782,20390,13,\N,\N,\N,\N
4783,22845,13,\N,\N,\N,\N
4784,2542,13,\N,\N,\N,\N
4785,2775,13,\N,\N,\N,\N
4786,25377,13,\N,\N,\N,\N
4787,17393,13,\N,\N,\N,\N
4788,26502,13,\N,\N,\N,\N
4789,17074,13,\N,\N,\N,\N
4790,21461,13,\N,\N,\N,\N
4791,11167,13,\N,\N,\N,\N
4792,15187,13,\N,\N,\N,\N
4793,8826,13,\N,\N,\N,\N
4794,30902,13,\N,\N,\N,\N
4795,5463,13,\N,\N,\N,\N
4796,23460,13,\N,\N,\N,\N
4797,7580,13,\N,\N,\N,\N
4798,23731,13,\N,\N,\N,\N
4799,25582,13,\N,\N,\N,\N
4800,30953,13,\N,\N,\N,\N
4801,32581,13,\N,\N,\N,\N
4802,25978,13,\N,\N,\N,\N
4803,23874,13,\N,\N,\N,\N
4804,28941,13,\N,\N,\N,\N
4805,21130,13,\N,\N,\N,\N
4806,34713,13,\N,\N,\N,\N
4807,31781,13,\N,\N,\N,\N
4808,35945,13,\N,\N,\N,\N
4809,27075,13,\N,\N,\N,\N
4810,32330,13,\N,\N,\N,\N
4811,30399,13,\N,\N,\N,\N
4812,28468,13,\N,\N,\N,\N
4813,25031,13,\N,\N,\N,\N
4814,26794,13,\N,\N,\N,\N
4815,13323,13,\N,\N,\N,\N
4816,20925,13,\N,\N,\N,\N
4817,22370,13,\N,\N,\N,\N
4818,20195,13,\N,\N,\N,\N
4819,39781,13,\N,\N,\N,\N
4820,26915,13,\N,\N,\N,\N
4821,37698,13,\N,\N,\N,\N
4822,20722,13,\N,\N,\N,\N
4823,4639,13,\N,\N,\N,\N
4824,10298,13,\N,\N,\N,\N
4825,9409,13,\N,\N,\N,\N
4826,33042,13,\N,\N,\N,\N
4827,17225,13,\N,\N,\N,\N
4828,24942,13,\N,\N,\N,\N
4829,30721,13,\N,\N,\N,\N
4830,13438,13,\N,\N,\N,\N
4831,9492,13,\N,\N,\N,\N
4832,2374,13,\N,\N,\N,\N
4833,31887,13,\N,\N,\N,\N
4834,21819,13,\N,\N,\N,\N
4835,27552,13,\N,\N,\N,\N
4836,24928,13,\N,\N,\N,\N
4837,25211,13,\N,\N,\N,\N
4838,38106,13,\N,\N,\N,\N
4839,31032,13,\N,\N,\N,\N
4840,11331,13,\N,\N,\N,\N
4841,17572,13,\N,\N,\N,\N
4842,5101,13,\N,\N,\N,\N
4843,36033,13,\N,\N,\N,\N
4844,29018,13,\N,\N,\N,\N
4845,8560,13,\N,\N,\N,\N
4846,38023,13,\N,\N,\N,\N
4847,8141,13,\N,\N,\N,\N
4848,29536,13,\N,\N,\N,\N
4849,755,13,\N,\N,\N,\N
4850,34948,13,\N,\N,\N,\N
4851,32767,13,\N,\N,\N,\N
4852,18997,13,\N,\N,\N,\N
4853,32113,13,\N,\N,\N,\N
4854,35215,13,\N,\N,\N,\N
4855,32463,13,\N,\N,\N,\N
4856,3244,13,\N,\N,\N,\N
4857,21116,13,\N,\N,\N,\N
4858,19341,13,\N,\N,\N,\N
4859,1412,13,\N,\N,\N,\N
4860,15362,13,\N,\N,\N,\N
4861,10944,13,\N,\N,\N,\N
4862,15343,13,\N,\N,\N,\N
4863,29801,13,\N,\N,\N,\N
4864,39131,13,\N,\N,\N,\N
4865,28398,13,\N,\N,\N,\N
4866,3586,13,\N,\N,\N,\N
4867,37805,13,\N,\N,\N,\N
4868,5305,13,\N,\N,\N,\N
4869,39805,13,\N,\N,\N,\N
4870,8341,13,\N,\N,\N,\N
4871,26907,13,\N,\N,\N,\N
4872,30952,13,\N,\N,\N,\N
4873,2930,13,\N,\N,\N,\N
4874,5493,13,\N,\N,\N,\N
4875,22843,13,\N,\N,\N,\N
4876,8927,13,\N,\N,\N,\N
4877,29495,13,\N,\N,\N,\N
4878,9752,13,\N,\N,\N,\N
4879,14972,13,\N,\N,\N,\N
4880,34758,13,\N,\N,\N,\N
4881,38752,13,\N,\N,\N,\N
4882,20460,13,\N,\N,\N,\N
4883,471,13,\N,\N,\N,\N
4884,37395,13,\N,\N,\N,\N
4885,13820,13,\N,\N,\N,\N
4886,5445,13,\N,\N,\N,\N
4887,25347,13,\N,\N,\N,\N
4888,38863,13,\N,\N,\N,\N
4889,37975,13,\N,\N,\N,\N
4890,24237,13,\N,\N,\N,\N
4891,13224,13,\N,\N,\N,\N
4892,17506,13,\N,\N,\N,\N
4893,10996,13,\N,\N,\N,\N
4894,20381,13,\N,\N,\N,\N
4895,25284,13,\N,\N,\N,\N
4896,9470,13,\N,\N,\N,\N
4897,16506,13,\N,\N,\N,\N
4898,26961,13,\N,\N,\N,\N
4899,37665,13,\N,\N,\N,\N
4900,23,13,\N,\N,\N,\N
4901,8825,13,\N,\N,\N,\N
4902,25177,13,\N,\N,\N,\N
4903,10918,13,\N,\N,\N,\N
4904,39562,13,\N,\N,\N,\N
4905,6342,13,\N,\N,\N,\N
4906,35022,13,\N,\N,\N,\N
4907,18532,13,\N,\N,\N,\N
4908,29084,13,\N,\N,\N,\N
4909,31602,13,\N,\N,\N,\N
4910,26533,13,\N,\N,\N,\N
4911,26765,13,\N,\N,\N,\N
4912,30695,13,\N,\N,\N,\N
4913,28449,13,\N,\N,\N,\N
4914,39319,13,\N,\N,\N,\N
4915,6810,13,\N,\N,\N,\N
4916,728,13,\N,\N,\N,\N
4917,8861,13,\N,\N,\N,\N
4918,39929,13,\N,\N,\N,\N
4919,14873,13,\N,\N,\N,\N
4920,38679,13,\N,\N,\N,\N
4921,39601,13,\N,\N,\N,\N
4922,37915,13,\N,\N,\N,\N
4923,18192,13,\N,\N,\N,\N
4924,25529,13,\N,\N,\N,\N
4925,15802,13,\N,\N,\N,\N
4926,26506,13,\N,\N,\N,\N
4927,38228,13,\N,\N,\N,\N
4928,27143,13,\N,\N,\N,\N
4929,38616,13,\N,\N,\N,\N
4930,14070,13,\N,\N,\N,\N
4931,12177,13,\N,\N,\N,\N
4932,30034,13,\N,\N,\N,\N
4933,15824,13,\N,\N,\N,\N
4934,10007,13,\N,\N,\N,\N
4935,22504,13,\N,\N,\N,\N
4936,13996,13,\N,\N,\N,\N
4937,13841,13,\N,\N,\N,\N
4938,9092,13,\N,\N,\N,\N
4939,37137,13,\N,\N,\N,\N
4940,30406,13,\N,\N,\N,\N
4941,9170,13,\N,\N,\N,\N
4942,24814,13,\N,\N,\N,\N
4943,11018,13,\N,\N,\N,\N
4944,14966,13,\N,\N,\N,\N
4945,39217,13,\N,\N,\N,\N
4946,3597,13,\N,\N,\N,\N
4947,22917,13,\N,\N,\N,\N
4948,26132,13,\N,\N,\N,\N
4949,32474,13,\N,\N,\N,\N
4950,20500,13,\N,\N,\N,\N
4951,32819,13,\N,\N,\N,\N
4952,23738,13,\N,\N,\N,\N
4953,12233,13,\N,\N,\N,\N
4954,30743,13,\N,\N,\N,\N
4955,4096,13,\N,\N,\N,\N
4956,7603,13,\N,\N,\N,\N
4957,26261,13,\N,\N,\N,\N
4958,32192,13,\N,\N,\N,\N
4959,2798,13,\N,\N,\N,\N
4960,29205,13,\N,\N,\N,\N
4961,37098,13,\N,\N,\N,\N
4962,39054,13,\N,\N,\N,\N
4963,29358,13,\N,\N,\N,\N
4964,12193,13,\N,\N,\N,\N
4965,8093,13,\N,\N,\N,\N
4966,31078,13,\N,\N,\N,\N
4967,4120,13,\N,\N,\N,\N
4968,38267,13,\N,\N,\N,\N
4969,18267,13,\N,\N,\N,\N
4970,38533,13,\N,\N,\N,\N
4971,5375,13,\N,\N,\N,\N
4972,19691,13,\N,\N,\N,\N
4973,4776,13,\N,\N,\N,\N
4974,2938,13,\N,\N,\N,\N
4975,22489,13,\N,\N,\N,\N
4976,36210,13,\N,\N,\N,\N
4977,25705,13,\N,\N,\N,\N
4978,29184,13,\N,\N,\N,\N
4979,35038,13,\N,\N,\N,\N
4980,21759,13,\N,\N,\N,\N
4981,16452,13,\N,\N,\N,\N
4982,13279,13,\N,\N,\N,\N
4983,37163,13,\N,\N,\N,\N
4984,19898,13,\N,\N,\N,\N
4985,18438,13,\N,\N,\N,\N
4986,22241,13,\N,\N,\N,\N
4987,22893,13,\N,\N,\N,\N
4988,38125,13,\N,\N,\N,\N
4989,4982,13,\N,\N,\N,\N
4990,24840,13,\N,\N,\N,\N
4991,16227,13,\N,\N,\N,\N
4992,19107,13,\N,\N,\N,\N
4993,11604,13,\N,\N,\N,\N
4994,19791,13,\N,\N,\N,\N
4995,9475,13,\N,\N,\N,\N
4996,19982,13,\N,\N,\N,\N
4997,1644,13,\N,\N,\N,\N
4998,36976,13,\N,\N,\N,\N
4999,39577,13,\N,\N,\N,\N
5000,15540,13,\N,\N,\N,\N
5001,10930,14,\N,\N,\N,\N
5002,36319,14,\N,\N,\N,\N
5003,39423,14,\N,\N,\N,\N
5004,18053,14,\N,\N,\N,\N
5005,7965,14,\N,\N,\N,\N
5006,30405,14,\N,\N,\N,\N
5007,38124,14,\N,\N,\N,\N
5008,14673,14,\N,\N,\N,\N
5009,31375,14,\N,\N,\N,\N
5010,32310,14,\N,\N,\N,\N
5011,34736,14,\N,\N,\N,\N
5012,17029,14,\N,\N,\N,\N
5013,9234,14,\N,\N,\N,\N
5014,20442,14,\N,\N,\N,\N
5015,24904,14,\N,\N,\N,\N
5016,39161,14,\N,\N,\N,\N
5017,34887,14,\N,\N,\N,\N
5018,37055,14,\N,\N,\N,\N
5019,17146,14,\N,\N,\N,\N
5020,3453,14,\N,\N,\N,\N
5021,28194,14,\N,\N,\N,\N
5022,34205,14,\N,\N,\N,\N
5023,33396,14,\N,\N,\N,\N
5024,4859,14,\N,\N,\N,\N
5025,34507,14,\N,\N,\N,\N
5026,9468,14,\N,\N,\N,\N
5027,30177,14,\N,\N,\N,\N
5028,28326,14,\N,\N,\N,\N
5029,21279,14,\N,\N,\N,\N
5030,2496,14,\N,\N,\N,\N
5031,36187,14,\N,\N,\N,\N
5032,17376,14,\N,\N,\N,\N
5033,36586,14,\N,\N,\N,\N
5034,23825,14,\N,\N,\N,\N
5035,32374,14,\N,\N,\N,\N
5036,20753,14,\N,\N,\N,\N
5037,3082,14,\N,\N,\N,\N
5038,15279,14,\N,\N,\N,\N
5039,21930,14,\N,\N,\N,\N
5040,1962,14,\N,\N,\N,\N
5041,27702,14,\N,\N,\N,\N
5042,16251,14,\N,\N,\N,\N
5043,29497,14,\N,\N,\N,\N
5044,9148,14,\N,\N,\N,\N
5045,18281,14,\N,\N,\N,\N
5046,35765,14,\N,\N,\N,\N
5047,24947,14,\N,\N,\N,\N
5048,20637,14,\N,\N,\N,\N
5049,2297,14,\N,\N,\N,\N
5050,32214,14,\N,\N,\N,\N
5051,11539,14,\N,\N,\N,\N
5052,38872,14,\N,\N,\N,\N
5053,36076,14,\N,\N,\N,\N
5054,848,14,\N,\N,\N,\N
5055,19298,14,\N,\N,\N,\N
5056,8817,14,\N,\N,\N,\N
5057,23324,14,\N,\N,\N,\N
5058,24183,14,\N,\N,\N,\N
5059,39491,14,\N,\N,\N,\N
5060,29733,14,\N,\N,\N,\N
5061,23468,14,\N,\N,\N,\N
5062,5323,14,\N,\N,\N,\N
5063,7468,14,\N,\N,\N,\N
5064,29721,14,\N,\N,\N,\N
5065,37562,14,\N,\N,\N,\N
5066,32752,14,\N,\N,\N,\N
5067,9970,14,\N,\N,\N,\N
5068,37680,14,\N,\N,\N,\N
5069,26357,14,\N,\N,\N,\N
5070,7345,14,\N,\N,\N,\N
5071,13145,14,\N,\N,\N,\N
5072,12048,14,\N,\N,\N,\N
5073,7555,14,\N,\N,\N,\N
5074,12596,14,\N,\N,\N,\N
5075,34440,14,\N,\N,\N,\N
5076,23056,14,\N,\N,\N,\N
5077,1690,14,\N,\N,\N,\N
5078,34549,14,\N,\N,\N,\N
5079,4456,14,\N,\N,\N,\N
5080,24546,14,\N,\N,\N,\N
5081,12169,14,\N,\N,\N,\N
5082,25438,14,\N,\N,\N,\N
5083,36964,14,\N,\N,\N,\N
5084,38515,14,\N,\N,\N,\N
5085,14148,14,\N,\N,\N,\N
5086,19697,14,\N,\N,\N,\N
5087,35323,14,\N,\N,\N,\N
5088,20055,14,\N,\N,\N,\N
5089,17803,14,\N,\N,\N,\N
5090,35094,14,\N,\N,\N,\N
5091,20752,14,\N,\N,\N,\N
5092,12104,14,\N,\N,\N,\N
5093,14153,14,\N,\N,\N,\N
5094,24908,14,\N,\N,\N,\N
5095,11674,14,\N,\N,\N,\N
5096,22474,14,\N,\N,\N,\N
5097,22051,14,\N,\N,\N,\N
5098,17933,14,\N,\N,\N,\N
5099,1242,14,\N,\N,\N,\N
5100,34584,14,\N,\N,\N,\N
5101,16044,14,\N,\N,\N,\N
5102,25677,14,\N,\N,\N,\N
5103,17629,14,\N,\N,\N,\N
5104,12933,14,\N,\N,\N,\N
5105,35599,14,\N,\N,\N,\N
5106,5911,14,\N,\N,\N,\N
5107,25400,14,\N,\N,\N,\N
5108,24735,14,\N,\N,\N,\N
5109,19999,14,\N,\N,\N,\N
5110,135,14,\N,\N,\N,\N
5111,9001,14,\N,\N,\N,\N
5112,7987,14,\N,\N,\N,\N
5113,33365,14,\N,\N,\N,\N
5114,39116,14,\N,\N,\N,\N
5115,2072,14,\N,\N,\N,\N
5116,6795,14,\N,\N,\N,\N
5117,309,14,\N,\N,\N,\N
5118,33010,14,\N,\N,\N,\N
5119,36711,14,\N,\N,\N,\N
5120,22583,14,\N,\N,\N,\N
5121,15001,14,\N,\N,\N,\N
5122,19287,14,\N,\N,\N,\N
5123,25741,14,\N,\N,\N,\N
5124,13346,14,\N,\N,\N,\N
5125,24819,14,\N,\N,\N,\N
5126,14479,14,\N,\N,\N,\N
5127,8504,14,\N,\N,\N,\N
5128,19402,14,\N,\N,\N,\N
5129,35421,14,\N,\N,\N,\N
5130,32816,14,\N,\N,\N,\N
5131,9252,14,\N,\N,\N,\N
5132,9251,14,\N,\N,\N,\N
5133,35287,14,\N,\N,\N,\N
5134,32279,14,\N,\N,\N,\N
5135,28576,14,\N,\N,\N,\N
5136,28403,14,\N,\N,\N,\N
5137,18106,14,\N,\N,\N,\N
5138,9832,14,\N,\N,\N,\N
5139,39487,14,\N,\N,\N,\N
5140,20006,14,\N,\N,\N,\N
5141,14506,14,\N,\N,\N,\N
5142,24067,14,\N,\N,\N,\N
5143,14180,14,\N,\N,\N,\N
5144,18174,14,\N,\N,\N,\N
5145,32016,14,\N,\N,\N,\N
5146,13512,14,\N,\N,\N,\N
5147,2949,14,\N,\N,\N,\N
5148,9526,14,\N,\N,\N,\N
5149,15603,14,\N,\N,\N,\N
5150,3311,14,\N,\N,\N,\N
5151,38972,14,\N,\N,\N,\N
5152,36431,14,\N,\N,\N,\N
5153,29388,14,\N,\N,\N,\N
5154,751,14,\N,\N,\N,\N
5155,35193,14,\N,\N,\N,\N
5156,18262,14,\N,\N,\N,\N
5157,37500,14,\N,\N,\N,\N
5158,3548,14,\N,\N,\N,\N
5159,39970,14,\N,\N,\N,\N
5160,35764,14,\N,\N,\N,\N
5161,30160,14,\N,\N,\N,\N
5162,2728,14,\N,\N,\N,\N
5163,27480,14,\N,\N,\N,\N
5164,27016,14,\N,\N,\N,\N
5165,28359,14,\N,\N,\N,\N
5166,39811,14,\N,\N,\N,\N
5167,17781,14,\N,\N,\N,\N
5168,35727,14,\N,\N,\N,\N
5169,7615,14,\N,\N,\N,\N
5170,1858,14,\N,\N,\N,\N
5171,34154,14,\N,\N,\N,\N
5172,8841,14,\N,\N,\N,\N
5173,34299,14,\N,\N,\N,\N
5174,28335,14,\N,\N,\N,\N
5175,14426,14,\N,\N,\N,\N
5176,6696,14,\N,\N,\N,\N
5177,11836,14,\N,\N,\N,\N
5178,20371,14,\N,\N,\N,\N
5179,21576,14,\N,\N,\N,\N
5180,18339,14,\N,\N,\N,\N
5181,17749,14,\N,\N,\N,\N
5182,32277,14,\N,\N,\N,\N
5183,38315,14,\N,\N,\N,\N
5184,18280,14,\N,\N,\N,\N
5185,20438,14,\N,\N,\N,\N
5186,29841,14,\N,\N,\N,\N
5187,28784,14,\N,\N,\N,\N
5188,2786,14,\N,\N,\N,\N
5189,26399,14,\N,\N,\N,\N
5190,9342,14,\N,\N,\N,\N
5191,13291,14,\N,\N,\N,\N
5192,7792,14,\N,\N,\N,\N
5193,23062,14,\N,\N,\N,\N
5194,27568,14,\N,\N,\N,\N
5195,28966,14,\N,\N,\N,\N
5196,16684,14,\N,\N,\N,\N
5197,20735,14,\N,\N,\N,\N
5198,34667,14,\N,\N,\N,\N
5199,38810,14,\N,\N,\N,\N
5200,15016,14,\N,\N,\N,\N
5201,38824,14,\N,\N,\N,\N
5202,13484,14,\N,\N,\N,\N
5203,33961,14,\N,\N,\N,\N
5204,10545,14,\N,\N,\N,\N
5205,11240,14,\N,\N,\N,\N
5206,12055,14,\N,\N,\N,\N
5207,33175,14,\N,\N,\N,\N
5208,29183,14,\N,\N,\N,\N
5209,4613,14,\N,\N,\N,\N
5210,284,14,\N,\N,\N,\N
5211,5086,14,\N,\N,\N,\N
5212,23152,14,\N,\N,\N,\N
5213,26776,14,\N,\N,\N,\N
5214,20528,14,\N,\N,\N,\N
5215,6989,14,\N,\N,\N,\N
5216,981,14,\N,\N,\N,\N
5217,36834,14,\N,\N,\N,\N
5218,30954,14,\N,\N,\N,\N
5219,6659,14,\N,\N,\N,\N
5220,10959,14,\N,\N,\N,\N
5221,36395,14,\N,\N,\N,\N
5222,30277,14,\N,\N,\N,\N
5223,22789,14,\N,\N,\N,\N
5224,311,14,\N,\N,\N,\N
5225,16311,14,\N,\N,\N,\N
5226,31170,14,\N,\N,\N,\N
5227,35797,14,\N,\N,\N,\N
5228,22045,14,\N,\N,\N,\N
5229,34110,14,\N,\N,\N,\N
5230,14214,14,\N,\N,\N,\N
5231,26620,14,\N,\N,\N,\N
5232,23685,14,\N,\N,\N,\N
5233,25312,14,\N,\N,\N,\N
5234,38039,14,\N,\N,\N,\N
5235,3912,14,\N,\N,\N,\N
5236,734,14,\N,\N,\N,\N
5237,30778,14,\N,\N,\N,\N
5238,38382,14,\N,\N,\N,\N
5239,16256,14,\N,\N,\N,\N
5240,9602,14,\N,\N,\N,\N
5241,11649,14,\N,\N,\N,\N
5242,22633,14,\N,\N,\N,\N
5243,18190,14,\N,\N,\N,\N
5244,10935,14,\N,\N,\N,\N
5245,35845,14,\N,\N,\N,\N
5246,37448,14,\N,\N,\N,\N
5247,13185,14,\N,\N,\N,\N
5248,4235,14,\N,\N,\N,\N
5249,31135,14,\N,\N,\N,\N
5250,18109,14,\N,\N,\N,\N
5251,39900,14,\N,\N,\N,\N
5252,38585,14,\N,\N,\N,\N
5253,18057,14,\N,\N,\N,\N
5254,39737,14,\N,\N,\N,\N
5255,4860,14,\N,\N,\N,\N
5256,4448,14,\N,\N,\N,\N
5257,5955,14,\N,\N,\N,\N
5258,37553,14,\N,\N,\N,\N
5259,5720,14,\N,\N,\N,\N
5260,3669,14,\N,\N,\N,\N
5261,31776,14,\N,\N,\N,\N
5262,32009,14,\N,\N,\N,\N
5263,570,14,\N,\N,\N,\N
5264,4884,14,\N,\N,\N,\N
5265,5206,14,\N,\N,\N,\N
5266,16845,14,\N,\N,\N,\N
5267,5339,14,\N,\N,\N,\N
5268,11134,14,\N,\N,\N,\N
5269,34592,14,\N,\N,\N,\N
5270,6694,14,\N,\N,\N,\N
5271,15113,14,\N,\N,\N,\N
5272,22607,14,\N,\N,\N,\N
5273,17121,14,\N,\N,\N,\N
5274,11651,14,\N,\N,\N,\N
5275,32438,14,\N,\N,\N,\N
5276,29045,14,\N,\N,\N,\N
5277,15494,14,\N,\N,\N,\N
5278,31038,14,\N,\N,\N,\N
5279,31991,14,\N,\N,\N,\N
5280,39102,14,\N,\N,\N,\N
5281,25917,14,\N,\N,\N,\N
5282,35722,14,\N,\N,\N,\N
5283,36857,14,\N,\N,\N,\N
5284,30938,14,\N,\N,\N,\N
5285,8517,14,\N,\N,\N,\N
5286,17928,14,\N,\N,\N,\N
5287,6886,14,\N,\N,\N,\N
5288,12307,14,\N,\N,\N,\N
5289,36686,14,\N,\N,\N,\N
5290,3056,14,\N,\N,\N,\N
5291,35696,14,\N,\N,\N,\N
5292,10375,14,\N,\N,\N,\N
5293,14059,14,\N,\N,\N,\N
5294,22964,14,\N,\N,\N,\N
5295,29501,14,\N,\N,\N,\N
5296,6061,14,\N,\N,\N,\N
5297,18474,14,\N,\N,\N,\N
5298,15673,14,\N,\N,\N,\N
5299,39721,14,\N,\N,\N,\N
5300,7767,14,\N,\N,\N,\N
5301,25611,14,\N,\N,\N,\N
5302,11487,14,\N,\N,\N,\N
5303,35901,14,\N,\N,\N,\N
5304,39667,14,\N,\N,\N,\N
5305,25522,14,\N,\N,\N,\N
5306,27101,14,\N,\N,\N,\N
5307,28796,14,\N,\N,\N,\N
5308,31124,14,\N,\N,\N,\N
5309,1102,14,\N,\N,\N,\N
5310,33981,14,\N,\N,\N,\N
5311,2898,14,\N,\N,\N,\N
5312,1856,14,\N,\N,\N,\N
5313,29998,14,\N,\N,\N,\N
5314,22686,14,\N,\N,\N,\N
5315,26289,14,\N,\N,\N,\N
5316,7614,14,\N,\N,\N,\N
5317,25561,14,\N,\N,\N,\N
5318,39825,14,\N,\N,\N,\N
5319,4979,14,\N,\N,\N,\N
5320,39861,14,\N,\N,\N,\N
5321,3361,14,\N,\N,\N,\N
5322,29627,14,\N,\N,\N,\N
5323,24258,14,\N,\N,\N,\N
5324,37168,14,\N,\N,\N,\N
5325,29907,14,\N,\N,\N,\N
5326,22880,14,\N,\N,\N,\N
5327,30349,14,\N,\N,\N,\N
5328,21588,14,\N,\N,\N,\N
5329,10703,14,\N,\N,\N,\N
5330,21953,14,\N,\N,\N,\N
5331,29524,14,\N,\N,\N,\N
5332,36302,14,\N,\N,\N,\N
5333,34893,14,\N,\N,\N,\N
5334,18695,14,\N,\N,\N,\N
5335,29112,14,\N,\N,\N,\N
5336,30858,14,\N,\N,\N,\N
5337,10305,14,\N,\N,\N,\N
5338,8932,14,\N,\N,\N,\N
5339,10805,14,\N,\N,\N,\N
5340,24396,14,\N,\N,\N,\N
5341,9916,14,\N,\N,\N,\N
5342,1395,14,\N,\N,\N,\N
5343,4270,14,\N,\N,\N,\N
5344,2713,14,\N,\N,\N,\N
5345,36072,14,\N,\N,\N,\N
5346,29709,14,\N,\N,\N,\N
5347,35042,14,\N,\N,\N,\N
5348,35267,14,\N,\N,\N,\N
5349,38056,14,\N,\N,\N,\N
5350,29642,14,\N,\N,\N,\N
5351,34582,14,\N,\N,\N,\N
5352,38134,14,\N,\N,\N,\N
5353,36325,14,\N,\N,\N,\N
5354,6643,14,\N,\N,\N,\N
5355,23006,14,\N,\N,\N,\N
5356,19236,14,\N,\N,\N,\N
5357,14182,14,\N,\N,\N,\N
5358,5261,14,\N,\N,\N,\N
5359,23525,14,\N,\N,\N,\N
5360,23074,14,\N,\N,\N,\N
5361,6127,14,\N,\N,\N,\N
5362,34943,14,\N,\N,\N,\N
5363,21514,14,\N,\N,\N,\N
5364,17354,14,\N,\N,\N,\N
5365,29928,14,\N,\N,\N,\N
5366,11015,14,\N,\N,\N,\N
5367,24078,14,\N,\N,\N,\N
5368,11096,14,\N,\N,\N,\N
5369,10018,14,\N,\N,\N,\N
5370,28075,14,\N,\N,\N,\N
5371,24786,14,\N,\N,\N,\N
5372,20406,14,\N,\N,\N,\N
5373,9623,14,\N,\N,\N,\N
5374,3617,14,\N,\N,\N,\N
5375,33011,14,\N,\N,\N,\N
5376,11481,14,\N,\N,\N,\N
5377,1955,14,\N,\N,\N,\N
5378,25524,14,\N,\N,\N,\N
5379,19771,14,\N,\N,\N,\N
5380,34856,14,\N,\N,\N,\N
5381,30219,14,\N,\N,\N,\N
5382,33031,14,\N,\N,\N,\N
5383,2767,14,\N,\N,\N,\N
5384,22119,14,\N,\N,\N,\N
5385,23329,14,\N,\N,\N,\N
5386,25693,14,\N,\N,\N,\N
5387,453,14,\N,\N,\N,\N
5388,5051,14,\N,\N,\N,\N
5389,20205,14,\N,\N,\N,\N
5390,36507,14,\N,\N,\N,\N
5391,16156,14,\N,\N,\N,\N
5392,21739,14,\N,\N,\N,\N
5393,36950,14,\N,\N,\N,\N
5394,23507,14,\N,\N,\N,\N
5395,29505,14,\N,\N,\N,\N
5396,23474,14,\N,\N,\N,\N
5397,8632,14,\N,\N,\N,\N
5398,23789,14,\N,\N,\N,\N
5399,18482,14,\N,\N,\N,\N
5400,24065,14,\N,\N,\N,\N
5401,362,14,\N,\N,\N,\N
5402,20579,14,\N,\N,\N,\N
5403,17603,14,\N,\N,\N,\N
5404,19784,14,\N,\N,\N,\N
5405,8348,14,\N,\N,\N,\N
5406,36945,14,\N,\N,\N,\N
5407,16348,14,\N,\N,\N,\N
5408,9555,14,\N,\N,\N,\N
5409,18850,14,\N,\N,\N,\N
5410,1087,14,\N,\N,\N,\N
5411,31123,14,\N,\N,\N,\N
5412,28142,14,\N,\N,\N,\N
5413,12229,14,\N,\N,\N,\N
5414,18421,14,\N,\N,\N,\N
5415,38279,14,\N,\N,\N,\N
5416,10541,14,\N,\N,\N,\N
5417,16692,14,\N,\N,\N,\N
5418,38528,14,\N,\N,\N,\N
5419,5319,14,\N,\N,\N,\N
5420,6521,14,\N,\N,\N,\N
5421,20327,14,\N,\N,\N,\N
5422,30760,14,\N,\N,\N,\N
5423,23440,14,\N,\N,\N,\N
5424,16945,14,\N,\N,\N,\N
5425,26280,14,\N,\N,\N,\N
5426,22422,14,\N,\N,\N,\N
5427,21305,14,\N,\N,\N,\N
5428,13333,14,\N,\N,\N,\N
5429,11251,14,\N,\N,\N,\N
5430,28143,14,\N,\N,\N,\N
5431,32928,14,\N,\N,\N,\N
5432,24739,14,\N,\N,\N,\N
5433,37630,14,\N,\N,\N,\N
5434,11612,14,\N,\N,\N,\N
5435,12056,14,\N,\N,\N,\N
5436,33046,14,\N,\N,\N,\N
5437,32097,14,\N,\N,\N,\N
5438,20507,14,\N,\N,\N,\N
5439,1220,14,\N,\N,\N,\N
5440,9059,14,\N,\N,\N,\N
5441,24102,14,\N,\N,\N,\N
5442,15251,14,\N,\N,\N,\N
5443,7208,14,\N,\N,\N,\N
5444,35005,14,\N,\N,\N,\N
5445,118,14,\N,\N,\N,\N
5446,27718,14,\N,\N,\N,\N
5447,6214,14,\N,\N,\N,\N
5448,39677,14,\N,\N,\N,\N
5449,37199,14,\N,\N,\N,\N
5450,5461,14,\N,\N,\N,\N
5451,35328,14,\N,\N,\N,\N
5452,29100,14,\N,\N,\N,\N
5453,15521,14,\N,\N,\N,\N
5454,31385,14,\N,\N,\N,\N
5455,25891,14,\N,\N,\N,\N
5456,38621,14,\N,\N,\N,\N
5457,4638,14,\N,\N,\N,\N
5458,20058,14,\N,\N,\N,\N
5459,3386,14,\N,\N,\N,\N
5460,23908,14,\N,\N,\N,\N
5461,36100,14,\N,\N,\N,\N
5462,231,14,\N,\N,\N,\N
5463,16528,14,\N,\N,\N,\N
5464,25823,14,\N,\N,\N,\N
5465,30130,14,\N,\N,\N,\N
5466,7673,14,\N,\N,\N,\N
5467,32481,14,\N,\N,\N,\N
5468,18940,14,\N,\N,\N,\N
5469,38875,14,\N,\N,\N,\N
5470,28287,14,\N,\N,\N,\N
5471,35994,14,\N,\N,\N,\N
5472,16885,14,\N,\N,\N,\N
5473,5190,14,\N,\N,\N,\N
5474,8898,14,\N,\N,\N,\N
5475,24487,14,\N,\N,\N,\N
5476,9921,14,\N,\N,\N,\N
5477,33895,14,\N,\N,\N,\N
5478,18762,14,\N,\N,\N,\N
5479,5354,14,\N,\N,\N,\N
5480,25110,14,\N,\N,\N,\N
5481,2279,14,\N,\N,\N,\N
5482,19190,14,\N,\N,\N,\N
5483,32354,14,\N,\N,\N,\N
5484,1109,14,\N,\N,\N,\N
5485,18211,14,\N,\N,\N,\N
5486,32892,14,\N,\N,\N,\N
5487,18079,14,\N,\N,\N,\N
5488,33289,14,\N,\N,\N,\N
5489,18773,14,\N,\N,\N,\N
5490,25451,14,\N,\N,\N,\N
5491,24526,14,\N,\N,\N,\N
5492,9178,14,\N,\N,\N,\N
5493,16331,14,\N,\N,\N,\N
5494,12410,14,\N,\N,\N,\N
5495,39772,14,\N,\N,\N,\N
5496,35559,14,\N,\N,\N,\N
5497,29828,14,\N,\N,\N,\N
5498,27193,14,\N,\N,\N,\N
5499,12711,14,\N,\N,\N,\N
5500,36038,14,\N,\N,\N,\N
5501,35171,15,\N,\N,\N,\N
5502,23365,15,\N,\N,\N,\N
5503,10112,15,\N,\N,\N,\N
5504,35455,15,\N,\N,\N,\N
5505,37542,15,\N,\N,\N,\N
5506,38707,15,\N,\N,\N,\N
5507,20588,15,\N,\N,\N,\N
5508,12980,15,\N,\N,\N,\N
5509,37023,15,\N,\N,\N,\N
5510,358,15,\N,\N,\N,\N
5511,16993,15,\N,\N,\N,\N
5512,4459,15,\N,\N,\N,\N
5513,11358,15,\N,\N,\N,\N
5514,29874,15,\N,\N,\N,\N
5515,23808,15,\N,\N,\N,\N
5516,24627,15,\N,\N,\N,\N
5517,21573,15,\N,\N,\N,\N
5518,441,15,\N,\N,\N,\N
5519,23785,15,\N,\N,\N,\N
5520,3147,15,\N,\N,\N,\N
5521,34554,15,\N,\N,\N,\N
5522,12508,15,\N,\N,\N,\N
5523,29241,15,\N,\N,\N,\N
5524,33107,15,\N,\N,\N,\N
5525,18223,15,\N,\N,\N,\N
5526,28320,15,\N,\N,\N,\N
5527,38607,15,\N,\N,\N,\N
5528,11159,15,\N,\N,\N,\N
5529,26243,15,\N,\N,\N,\N
5530,3338,15,\N,\N,\N,\N
5531,2541,15,\N,\N,\N,\N
5532,4008,15,\N,\N,\N,\N
5533,9534,15,\N,\N,\N,\N
5534,4891,15,\N,\N,\N,\N
5535,16955,15,\N,\N,\N,\N
5536,11797,15,\N,\N,\N,\N
5537,1268,15,\N,\N,\N,\N
5538,18546,15,\N,\N,\N,\N
5539,24474,15,\N,\N,\N,\N
5540,28109,15,\N,\N,\N,\N
5541,7035,15,\N,\N,\N,\N
5542,3068,15,\N,\N,\N,\N
5543,18265,15,\N,\N,\N,\N
5544,22228,15,\N,\N,\N,\N
5545,22028,15,\N,\N,\N,\N
5546,33714,15,\N,\N,\N,\N
5547,6566,15,\N,\N,\N,\N
5548,23655,15,\N,\N,\N,\N
5549,13877,15,\N,\N,\N,\N
5550,1980,15,\N,\N,\N,\N
5551,17654,15,\N,\N,\N,\N
5552,33678,15,\N,\N,\N,\N
5553,26454,15,\N,\N,\N,\N
5554,38435,15,\N,\N,\N,\N
5555,12413,15,\N,\N,\N,\N
5556,32436,15,\N,\N,\N,\N
5557,25844,15,\N,\N,\N,\N
5558,7103,15,\N,\N,\N,\N
5559,10608,15,\N,\N,\N,\N
5560,25939,15,\N,\N,\N,\N
5561,16710,15,\N,\N,\N,\N
5562,37103,15,\N,\N,\N,\N
5563,37838,15,\N,\N,\N,\N
5564,4556,15,\N,\N,\N,\N
5565,34639,15,\N,\N,\N,\N
5566,10245,15,\N,\N,\N,\N
5567,6030,15,\N,\N,\N,\N
5568,15307,15,\N,\N,\N,\N
5569,7477,15,\N,\N,\N,\N
5570,11793,15,\N,\N,\N,\N
5571,2073,15,\N,\N,\N,\N
5572,329,15,\N,\N,\N,\N
5573,39439,15,\N,\N,\N,\N
5574,29825,15,\N,\N,\N,\N
5575,19292,15,\N,\N,\N,\N
5576,4174,15,\N,\N,\N,\N
5577,25186,15,\N,\N,\N,\N
5578,32043,15,\N,\N,\N,\N
5579,23853,15,\N,\N,\N,\N
5580,28489,15,\N,\N,\N,\N
5581,2570,15,\N,\N,\N,\N
5582,15856,15,\N,\N,\N,\N
5583,5759,15,\N,\N,\N,\N
5584,25977,15,\N,\N,\N,\N
5585,11010,15,\N,\N,\N,\N
5586,32343,15,\N,\N,\N,\N
5587,6997,15,\N,\N,\N,\N
5588,20990,15,\N,\N,\N,\N
5589,33421,15,\N,\N,\N,\N
5590,10642,15,\N,\N,\N,\N
5591,1642,15,\N,\N,\N,\N
5592,5687,15,\N,\N,\N,\N
5593,1887,15,\N,\N,\N,\N
5594,17727,15,\N,\N,\N,\N
5595,36729,15,\N,\N,\N,\N
5596,17839,15,\N,\N,\N,\N
5597,30371,15,\N,\N,\N,\N
5598,6746,15,\N,\N,\N,\N
5599,2989,15,\N,\N,\N,\N
5600,34367,15,\N,\N,\N,\N
5601,17818,15,\N,\N,\N,\N
5602,224,15,\N,\N,\N,\N
5603,9343,15,\N,\N,\N,\N
5604,35468,15,\N,\N,\N,\N
5605,10420,15,\N,\N,\N,\N
5606,7912,15,\N,\N,\N,\N
5607,2357,15,\N,\N,\N,\N
5608,24167,15,\N,\N,\N,\N
5609,18877,15,\N,\N,\N,\N
5610,14444,15,\N,\N,\N,\N
5611,6898,15,\N,\N,\N,\N
5612,37910,15,\N,\N,\N,\N
5613,16067,15,\N,\N,\N,\N
5614,17128,15,\N,\N,\N,\N
5615,27058,15,\N,\N,\N,\N
5616,12827,15,\N,\N,\N,\N
5617,19469,15,\N,\N,\N,\N
5618,303,15,\N,\N,\N,\N
5619,34714,15,\N,\N,\N,\N
5620,14742,15,\N,\N,\N,\N
5621,22088,15,\N,\N,\N,\N
5622,10179,15,\N,\N,\N,\N
5623,13367,15,\N,\N,\N,\N
5624,22034,15,\N,\N,\N,\N
5625,18076,15,\N,\N,\N,\N
5626,9943,15,\N,\N,\N,\N
5627,18081,15,\N,\N,\N,\N
5628,18783,15,\N,\N,\N,\N
5629,13060,15,\N,\N,\N,\N
5630,15825,15,\N,\N,\N,\N
5631,30961,15,\N,\N,\N,\N
5632,5270,15,\N,\N,\N,\N
5633,34662,15,\N,\N,\N,\N
5634,14272,15,\N,\N,\N,\N
5635,3125,15,\N,\N,\N,\N
5636,39768,15,\N,\N,\N,\N
5637,36199,15,\N,\N,\N,\N
5638,2863,15,\N,\N,\N,\N
5639,32416,15,\N,\N,\N,\N
5640,22587,15,\N,\N,\N,\N
5641,8404,15,\N,\N,\N,\N
5642,35684,15,\N,\N,\N,\N
5643,25509,15,\N,\N,\N,\N
5644,3639,15,\N,\N,\N,\N
5645,12429,15,\N,\N,\N,\N
5646,17104,15,\N,\N,\N,\N
5647,32101,15,\N,\N,\N,\N
5648,38273,15,\N,\N,\N,\N
5649,10471,15,\N,\N,\N,\N
5650,9344,15,\N,\N,\N,\N
5651,34863,15,\N,\N,\N,\N
5652,29752,15,\N,\N,\N,\N
5653,33757,15,\N,\N,\N,\N
5654,18931,15,\N,\N,\N,\N
5655,27363,15,\N,\N,\N,\N
5656,17316,15,\N,\N,\N,\N
5657,37913,15,\N,\N,\N,\N
5658,7330,15,\N,\N,\N,\N
5659,19639,15,\N,\N,\N,\N
5660,36014,15,\N,\N,\N,\N
5661,38403,15,\N,\N,\N,\N
5662,17423,15,\N,\N,\N,\N
5663,3524,15,\N,\N,\N,\N
5664,27588,15,\N,\N,\N,\N
5665,33997,15,\N,\N,\N,\N
5666,23644,15,\N,\N,\N,\N
5667,37028,15,\N,\N,\N,\N
5668,1972,15,\N,\N,\N,\N
5669,4052,15,\N,\N,\N,\N
5670,15221,15,\N,\N,\N,\N
5671,13726,15,\N,\N,\N,\N
5672,10613,15,\N,\N,\N,\N
5673,2466,15,\N,\N,\N,\N
5674,26245,15,\N,\N,\N,\N
5675,33054,15,\N,\N,\N,\N
5676,20652,15,\N,\N,\N,\N
5677,22049,15,\N,\N,\N,\N
5678,3576,15,\N,\N,\N,\N
5679,32633,15,\N,\N,\N,\N
5680,4065,15,\N,\N,\N,\N
5681,2401,15,\N,\N,\N,\N
5682,19986,15,\N,\N,\N,\N
5683,20538,15,\N,\N,\N,\N
5684,39513,15,\N,\N,\N,\N
5685,6782,15,\N,\N,\N,\N
5686,10495,15,\N,\N,\N,\N
5687,1490,15,\N,\N,\N,\N
5688,37379,15,\N,\N,\N,\N
5689,32634,15,\N,\N,\N,\N
5690,38697,15,\N,\N,\N,\N
5691,26579,15,\N,\N,\N,\N
5692,10773,15,\N,\N,\N,\N
5693,37824,15,\N,\N,\N,\N
5694,25616,15,\N,\N,\N,\N
5695,12477,15,\N,\N,\N,\N
5696,32492,15,\N,\N,\N,\N
5697,33352,15,\N,\N,\N,\N
5698,20549,15,\N,\N,\N,\N
5699,39857,15,\N,\N,\N,\N
5700,18291,15,\N,\N,\N,\N
5701,18527,15,\N,\N,\N,\N
5702,16516,15,\N,\N,\N,\N
5703,33583,15,\N,\N,\N,\N
5704,19361,15,\N,\N,\N,\N
5705,31368,15,\N,\N,\N,\N
5706,3408,15,\N,\N,\N,\N
5707,29673,15,\N,\N,\N,\N
5708,34748,15,\N,\N,\N,\N
5709,15282,15,\N,\N,\N,\N
5710,14033,15,\N,\N,\N,\N
5711,18777,15,\N,\N,\N,\N
5712,28869,15,\N,\N,\N,\N
5713,22340,15,\N,\N,\N,\N
5714,27662,15,\N,\N,\N,\N
5715,29359,15,\N,\N,\N,\N
5716,5737,15,\N,\N,\N,\N
5717,3951,15,\N,\N,\N,\N
5718,22194,15,\N,\N,\N,\N
5719,11280,15,\N,\N,\N,\N
5720,32984,15,\N,\N,\N,\N
5721,29332,15,\N,\N,\N,\N
5722,23572,15,\N,\N,\N,\N
5723,34297,15,\N,\N,\N,\N
5724,19902,15,\N,\N,\N,\N
5725,14447,15,\N,\N,\N,\N
5726,14227,15,\N,\N,\N,\N
5727,29687,15,\N,\N,\N,\N
5728,16460,15,\N,\N,\N,\N
5729,36995,15,\N,\N,\N,\N
5730,1908,15,\N,\N,\N,\N
5731,26544,15,\N,\N,\N,\N
5732,8621,15,\N,\N,\N,\N
5733,16982,15,\N,\N,\N,\N
5734,6577,15,\N,\N,\N,\N
5735,27372,15,\N,\N,\N,\N
5736,24922,15,\N,\N,\N,\N
5737,9294,15,\N,\N,\N,\N
5738,23312,15,\N,\N,\N,\N
5739,2919,15,\N,\N,\N,\N
5740,7179,15,\N,\N,\N,\N
5741,39666,15,\N,\N,\N,\N
5742,13356,15,\N,\N,\N,\N
5743,17005,15,\N,\N,\N,\N
5744,5285,15,\N,\N,\N,\N
5745,2755,15,\N,\N,\N,\N
5746,3491,15,\N,\N,\N,\N
5747,17454,15,\N,\N,\N,\N
5748,16023,15,\N,\N,\N,\N
5749,30143,15,\N,\N,\N,\N
5750,29787,15,\N,\N,\N,\N
5751,936,15,\N,\N,\N,\N
5752,5494,15,\N,\N,\N,\N
5753,25281,15,\N,\N,\N,\N
5754,3908,15,\N,\N,\N,\N
5755,36590,15,\N,\N,\N,\N
5756,19264,15,\N,\N,\N,\N
5757,3418,15,\N,\N,\N,\N
5758,35686,15,\N,\N,\N,\N
5759,27431,15,\N,\N,\N,\N
5760,3435,15,\N,\N,\N,\N
5761,38166,15,\N,\N,\N,\N
5762,37051,15,\N,\N,\N,\N
5763,21553,15,\N,\N,\N,\N
5764,2697,15,\N,\N,\N,\N
5765,26906,15,\N,\N,\N,\N
5766,29520,15,\N,\N,\N,\N
5767,30958,15,\N,\N,\N,\N
5768,17716,15,\N,\N,\N,\N
5769,35575,15,\N,\N,\N,\N
5770,17505,15,\N,\N,\N,\N
5771,15551,15,\N,\N,\N,\N
5772,12493,15,\N,\N,\N,\N
5773,12581,15,\N,\N,\N,\N
5774,4644,15,\N,\N,\N,\N
5775,2683,15,\N,\N,\N,\N
5776,39836,15,\N,\N,\N,\N
5777,38420,15,\N,\N,\N,\N
5778,9917,15,\N,\N,\N,\N
5779,18672,15,\N,\N,\N,\N
5780,30377,15,\N,\N,\N,\N
5781,1927,15,\N,\N,\N,\N
5782,33061,15,\N,\N,\N,\N
5783,24399,15,\N,\N,\N,\N
5784,30623,15,\N,\N,\N,\N
5785,23990,15,\N,\N,\N,\N
5786,35203,15,\N,\N,\N,\N
5787,25410,15,\N,\N,\N,\N
5788,26996,15,\N,\N,\N,\N
5789,18144,15,\N,\N,\N,\N
5790,16033,15,\N,\N,\N,\N
5791,13056,15,\N,\N,\N,\N
5792,24074,15,\N,\N,\N,\N
5793,21714,15,\N,\N,\N,\N
5794,2495,15,\N,\N,\N,\N
5795,23839,15,\N,\N,\N,\N
5796,6303,15,\N,\N,\N,\N
5797,14179,15,\N,\N,\N,\N
5798,28847,15,\N,\N,\N,\N
5799,31457,15,\N,\N,\N,\N
5800,7368,15,\N,\N,\N,\N
5801,4233,15,\N,\N,\N,\N
5802,32957,15,\N,\N,\N,\N
5803,30620,15,\N,\N,\N,\N
5804,33456,15,\N,\N,\N,\N
5805,9586,15,\N,\N,\N,\N
5806,26074,15,\N,\N,\N,\N
5807,23709,15,\N,\N,\N,\N
5808,1189,15,\N,\N,\N,\N
5809,2299,15,\N,\N,\N,\N
5810,26130,15,\N,\N,\N,\N
5811,11830,15,\N,\N,\N,\N
5812,13179,15,\N,\N,\N,\N
5813,9011,15,\N,\N,\N,\N
5814,37463,15,\N,\N,\N,\N
5815,26604,15,\N,\N,\N,\N
5816,23993,15,\N,\N,\N,\N
5817,24362,15,\N,\N,\N,\N
5818,6995,15,\N,\N,\N,\N
5819,27801,15,\N,\N,\N,\N
5820,19610,15,\N,\N,\N,\N
5821,10083,15,\N,\N,\N,\N
5822,27661,15,\N,\N,\N,\N
5823,8627,15,\N,\N,\N,\N
5824,31723,15,\N,\N,\N,\N
5825,23196,15,\N,\N,\N,\N
5826,33949,15,\N,\N,\N,\N
5827,13183,15,\N,\N,\N,\N
5828,16117,15,\N,\N,\N,\N
5829,34746,15,\N,\N,\N,\N
5830,24623,15,\N,\N,\N,\N
5831,17616,15,\N,\N,\N,\N
5832,36815,15,\N,\N,\N,\N
5833,21316,15,\N,\N,\N,\N
5834,38799,15,\N,\N,\N,\N
5835,18446,15,\N,\N,\N,\N
5836,6292,15,\N,\N,\N,\N
5837,8647,15,\N,\N,\N,\N
5838,26447,15,\N,\N,\N,\N
5839,19871,15,\N,\N,\N,\N
5840,18122,15,\N,\N,\N,\N
5841,39215,15,\N,\N,\N,\N
5842,9020,15,\N,\N,\N,\N
5843,26565,15,\N,\N,\N,\N
5844,7498,15,\N,\N,\N,\N
5845,4672,15,\N,\N,\N,\N
5846,37537,15,\N,\N,\N,\N
5847,5489,15,\N,\N,\N,\N
5848,625,15,\N,\N,\N,\N
5849,23465,15,\N,\N,\N,\N
5850,31629,15,\N,\N,\N,\N
5851,33142,15,\N,\N,\N,\N
5852,11926,15,\N,\N,\N,\N
5853,22368,15,\N,\N,\N,\N
5854,31620,15,\N,\N,\N,\N
5855,1978,15,\N,\N,\N,\N
5856,14798,15,\N,\N,\N,\N
5857,24294,15,\N,\N,\N,\N
5858,26405,15,\N,\N,\N,\N
5859,26286,15,\N,\N,\N,\N
5860,33135,15,\N,\N,\N,\N
5861,22019,15,\N,\N,\N,\N
5862,19789,15,\N,\N,\N,\N
5863,21298,15,\N,\N,\N,\N
5864,22954,15,\N,\N,\N,\N
5865,4343,15,\N,\N,\N,\N
5866,28470,15,\N,\N,\N,\N
5867,37047,15,\N,\N,\N,\N
5868,18715,15,\N,\N,\N,\N
5869,33943,15,\N,\N,\N,\N
5870,36112,15,\N,\N,\N,\N
5871,31852,15,\N,\N,\N,\N
5872,5574,15,\N,\N,\N,\N
5873,21315,15,\N,\N,\N,\N
5874,17724,15,\N,\N,\N,\N
5875,37734,15,\N,\N,\N,\N
5876,12311,15,\N,\N,\N,\N
5877,9643,15,\N,\N,\N,\N
5878,13287,15,\N,\N,\N,\N
5879,31682,15,\N,\N,\N,\N
5880,25838,15,\N,\N,\N,\N
5881,5632,15,\N,\N,\N,\N
5882,36630,15,\N,\N,\N,\N
5883,8944,15,\N,\N,\N,\N
5884,16663,15,\N,\N,\N,\N
5885,11940,15,\N,\N,\N,\N
5886,19494,15,\N,\N,\N,\N
5887,16447,15,\N,\N,\N,\N
5888,19987,15,\N,\N,\N,\N
5889,9040,15,\N,\N,\N,\N
5890,22771,15,\N,\N,\N,\N
5891,30524,15,\N,\N,\N,\N
5892,27966,15,\N,\N,\N,\N
5893,36540,15,\N,\N,\N,\N
5894,11352,15,\N,\N,\N,\N
5895,25487,15,\N,\N,\N,\N
5896,32947,15,\N,\N,\N,\N
5897,28713,15,\N,\N,\N,\N
5898,7207,15,\N,\N,\N,\N
5899,15273,15,\N,\N,\N,\N
5900,6948,15,\N,\N,\N,\N
5901,32946,15,\N,\N,\N,\N
5902,19194,15,\N,\N,\N,\N
5903,21747,15,\N,\N,\N,\N
5904,7507,15,\N,\N,\N,\N
5905,33468,15,\N,\N,\N,\N
5906,14496,15,\N,\N,\N,\N
5907,17549,15,\N,\N,\N,\N
5908,176,15,\N,\N,\N,\N
5909,22772,15,\N,\N,\N,\N
5910,35875,15,\N,\N,\N,\N
5911,21858,15,\N,\N,\N,\N
5912,9774,15,\N,\N,\N,\N
5913,28301,15,\N,\N,\N,\N
5914,39150,15,\N,\N,\N,\N
5915,34478,15,\N,\N,\N,\N
5916,27822,15,\N,\N,\N,\N
5917,5650,15,\N,\N,\N,\N
5918,22672,15,\N,\N,\N,\N
5919,7984,15,\N,\N,\N,\N
5920,35675,15,\N,\N,\N,\N
5921,15190,15,\N,\N,\N,\N
5922,25760,15,\N,\N,\N,\N
5923,15716,15,\N,\N,\N,\N
5924,39335,15,\N,\N,\N,\N
5925,34086,15,\N,\N,\N,\N
5926,5194,15,\N,\N,\N,\N
5927,11681,15,\N,\N,\N,\N
5928,34686,15,\N,\N,\N,\N
5929,24066,15,\N,\N,\N,\N
5930,26172,15,\N,\N,\N,\N
5931,10307,15,\N,\N,\N,\N
5932,13780,15,\N,\N,\N,\N
5933,10313,15,\N,\N,\N,\N
5934,5994,15,\N,\N,\N,\N
5935,5583,15,\N,\N,\N,\N
5936,26876,15,\N,\N,\N,\N
5937,31342,15,\N,\N,\N,\N
5938,26139,15,\N,\N,\N,\N
5939,6873,15,\N,\N,\N,\N
5940,39272,15,\N,\N,\N,\N
5941,396,15,\N,\N,\N,\N
5942,28485,15,\N,\N,\N,\N
5943,24325,15,\N,\N,\N,\N
5944,9194,15,\N,\N,\N,\N
5945,32733,15,\N,\N,\N,\N
5946,6074,15,\N,\N,\N,\N
5947,22851,15,\N,\N,\N,\N
5948,3972,15,\N,\N,\N,\N
5949,33134,15,\N,\N,\N,\N
5950,38837,15,\N,\N,\N,\N
5951,15457,15,\N,\N,\N,\N
5952,15231,15,\N,\N,\N,\N
5953,34067,15,\N,\N,\N,\N
5954,3677,15,\N,\N,\N,\N
5955,12343,15,\N,\N,\N,\N
5956,7360,15,\N,\N,\N,\N
5957,16604,15,\N,\N,\N,\N
5958,17498,15,\N,\N,\N,\N
5959,14845,15,\N,\N,\N,\N
5960,26940,15,\N,\N,\N,\N
5961,11582,15,\N,\N,\N,\N
5962,9337,15,\N,\N,\N,\N
5963,21188,15,\N,\N,\N,\N
5964,27676,15,\N,\N,\N,\N
5965,34389,15,\N,\N,\N,\N
5966,21015,15,\N,\N,\N,\N
5967,9779,15,\N,\N,\N,\N
5968,15330,15,\N,\N,\N,\N
5969,2348,15,\N,\N,\N,\N
5970,16383,15,\N,\N,\N,\N
5971,12695,15,\N,\N,\N,\N
5972,36623,15,\N,\N,\N,\N
5973,13136,15,\N,\N,\N,\N
5974,19321,15,\N,\N,\N,\N
5975,12983,15,\N,\N,\N,\N
5976,1788,15,\N,\N,\N,\N
5977,28870,15,\N,\N,\N,\N
5978,33912,15,\N,\N,\N,\N
5979,24758,15,\N,\N,\N,\N
5980,34578,15,\N,\N,\N,\N
5981,25812,15,\N,\N,\N,\N
5982,16171,15,\N,\N,\N,\N
5983,31003,15,\N,\N,\N,\N
5984,7076,15,\N,\N,\N,\N
5985,11333,15,\N,\N,\N,\N
5986,10624,15,\N,\N,\N,\N
5987,36538,15,\N,\N,\N,\N
5988,10029,15,\N,\N,\N,\N
5989,15427,15,\N,\N,\N,\N
5990,2805,15,\N,\N,\N,\N
5991,6678,15,\N,\N,\N,\N
5992,18540,15,\N,\N,\N,\N
5993,16630,15,\N,\N,\N,\N
5994,21272,15,\N,\N,\N,\N
5995,7201,15,\N,\N,\N,\N
5996,17586,15,\N,\N,\N,\N
5997,23548,15,\N,\N,\N,\N
5998,4488,15,\N,\N,\N,\N
5999,1503,15,\N,\N,\N,\N
6000,39724,15,\N,\N,\N,\N
6001,775,17,\N,\N,\N,\N
6002,39309,17,\N,\N,\N,\N
6003,2345,17,\N,\N,\N,\N
6004,24986,17,\N,\N,\N,\N
6005,3853,17,\N,\N,\N,\N
6006,609,17,\N,\N,\N,\N
6007,28911,17,\N,\N,\N,\N
6008,937,17,\N,\N,\N,\N
6009,17960,17,\N,\N,\N,\N
6010,9060,17,\N,\N,\N,\N
6011,18464,17,\N,\N,\N,\N
6012,28469,17,\N,\N,\N,\N
6013,21785,17,\N,\N,\N,\N
6014,5842,17,\N,\N,\N,\N
6015,23654,17,\N,\N,\N,\N
6016,992,17,\N,\N,\N,\N
6017,2116,17,\N,\N,\N,\N
6018,36949,17,\N,\N,\N,\N
6019,2766,17,\N,\N,\N,\N
6020,33719,17,\N,\N,\N,\N
6021,18215,17,\N,\N,\N,\N
6022,33938,17,\N,\N,\N,\N
6023,22288,17,\N,\N,\N,\N
6024,12890,17,\N,\N,\N,\N
6025,7300,17,\N,\N,\N,\N
6026,32530,17,\N,\N,\N,\N
6027,23385,17,\N,\N,\N,\N
6028,2717,17,\N,\N,\N,\N
6029,35405,17,\N,\N,\N,\N
6030,1832,17,\N,\N,\N,\N
6031,27420,17,\N,\N,\N,\N
6032,7218,17,\N,\N,\N,\N
6033,4940,17,\N,\N,\N,\N
6034,17238,17,\N,\N,\N,\N
6035,29585,17,\N,\N,\N,\N
6036,27820,17,\N,\N,\N,\N
6037,25594,17,\N,\N,\N,\N
6038,6311,17,\N,\N,\N,\N
6039,35463,17,\N,\N,\N,\N
6040,35905,17,\N,\N,\N,\N
6041,9307,17,\N,\N,\N,\N
6042,23273,17,\N,\N,\N,\N
6043,13779,17,\N,\N,\N,\N
6044,8027,17,\N,\N,\N,\N
6045,9940,17,\N,\N,\N,\N
6046,14959,17,\N,\N,\N,\N
6047,2836,17,\N,\N,\N,\N
6048,14927,17,\N,\N,\N,\N
6049,13918,17,\N,\N,\N,\N
6050,3763,17,\N,\N,\N,\N
6051,19759,17,\N,\N,\N,\N
6052,22181,17,\N,\N,\N,\N
6053,6597,17,\N,\N,\N,\N
6054,32766,17,\N,\N,\N,\N
6055,24250,17,\N,\N,\N,\N
6056,7110,17,\N,\N,\N,\N
6057,5248,17,\N,\N,\N,\N
6058,10047,17,\N,\N,\N,\N
6059,15153,17,\N,\N,\N,\N
6060,16481,17,\N,\N,\N,\N
6061,26176,17,\N,\N,\N,\N
6062,33016,17,\N,\N,\N,\N
6063,31713,17,\N,\N,\N,\N
6064,401,17,\N,\N,\N,\N
6065,37384,17,\N,\N,\N,\N
6066,31622,17,\N,\N,\N,\N
6067,37595,17,\N,\N,\N,\N
6068,26809,17,\N,\N,\N,\N
6069,23577,17,\N,\N,\N,\N
6070,20385,17,\N,\N,\N,\N
6071,31554,17,\N,\N,\N,\N
6072,15333,17,\N,\N,\N,\N
6073,24137,17,\N,\N,\N,\N
6074,24988,17,\N,\N,\N,\N
6075,9133,17,\N,\N,\N,\N
6076,28813,17,\N,\N,\N,\N
6077,28762,17,\N,\N,\N,\N
6078,5618,17,\N,\N,\N,\N
6079,20592,17,\N,\N,\N,\N
6080,4795,17,\N,\N,\N,\N
6081,9088,17,\N,\N,\N,\N
6082,1524,17,\N,\N,\N,\N
6083,31271,17,\N,\N,\N,\N
6084,26448,17,\N,\N,\N,\N
6085,25252,17,\N,\N,\N,\N
6086,4631,17,\N,\N,\N,\N
6087,7121,17,\N,\N,\N,\N
6088,39156,17,\N,\N,\N,\N
6089,23852,17,\N,\N,\N,\N
6090,30401,17,\N,\N,\N,\N
6091,5561,17,\N,\N,\N,\N
6092,2212,17,\N,\N,\N,\N
6093,15436,17,\N,\N,\N,\N
6094,9691,17,\N,\N,\N,\N
6095,24777,17,\N,\N,\N,\N
6096,31956,17,\N,\N,\N,\N
6097,39985,17,\N,\N,\N,\N
6098,10643,17,\N,\N,\N,\N
6099,16981,17,\N,\N,\N,\N
6100,27562,17,\N,\N,\N,\N
6101,35577,17,\N,\N,\N,\N
6102,14514,17,\N,\N,\N,\N
6103,30550,17,\N,\N,\N,\N
6104,32437,17,\N,\N,\N,\N
6105,6546,17,\N,\N,\N,\N
6106,39085,17,\N,\N,\N,\N
6107,23865,17,\N,\N,\N,\N
6108,23758,17,\N,\N,\N,\N
6109,18848,17,\N,\N,\N,\N
6110,20337,17,\N,\N,\N,\N
6111,26861,17,\N,\N,\N,\N
6112,34608,17,\N,\N,\N,\N
6113,18501,17,\N,\N,\N,\N
6114,13151,17,\N,\N,\N,\N
6115,15593,17,\N,\N,\N,\N
6116,9378,17,\N,\N,\N,\N
6117,17200,17,\N,\N,\N,\N
6118,28030,17,\N,\N,\N,\N
6119,6115,17,\N,\N,\N,\N
6120,20126,17,\N,\N,\N,\N
6121,26428,17,\N,\N,\N,\N
6122,19751,17,\N,\N,\N,\N
6123,26170,17,\N,\N,\N,\N
6124,15528,17,\N,\N,\N,\N
6125,36071,17,\N,\N,\N,\N
6126,19101,17,\N,\N,\N,\N
6127,3753,17,\N,\N,\N,\N
6128,24503,17,\N,\N,\N,\N
6129,18865,17,\N,\N,\N,\N
6130,8240,17,\N,\N,\N,\N
6131,12369,17,\N,\N,\N,\N
6132,8201,17,\N,\N,\N,\N
6133,30128,17,\N,\N,\N,\N
6134,31786,17,\N,\N,\N,\N
6135,7153,17,\N,\N,\N,\N
6136,37996,17,\N,\N,\N,\N
6137,31134,17,\N,\N,\N,\N
6138,348,17,\N,\N,\N,\N
6139,19255,17,\N,\N,\N,\N
6140,15699,17,\N,\N,\N,\N
6141,29253,17,\N,\N,\N,\N
6142,8873,17,\N,\N,\N,\N
6143,28004,17,\N,\N,\N,\N
6144,16375,17,\N,\N,\N,\N
6145,12865,17,\N,\N,\N,\N
6146,7674,17,\N,\N,\N,\N
6147,2280,17,\N,\N,\N,\N
6148,5238,17,\N,\N,\N,\N
6149,35083,17,\N,\N,\N,\N
6150,7305,17,\N,\N,\N,\N
6151,8649,17,\N,\N,\N,\N
6152,4569,17,\N,\N,\N,\N
6153,24954,17,\N,\N,\N,\N
6154,37781,17,\N,\N,\N,\N
6155,9645,17,\N,\N,\N,\N
6156,19452,17,\N,\N,\N,\N
6157,11859,17,\N,\N,\N,\N
6158,34511,17,\N,\N,\N,\N
6159,17417,17,\N,\N,\N,\N
6160,24866,17,\N,\N,\N,\N
6161,35114,17,\N,\N,\N,\N
6162,20547,17,\N,\N,\N,\N
6163,12192,17,\N,\N,\N,\N
6164,5291,17,\N,\N,\N,\N
6165,38967,17,\N,\N,\N,\N
6166,29032,17,\N,\N,\N,\N
6167,897,17,\N,\N,\N,\N
6168,1026,17,\N,\N,\N,\N
6169,16147,17,\N,\N,\N,\N
6170,29463,17,\N,\N,\N,\N
6171,37625,17,\N,\N,\N,\N
6172,38666,17,\N,\N,\N,\N
6173,8258,17,\N,\N,\N,\N
6174,163,17,\N,\N,\N,\N
6175,7439,17,\N,\N,\N,\N
6176,2367,17,\N,\N,\N,\N
6177,37488,17,\N,\N,\N,\N
6178,26124,17,\N,\N,\N,\N
6179,782,17,\N,\N,\N,\N
6180,10895,17,\N,\N,\N,\N
6181,30279,17,\N,\N,\N,\N
6182,15300,17,\N,\N,\N,\N
6183,19541,17,\N,\N,\N,\N
6184,23884,17,\N,\N,\N,\N
6185,3990,17,\N,\N,\N,\N
6186,11435,17,\N,\N,\N,\N
6187,27723,17,\N,\N,\N,\N
6188,8284,17,\N,\N,\N,\N
6189,33886,17,\N,\N,\N,\N
6190,24512,17,\N,\N,\N,\N
6191,28192,17,\N,\N,\N,\N
6192,20124,17,\N,\N,\N,\N
6193,33297,17,\N,\N,\N,\N
6194,20918,17,\N,\N,\N,\N
6195,24353,17,\N,\N,\N,\N
6196,31145,17,\N,\N,\N,\N
6197,17585,17,\N,\N,\N,\N
6198,33103,17,\N,\N,\N,\N
6199,9799,17,\N,\N,\N,\N
6200,5725,17,\N,\N,\N,\N
6201,19956,17,\N,\N,\N,\N
6202,36193,17,\N,\N,\N,\N
6203,26467,17,\N,\N,\N,\N
6204,38768,17,\N,\N,\N,\N
6205,25625,17,\N,\N,\N,\N
6206,8659,17,\N,\N,\N,\N
6207,4154,17,\N,\N,\N,\N
6208,33989,17,\N,\N,\N,\N
6209,37967,17,\N,\N,\N,\N
6210,26148,17,\N,\N,\N,\N
6211,38975,17,\N,\N,\N,\N
6212,37045,17,\N,\N,\N,\N
6213,30382,17,\N,\N,\N,\N
6214,26057,17,\N,\N,\N,\N
6215,37817,17,\N,\N,\N,\N
6216,35606,17,\N,\N,\N,\N
6217,5606,17,\N,\N,\N,\N
6218,13466,17,\N,\N,\N,\N
6219,11243,17,\N,\N,\N,\N
6220,38596,17,\N,\N,\N,\N
6221,17105,17,\N,\N,\N,\N
6222,33221,17,\N,\N,\N,\N
6223,14251,17,\N,\N,\N,\N
6224,8872,17,\N,\N,\N,\N
6225,9990,17,\N,\N,\N,\N
6226,17991,17,\N,\N,\N,\N
6227,37979,17,\N,\N,\N,\N
6228,14921,17,\N,\N,\N,\N
6229,33630,17,\N,\N,\N,\N
6230,14910,17,\N,\N,\N,\N
6231,1665,17,\N,\N,\N,\N
6232,8264,17,\N,\N,\N,\N
6233,25618,17,\N,\N,\N,\N
6234,4759,17,\N,\N,\N,\N
6235,15918,17,\N,\N,\N,\N
6236,7306,17,\N,\N,\N,\N
6237,14287,17,\N,\N,\N,\N
6238,12666,17,\N,\N,\N,\N
6239,11404,17,\N,\N,\N,\N
6240,21103,17,\N,\N,\N,\N
6241,35579,17,\N,\N,\N,\N
6242,33694,17,\N,\N,\N,\N
6243,27799,17,\N,\N,\N,\N
6244,22158,17,\N,\N,\N,\N
6245,39452,17,\N,\N,\N,\N
6246,25503,17,\N,\N,\N,\N
6247,25174,17,\N,\N,\N,\N
6248,39867,17,\N,\N,\N,\N
6249,14584,17,\N,\N,\N,\N
6250,31935,17,\N,\N,\N,\N
6251,17690,17,\N,\N,\N,\N
6252,36607,17,\N,\N,\N,\N
6253,25850,17,\N,\N,\N,\N
6254,15390,17,\N,\N,\N,\N
6255,28129,17,\N,\N,\N,\N
6256,16911,17,\N,\N,\N,\N
6257,11955,17,\N,\N,\N,\N
6258,8563,17,\N,\N,\N,\N
6259,1610,17,\N,\N,\N,\N
6260,32584,17,\N,\N,\N,\N
6261,15652,17,\N,\N,\N,\N
6262,31916,17,\N,\N,\N,\N
6263,8518,17,\N,\N,\N,\N
6264,21072,17,\N,\N,\N,\N
6265,14750,17,\N,\N,\N,\N
6266,744,17,\N,\N,\N,\N
6267,14108,17,\N,\N,\N,\N
6268,22870,17,\N,\N,\N,\N
6269,37166,17,\N,\N,\N,\N
6270,13125,17,\N,\N,\N,\N
6271,6057,17,\N,\N,\N,\N
6272,250,17,\N,\N,\N,\N
6273,36882,17,\N,\N,\N,\N
6274,39445,17,\N,\N,\N,\N
6275,8179,17,\N,\N,\N,\N
6276,29831,17,\N,\N,\N,\N
6277,787,17,\N,\N,\N,\N
6278,12592,17,\N,\N,\N,\N
6279,28327,17,\N,\N,\N,\N
6280,5405,17,\N,\N,\N,\N
6281,10008,17,\N,\N,\N,\N
6282,5276,17,\N,\N,\N,\N
6283,38634,17,\N,\N,\N,\N
6284,4163,17,\N,\N,\N,\N
6285,24609,17,\N,\N,\N,\N
6286,5635,17,\N,\N,\N,\N
6287,18301,17,\N,\N,\N,\N
6288,32866,17,\N,\N,\N,\N
6289,23841,17,\N,\N,\N,\N
6290,33172,17,\N,\N,\N,\N
6291,5005,17,\N,\N,\N,\N
6292,23154,17,\N,\N,\N,\N
6293,33760,17,\N,\N,\N,\N
6294,26192,17,\N,\N,\N,\N
6295,22352,17,\N,\N,\N,\N
6296,18819,17,\N,\N,\N,\N
6297,25610,17,\N,\N,\N,\N
6298,39862,17,\N,\N,\N,\N
6299,13585,17,\N,\N,\N,\N
6300,30215,17,\N,\N,\N,\N
6301,20361,17,\N,\N,\N,\N
6302,10159,17,\N,\N,\N,\N
6303,35850,17,\N,\N,\N,\N
6304,19991,17,\N,\N,\N,\N
6305,35688,17,\N,\N,\N,\N
6306,26521,17,\N,\N,\N,\N
6307,25724,17,\N,\N,\N,\N
6308,4524,17,\N,\N,\N,\N
6309,15710,17,\N,\N,\N,\N
6310,23948,17,\N,\N,\N,\N
6311,37347,17,\N,\N,\N,\N
6312,31296,17,\N,\N,\N,\N
6313,2656,17,\N,\N,\N,\N
6314,5629,17,\N,\N,\N,\N
6315,26840,17,\N,\N,\N,\N
6316,25268,17,\N,\N,\N,\N
6317,4855,17,\N,\N,\N,\N
6318,24853,17,\N,\N,\N,\N
6319,13928,17,\N,\N,\N,\N
6320,23777,17,\N,\N,\N,\N
6321,26858,17,\N,\N,\N,\N
6322,12280,17,\N,\N,\N,\N
6323,3096,17,\N,\N,\N,\N
6324,24650,17,\N,\N,\N,\N
6325,38773,17,\N,\N,\N,\N
6326,32691,17,\N,\N,\N,\N
6327,13414,17,\N,\N,\N,\N
6328,5177,17,\N,\N,\N,\N
6329,16139,17,\N,\N,\N,\N
6330,6379,17,\N,\N,\N,\N
6331,31125,17,\N,\N,\N,\N
6332,8435,17,\N,\N,\N,\N
6333,22590,17,\N,\N,\N,\N
6334,18930,17,\N,\N,\N,\N
6335,37059,17,\N,\N,\N,\N
6336,2375,17,\N,\N,\N,\N
6337,32927,17,\N,\N,\N,\N
6338,25520,17,\N,\N,\N,\N
6339,31208,17,\N,\N,\N,\N
6340,15527,17,\N,\N,\N,\N
6341,24994,17,\N,\N,\N,\N
6342,30970,17,\N,\N,\N,\N
6343,941,17,\N,\N,\N,\N
6344,25848,17,\N,\N,\N,\N
6345,28591,17,\N,\N,\N,\N
6346,6896,17,\N,\N,\N,\N
6347,17290,17,\N,\N,\N,\N
6348,12892,17,\N,\N,\N,\N
6349,25091,17,\N,\N,\N,\N
6350,14839,17,\N,\N,\N,\N
6351,395,17,\N,\N,\N,\N
6352,24270,17,\N,\N,\N,\N
6353,31467,17,\N,\N,\N,\N
6354,7508,17,\N,\N,\N,\N
6355,553,17,\N,\N,\N,\N
6356,11295,17,\N,\N,\N,\N
6357,31488,17,\N,\N,\N,\N
6358,34024,17,\N,\N,\N,\N
6359,34239,17,\N,\N,\N,\N
6360,31080,17,\N,\N,\N,\N
6361,34400,17,\N,\N,\N,\N
6362,16609,17,\N,\N,\N,\N
6363,1398,17,\N,\N,\N,\N
6364,14857,17,\N,\N,\N,\N
6365,7990,17,\N,\N,\N,\N
6366,22411,17,\N,\N,\N,\N
6367,38105,17,\N,\N,\N,\N
6368,22254,17,\N,\N,\N,\N
6369,845,17,\N,\N,\N,\N
6370,34742,17,\N,\N,\N,\N
6371,34480,17,\N,\N,\N,\N
6372,11289,17,\N,\N,\N,\N
6373,16781,17,\N,\N,\N,\N
6374,1967,17,\N,\N,\N,\N
6375,28151,17,\N,\N,\N,\N
6376,28665,17,\N,\N,\N,\N
6377,220,17,\N,\N,\N,\N
6378,27376,17,\N,\N,\N,\N
6379,4237,17,\N,\N,\N,\N
6380,15483,17,\N,\N,\N,\N
6381,2815,17,\N,\N,\N,\N
6382,14445,17,\N,\N,\N,\N
6383,1008,17,\N,\N,\N,\N
6384,18589,17,\N,\N,\N,\N
6385,4532,17,\N,\N,\N,\N
6386,8598,17,\N,\N,\N,\N
6387,3142,17,\N,\N,\N,\N
6388,22139,17,\N,\N,\N,\N
6389,31581,17,\N,\N,\N,\N
6390,15046,17,\N,\N,\N,\N
6391,6615,17,\N,\N,\N,\N
6392,36340,17,\N,\N,\N,\N
6393,38719,17,\N,\N,\N,\N
6394,1103,17,\N,\N,\N,\N
6395,28047,17,\N,\N,\N,\N
6396,8814,17,\N,\N,\N,\N
6397,14523,17,\N,\N,\N,\N
6398,9529,17,\N,\N,\N,\N
6399,35100,17,\N,\N,\N,\N
6400,15050,17,\N,\N,\N,\N
6401,5267,17,\N,\N,\N,\N
6402,5557,17,\N,\N,\N,\N
6403,29903,17,\N,\N,\N,\N
6404,27124,17,\N,\N,\N,\N
6405,8678,17,\N,\N,\N,\N
6406,9906,17,\N,\N,\N,\N
6407,30026,17,\N,\N,\N,\N
6408,15627,17,\N,\N,\N,\N
6409,5684,17,\N,\N,\N,\N
6410,19415,17,\N,\N,\N,\N
6411,7386,17,\N,\N,\N,\N
6412,17670,17,\N,\N,\N,\N
6413,24344,17,\N,\N,\N,\N
6414,20145,17,\N,\N,\N,\N
6415,17039,17,\N,\N,\N,\N
6416,12824,17,\N,\N,\N,\N
6417,21992,17,\N,\N,\N,\N
6418,15633,17,\N,\N,\N,\N
6419,23064,17,\N,\N,\N,\N
6420,20986,17,\N,\N,\N,\N
6421,34928,17,\N,\N,\N,\N
6422,21052,17,\N,\N,\N,\N
6423,34475,17,\N,\N,\N,\N
6424,19185,17,\N,\N,\N,\N
6425,15933,17,\N,\N,\N,\N
6426,24349,17,\N,\N,\N,\N
6427,34411,17,\N,\N,\N,\N
6428,27812,17,\N,\N,\N,\N
6429,4751,17,\N,\N,\N,\N
6430,33716,17,\N,\N,\N,\N
6431,26047,17,\N,\N,\N,\N
6432,759,17,\N,\N,\N,\N
6433,27034,17,\N,\N,\N,\N
6434,22262,17,\N,\N,\N,\N
6435,15542,17,\N,\N,\N,\N
6436,35105,17,\N,\N,\N,\N
6437,16198,17,\N,\N,\N,\N
6438,22363,17,\N,\N,\N,\N
6439,26283,17,\N,\N,\N,\N
6440,19916,17,\N,\N,\N,\N
6441,28219,17,\N,\N,\N,\N
6442,18026,17,\N,\N,\N,\N
6443,6500,17,\N,\N,\N,\N
6444,17267,17,\N,\N,\N,\N
6445,25328,17,\N,\N,\N,\N
6446,12065,17,\N,\N,\N,\N
6447,6488,17,\N,\N,\N,\N
6448,16304,17,\N,\N,\N,\N
6449,3988,17,\N,\N,\N,\N
6450,4787,17,\N,\N,\N,\N
6451,17064,17,\N,\N,\N,\N
6452,38029,17,\N,\N,\N,\N
6453,18203,17,\N,\N,\N,\N
6454,7998,17,\N,\N,\N,\N
6455,18682,17,\N,\N,\N,\N
6456,8970,17,\N,\N,\N,\N
6457,36315,17,\N,\N,\N,\N
6458,23055,17,\N,\N,\N,\N
6459,11585,17,\N,\N,\N,\N
6460,16056,17,\N,\N,\N,\N
6461,36618,17,\N,\N,\N,\N
6462,24398,17,\N,\N,\N,\N
6463,12003,17,\N,\N,\N,\N
6464,38964,17,\N,\N,\N,\N
6465,27503,17,\N,\N,\N,\N
6466,38862,17,\N,\N,\N,\N
6467,2131,17,\N,\N,\N,\N
6468,31180,17,\N,\N,\N,\N
6469,7172,17,\N,\N,\N,\N
6470,30900,17,\N,\N,\N,\N
6471,12871,17,\N,\N,\N,\N
6472,38076,17,\N,\N,\N,\N
6473,17615,17,\N,\N,\N,\N
6474,35929,17,\N,\N,\N,\N
6475,18890,17,\N,\N,\N,\N
6476,27956,17,\N,\N,\N,\N
6477,1044,17,\N,\N,\N,\N
6478,21654,17,\N,\N,\N,\N
6479,7952,17,\N,\N,\N,\N
6480,18818,17,\N,\N,\N,\N
6481,37719,17,\N,\N,\N,\N
6482,6173,17,\N,\N,\N,\N
6483,22796,17,\N,\N,\N,\N
6484,11545,17,\N,\N,\N,\N
6485,32862,17,\N,\N,\N,\N
6486,15703,17,\N,\N,\N,\N
6487,16743,17,\N,\N,\N,\N
6488,12162,17,\N,\N,\N,\N
6489,2689,17,\N,\N,\N,\N
6490,23613,17,\N,\N,\N,\N
6491,24286,17,\N,\N,\N,\N
6492,35176,17,\N,\N,\N,\N
6493,17114,17,\N,\N,\N,\N
6494,2056,17,\N,\N,\N,\N
6495,32717,17,\N,\N,\N,\N
6496,16531,17,\N,\N,\N,\N
6497,38386,17,\N,\N,\N,\N
6498,34552,17,\N,\N,\N,\N
6499,23530,17,\N,\N,\N,\N
6500,29446,17,\N,\N,\N,\N
6501,18408,18,\N,\N,\N,\N
6502,22657,19,\N,\N,\N,\N
6503,2897,20,\N,\N,\N,\N
6504,37043,22,\N,\N,\N,\N
6505,29251,23,\N,\N,\N,\N
6506,32272,24,\N,\N,\N,\N
6507,29938,25,\N,\N,\N,\N
6508,20804,18,\N,\N,\N,\N
6509,31209,19,\N,\N,\N,\N
6510,29597,20,\N,\N,\N,\N
6511,35438,22,\N,\N,\N,\N
6512,29095,23,\N,\N,\N,\N
6513,31970,24,\N,\N,\N,\N
6514,15895,25,\N,\N,\N,\N
6515,21984,18,\N,\N,\N,\N
6516,24647,19,\N,\N,\N,\N
6517,20689,20,\N,\N,\N,\N
6518,14339,22,\N,\N,\N,\N
6519,5727,23,\N,\N,\N,\N
6520,31521,24,\N,\N,\N,\N
6521,2106,25,\N,\N,\N,\N
6522,10167,18,\N,\N,\N,\N
6523,27078,19,\N,\N,\N,\N
6524,38834,20,\N,\N,\N,\N
6525,8494,22,\N,\N,\N,\N
6526,13540,23,\N,\N,\N,\N
6527,6067,24,\N,\N,\N,\N
6528,22884,25,\N,\N,\N,\N
6529,11454,18,\N,\N,\N,\N
6530,39828,19,\N,\N,\N,\N
6531,31829,20,\N,\N,\N,\N
6532,27735,22,\N,\N,\N,\N
6533,22709,23,\N,\N,\N,\N
6534,27765,24,\N,\N,\N,\N
6535,29065,25,\N,\N,\N,\N
6536,36606,18,\N,\N,\N,\N
6537,15353,19,\N,\N,\N,\N
6538,33926,20,\N,\N,\N,\N
6539,16432,22,\N,\N,\N,\N
6540,35353,23,\N,\N,\N,\N
6541,30058,24,\N,\N,\N,\N
6542,38639,25,\N,\N,\N,\N
6543,38700,18,\N,\N,\N,\N
6544,28392,19,\N,\N,\N,\N
6545,14681,20,\N,\N,\N,\N
6546,38463,22,\N,\N,\N,\N
6547,36636,23,\N,\N,\N,\N
6548,21174,24,\N,\N,\N,\N
6549,858,25,\N,\N,\N,\N
6550,22398,18,\N,\N,\N,\N
6551,2207,19,\N,\N,\N,\N
6552,38604,20,\N,\N,\N,\N
6553,26605,22,\N,\N,\N,\N
6554,28289,23,\N,\N,\N,\N
6555,35958,24,\N,\N,\N,\N
6556,28652,25,\N,\N,\N,\N
6557,27262,18,\N,\N,\N,\N
6558,33517,19,\N,\N,\N,\N
6559,24240,20,\N,\N,\N,\N
6560,5784,22,\N,\N,\N,\N
6561,31263,23,\N,\N,\N,\N
6562,13467,24,\N,\N,\N,\N
6563,12734,25,\N,\N,\N,\N
6564,37505,18,\N,\N,\N,\N
6565,25240,19,\N,\N,\N,\N
6566,29311,20,\N,\N,\N,\N
6567,31186,22,\N,\N,\N,\N
6568,10035,23,\N,\N,\N,\N
6569,37012,24,\N,\N,\N,\N
6570,13032,25,\N,\N,\N,\N
6571,6579,18,\N,\N,\N,\N
6572,30408,19,\N,\N,\N,\N
6573,30601,20,\N,\N,\N,\N
6574,27304,22,\N,\N,\N,\N
6575,18418,23,\N,\N,\N,\N
6576,33202,24,\N,\N,\N,\N
6577,37442,25,\N,\N,\N,\N
6578,20899,18,\N,\N,\N,\N
6579,4829,19,\N,\N,\N,\N
6580,911,20,\N,\N,\N,\N
6581,22758,22,\N,\N,\N,\N
6582,39322,23,\N,\N,\N,\N
6583,5866,24,\N,\N,\N,\N
6584,21115,25,\N,\N,\N,\N
6585,34919,18,\N,\N,\N,\N
6586,25959,19,\N,\N,\N,\N
6587,3856,20,\N,\N,\N,\N
6588,3525,22,\N,\N,\N,\N
6589,9828,23,\N,\N,\N,\N
6590,30955,24,\N,\N,\N,\N
6591,37844,25,\N,\N,\N,\N
6592,9055,18,\N,\N,\N,\N
6593,34330,19,\N,\N,\N,\N
6594,19409,20,\N,\N,\N,\N
6595,9535,22,\N,\N,\N,\N
6596,27198,23,\N,\N,\N,\N
6597,26229,24,\N,\N,\N,\N
6598,12786,25,\N,\N,\N,\N
6599,37251,18,\N,\N,\N,\N
6600,21646,19,\N,\N,\N,\N
6601,13394,20,\N,\N,\N,\N
6602,16780,22,\N,\N,\N,\N
6603,19081,23,\N,\N,\N,\N
6604,20213,24,\N,\N,\N,\N
6605,13378,25,\N,\N,\N,\N
6606,18649,18,\N,\N,\N,\N
6607,39323,19,\N,\N,\N,\N
6608,8894,20,\N,\N,\N,\N
6609,1641,22,\N,\N,\N,\N
6610,23586,23,\N,\N,\N,\N
6611,18019,24,\N,\N,\N,\N
6612,22951,25,\N,\N,\N,\N
6613,9797,18,\N,\N,\N,\N
6614,21890,19,\N,\N,\N,\N
6615,27952,20,\N,\N,\N,\N
6616,14663,22,\N,\N,\N,\N
6617,32394,23,\N,\N,\N,\N
6618,11734,24,\N,\N,\N,\N
6619,13910,25,\N,\N,\N,\N
6620,4740,18,\N,\N,\N,\N
6621,26603,19,\N,\N,\N,\N
6622,21383,20,\N,\N,\N,\N
6623,11025,22,\N,\N,\N,\N
6624,32167,23,\N,\N,\N,\N
6625,21045,24,\N,\N,\N,\N
6626,969,25,\N,\N,\N,\N
6627,19923,18,\N,\N,\N,\N
6628,9573,19,\N,\N,\N,\N
6629,26636,20,\N,\N,\N,\N
6630,32291,22,\N,\N,\N,\N
6631,31419,23,\N,\N,\N,\N
6632,29052,24,\N,\N,\N,\N
6633,27832,25,\N,\N,\N,\N
6634,6954,18,\N,\N,\N,\N
6635,30446,19,\N,\N,\N,\N
6636,7357,20,\N,\N,\N,\N
6637,23013,22,\N,\N,\N,\N
6638,20855,23,\N,\N,\N,\N
6639,4293,24,\N,\N,\N,\N
6640,10332,25,\N,\N,\N,\N
6641,36885,18,\N,\N,\N,\N
6642,29511,19,\N,\N,\N,\N
6643,29426,20,\N,\N,\N,\N
6644,29973,22,\N,\N,\N,\N
6645,37906,23,\N,\N,\N,\N
6646,33302,24,\N,\N,\N,\N
6647,30114,25,\N,\N,\N,\N
6648,20751,18,\N,\N,\N,\N
6649,6512,19,\N,\N,\N,\N
6650,30931,20,\N,\N,\N,\N
6651,32526,22,\N,\N,\N,\N
6652,38812,23,\N,\N,\N,\N
6653,24548,24,\N,\N,\N,\N
6654,31886,25,\N,\N,\N,\N
6655,12467,18,\N,\N,\N,\N
6656,3961,19,\N,\N,\N,\N
6657,26131,20,\N,\N,\N,\N
6658,5140,22,\N,\N,\N,\N
6659,26845,23,\N,\N,\N,\N
6660,30916,24,\N,\N,\N,\N
6661,23780,25,\N,\N,\N,\N
6662,11284,18,\N,\N,\N,\N
6663,19434,19,\N,\N,\N,\N
6664,19872,20,\N,\N,\N,\N
6665,3480,22,\N,\N,\N,\N
6666,16448,23,\N,\N,\N,\N
6667,14407,24,\N,\N,\N,\N
6668,7802,25,\N,\N,\N,\N
6669,33464,18,\N,\N,\N,\N
6670,14657,19,\N,\N,\N,\N
6671,8113,20,\N,\N,\N,\N
6672,38292,22,\N,\N,\N,\N
6673,12309,23,\N,\N,\N,\N
6674,28155,24,\N,\N,\N,\N
6675,15578,25,\N,\N,\N,\N
6676,6232,18,\N,\N,\N,\N
6677,10207,19,\N,\N,\N,\N
6678,14590,20,\N,\N,\N,\N
6679,16472,22,\N,\N,\N,\N
6680,27405,23,\N,\N,\N,\N
6681,33244,24,\N,\N,\N,\N
6682,28965,25,\N,\N,\N,\N
6683,27719,18,\N,\N,\N,\N
6684,12658,19,\N,\N,\N,\N
6685,3316,20,\N,\N,\N,\N
6686,15884,22,\N,\N,\N,\N
6687,34378,23,\N,\N,\N,\N
6688,15116,24,\N,\N,\N,\N
6689,15145,25,\N,\N,\N,\N
6690,32411,18,\N,\N,\N,\N
6691,5191,19,\N,\N,\N,\N
6692,19063,20,\N,\N,\N,\N
6693,34242,22,\N,\N,\N,\N
6694,6444,23,\N,\N,\N,\N
6695,15735,24,\N,\N,\N,\N
6696,9499,25,\N,\N,\N,\N
6697,2901,18,\N,\N,\N,\N
6698,26693,19,\N,\N,\N,\N
6699,22839,20,\N,\N,\N,\N
6700,20747,22,\N,\N,\N,\N
6701,3566,23,\N,\N,\N,\N
6702,5518,24,\N,\N,\N,\N
6703,6529,25,\N,\N,\N,\N
6704,30529,18,\N,\N,\N,\N
6705,29470,19,\N,\N,\N,\N
6706,34954,20,\N,\N,\N,\N
6707,14035,22,\N,\N,\N,\N
6708,37497,23,\N,\N,\N,\N
6709,19838,24,\N,\N,\N,\N
6710,32195,25,\N,\N,\N,\N
6711,35466,18,\N,\N,\N,\N
6712,32636,19,\N,\N,\N,\N
6713,863,20,\N,\N,\N,\N
6714,34614,22,\N,\N,\N,\N
6715,2213,23,\N,\N,\N,\N
6716,8655,24,\N,\N,\N,\N
6717,21577,25,\N,\N,\N,\N
6718,18092,18,\N,\N,\N,\N
6719,731,19,\N,\N,\N,\N
6720,34705,20,\N,\N,\N,\N
6721,36663,22,\N,\N,\N,\N
6722,12548,23,\N,\N,\N,\N
6723,32653,24,\N,\N,\N,\N
6724,34730,25,\N,\N,\N,\N
6725,23929,18,\N,\N,\N,\N
6726,7903,19,\N,\N,\N,\N
6727,24939,20,\N,\N,\N,\N
6728,35010,22,\N,\N,\N,\N
6729,21866,23,\N,\N,\N,\N
6730,35660,24,\N,\N,\N,\N
6731,20942,25,\N,\N,\N,\N
6732,9773,18,\N,\N,\N,\N
6733,3559,19,\N,\N,\N,\N
6734,13999,20,\N,\N,\N,\N
6735,20653,22,\N,\N,\N,\N
6736,31280,23,\N,\N,\N,\N
6737,955,24,\N,\N,\N,\N
6738,22046,25,\N,\N,\N,\N
6739,37073,18,\N,\N,\N,\N
6740,1406,19,\N,\N,\N,\N
6741,16026,20,\N,\N,\N,\N
6742,153,22,\N,\N,\N,\N
6743,17331,23,\N,\N,\N,\N
6744,19938,24,\N,\N,\N,\N
6745,11807,25,\N,\N,\N,\N
6746,1225,18,\N,\N,\N,\N
6747,39289,19,\N,\N,\N,\N
6748,7911,20,\N,\N,\N,\N
6749,2978,22,\N,\N,\N,\N
6750,15731,23,\N,\N,\N,\N
6751,34460,24,\N,\N,\N,\N
6752,30853,25,\N,\N,\N,\N
6753,18624,18,\N,\N,\N,\N
6754,32342,19,\N,\N,\N,\N
6755,17395,20,\N,\N,\N,\N
6756,38952,22,\N,\N,\N,\N
6757,29514,23,\N,\N,\N,\N
6758,2482,24,\N,\N,\N,\N
6759,26403,25,\N,\N,\N,\N
6760,26375,18,\N,\N,\N,\N
6761,36255,19,\N,\N,\N,\N
6762,36146,20,\N,\N,\N,\N
6763,9748,22,\N,\N,\N,\N
6764,2618,23,\N,\N,\N,\N
6765,4038,24,\N,\N,\N,\N
6766,15395,25,\N,\N,\N,\N
6767,3814,18,\N,\N,\N,\N
6768,18242,19,\N,\N,\N,\N
6769,32322,20,\N,\N,\N,\N
6770,33078,22,\N,\N,\N,\N
6771,14314,23,\N,\N,\N,\N
6772,7223,24,\N,\N,\N,\N
6773,31759,25,\N,\N,\N,\N
6774,15818,18,\N,\N,\N,\N
6775,22293,19,\N,\N,\N,\N
6776,2339,20,\N,\N,\N,\N
6777,39492,22,\N,\N,\N,\N
6778,12308,23,\N,\N,\N,\N
6779,26062,24,\N,\N,\N,\N
6780,14855,25,\N,\N,\N,\N
6781,18943,18,\N,\N,\N,\N
6782,15642,19,\N,\N,\N,\N
6783,26529,20,\N,\N,\N,\N
6784,1439,22,\N,\N,\N,\N
6785,36852,23,\N,\N,\N,\N
6786,28981,24,\N,\N,\N,\N
6787,37641,25,\N,\N,\N,\N
6788,13123,18,\N,\N,\N,\N
6789,2489,19,\N,\N,\N,\N
6790,465,20,\N,\N,\N,\N
6791,35493,22,\N,\N,\N,\N
6792,15041,23,\N,\N,\N,\N
6793,33322,24,\N,\N,\N,\N
6794,34729,25,\N,\N,\N,\N
6795,38429,18,\N,\N,\N,\N
6796,31096,19,\N,\N,\N,\N
6797,22923,20,\N,\N,\N,\N
6798,32052,22,\N,\N,\N,\N
6799,10032,23,\N,\N,\N,\N
6800,7197,24,\N,\N,\N,\N
6801,39197,25,\N,\N,\N,\N
6802,39608,18,\N,\N,\N,\N
6803,34466,19,\N,\N,\N,\N
6804,19941,20,\N,\N,\N,\N
6805,39539,22,\N,\N,\N,\N
6806,32808,23,\N,\N,\N,\N
6807,13062,24,\N,\N,\N,\N
6808,29819,25,\N,\N,\N,\N
6809,39066,18,\N,\N,\N,\N
6810,9839,19,\N,\N,\N,\N
6811,2736,20,\N,\N,\N,\N
6812,35607,22,\N,\N,\N,\N
6813,13442,23,\N,\N,\N,\N
6814,2600,24,\N,\N,\N,\N
6815,36268,25,\N,\N,\N,\N
6816,33805,18,\N,\N,\N,\N
6817,23833,19,\N,\N,\N,\N
6818,25589,20,\N,\N,\N,\N
6819,15745,22,\N,\N,\N,\N
6820,29778,23,\N,\N,\N,\N
6821,19649,24,\N,\N,\N,\N
6822,16612,25,\N,\N,\N,\N
6823,16860,18,\N,\N,\N,\N
6824,30701,19,\N,\N,\N,\N
6825,28422,20,\N,\N,\N,\N
6826,15591,22,\N,\N,\N,\N
6827,3588,23,\N,\N,\N,\N
6828,1562,24,\N,\N,\N,\N
6829,9666,25,\N,\N,\N,\N
6830,12673,18,\N,\N,\N,\N
6831,32292,19,\N,\N,\N,\N
6832,26555,20,\N,\N,\N,\N
6833,12281,22,\N,\N,\N,\N
6834,21335,23,\N,\N,\N,\N
6835,10116,24,\N,\N,\N,\N
6836,18289,25,\N,\N,\N,\N
6837,10813,18,\N,\N,\N,\N
6838,1632,19,\N,\N,\N,\N
6839,28821,20,\N,\N,\N,\N
6840,28439,22,\N,\N,\N,\N
6841,13869,23,\N,\N,\N,\N
6842,12957,24,\N,\N,\N,\N
6843,748,25,\N,\N,\N,\N
6844,35034,18,\N,\N,\N,\N
6845,26114,19,\N,\N,\N,\N
6846,30864,20,\N,\N,\N,\N
6847,3721,22,\N,\N,\N,\N
6848,15874,23,\N,\N,\N,\N
6849,14128,24,\N,\N,\N,\N
6850,17426,25,\N,\N,\N,\N
6851,21496,18,\N,\N,\N,\N
6852,1787,19,\N,\N,\N,\N
6853,39103,20,\N,\N,\N,\N
6854,1783,22,\N,\N,\N,\N
6855,34266,23,\N,\N,\N,\N
6856,31919,24,\N,\N,\N,\N
6857,7044,25,\N,\N,\N,\N
6858,2537,18,\N,\N,\N,\N
6859,15168,19,\N,\N,\N,\N
6860,34166,20,\N,\N,\N,\N
6861,23299,22,\N,\N,\N,\N
6862,28930,23,\N,\N,\N,\N
6863,14976,24,\N,\N,\N,\N
6864,15341,25,\N,\N,\N,\N
6865,37428,18,\N,\N,\N,\N
6866,21125,19,\N,\N,\N,\N
6867,31485,20,\N,\N,\N,\N
6868,10387,22,\N,\N,\N,\N
6869,32241,23,\N,\N,\N,\N
6870,29190,24,\N,\N,\N,\N
6871,21587,25,\N,\N,\N,\N
6872,561,18,\N,\N,\N,\N
6873,15777,19,\N,\N,\N,\N
6874,10037,20,\N,\N,\N,\N
6875,34337,22,\N,\N,\N,\N
6876,22100,23,\N,\N,\N,\N
6877,12906,24,\N,\N,\N,\N
6878,19438,25,\N,\N,\N,\N
6879,24987,18,\N,\N,\N,\N
6880,15943,19,\N,\N,\N,\N
6881,12665,20,\N,\N,\N,\N
6882,26954,22,\N,\N,\N,\N
6883,22588,23,\N,\N,\N,\N
6884,11808,24,\N,\N,\N,\N
6885,37791,25,\N,\N,\N,\N
6886,12723,19,\N,\N,\N,\N
6887,36123,19,\N,\N,\N,\N
6888,30276,20,\N,\N,\N,\N
6889,32605,22,\N,\N,\N,\N
6890,24745,23,\N,\N,\N,\N
6891,4727,24,\N,\N,\N,\N
6892,29876,25,\N,\N,\N,\N
6893,8850,18,\N,\N,\N,\N
6894,9656,19,\N,\N,\N,\N
6895,28049,20,\N,\N,\N,\N
6896,32794,22,\N,\N,\N,\N
6897,5862,24,\N,\N,\N,\N
6898,38680,24,\N,\N,\N,\N
6899,15456,25,\N,\N,\N,\N
6900,16530,18,\N,\N,\N,\N
6901,13817,19,\N,\N,\N,\N
6902,6654,20,\N,\N,\N,\N
6903,39220,22,\N,\N,\N,\N
6904,20461,23,\N,\N,\N,\N
6905,20605,24,\N,\N,\N,\N
6906,27700,25,\N,\N,\N,\N
6907,19230,18,\N,\N,\N,\N
6908,4348,19,\N,\N,\N,\N
6909,32572,20,\N,\N,\N,\N
6910,20086,22,\N,\N,\N,\N
6911,27307,23,\N,\N,\N,\N
6912,31046,24,\N,\N,\N,\N
6913,31580,25,\N,\N,\N,\N
6914,14137,18,\N,\N,\N,\N
6915,27437,19,\N,\N,\N,\N
6916,3410,20,\N,\N,\N,\N
6917,10591,22,\N,\N,\N,\N
6918,21998,23,\N,\N,\N,\N
6919,28635,24,\N,\N,\N,\N
6920,32189,25,\N,\N,\N,\N
6921,4983,18,\N,\N,\N,\N
6922,10456,19,\N,\N,\N,\N
6923,5854,20,\N,\N,\N,\N
6924,25845,22,\N,\N,\N,\N
6925,26869,23,\N,\N,\N,\N
6926,25057,24,\N,\N,\N,\N
6927,20769,25,\N,\N,\N,\N
6928,34107,18,\N,\N,\N,\N
6929,30986,19,\N,\N,\N,\N
6930,24680,20,\N,\N,\N,\N
6931,7302,22,\N,\N,\N,\N
6932,14774,23,\N,\N,\N,\N
6933,226,24,\N,\N,\N,\N
6934,24191,25,\N,\N,\N,\N
6935,12569,18,\N,\N,\N,\N
6936,37613,19,\N,\N,\N,\N
6937,35158,20,\N,\N,\N,\N
6938,26871,22,\N,\N,\N,\N
6939,9440,23,\N,\N,\N,\N
6940,7643,24,\N,\N,\N,\N
6941,14152,25,\N,\N,\N,\N
6942,10356,18,\N,\N,\N,\N
6943,39590,19,\N,\N,\N,\N
6944,33987,20,\N,\N,\N,\N
6945,13105,22,\N,\N,\N,\N
6946,29626,23,\N,\N,\N,\N
6947,29465,24,\N,\N,\N,\N
6948,24407,25,\N,\N,\N,\N
6949,38308,18,\N,\N,\N,\N
6950,10950,19,\N,\N,\N,\N
6951,22488,20,\N,\N,\N,\N
6952,24816,22,\N,\N,\N,\N
6953,25212,23,\N,\N,\N,\N
6954,28708,24,\N,\N,\N,\N
6955,39395,25,\N,\N,\N,\N
6956,29695,18,\N,\N,\N,\N
6957,25910,19,\N,\N,\N,\N
6958,29054,20,\N,\N,\N,\N
6959,17813,22,\N,\N,\N,\N
6960,30004,23,\N,\N,\N,\N
6961,36813,24,\N,\N,\N,\N
6962,39706,25,\N,\N,\N,\N
6963,22342,18,\N,\N,\N,\N
6964,4546,19,\N,\N,\N,\N
6965,16600,20,\N,\N,\N,\N
6966,9243,22,\N,\N,\N,\N
6967,35674,23,\N,\N,\N,\N
6968,460,24,\N,\N,\N,\N
6969,37158,25,\N,\N,\N,\N
6970,30148,18,\N,\N,\N,\N
6971,37038,19,\N,\N,\N,\N
6972,2129,20,\N,\N,\N,\N
6973,5550,22,\N,\N,\N,\N
6974,24043,23,\N,\N,\N,\N
6975,33397,24,\N,\N,\N,\N
6976,2696,25,\N,\N,\N,\N
6977,39119,18,\N,\N,\N,\N
6978,15131,19,\N,\N,\N,\N
6979,22711,20,\N,\N,\N,\N
6980,38658,22,\N,\N,\N,\N
6981,31092,23,\N,\N,\N,\N
6982,3218,24,\N,\N,\N,\N
6983,3328,25,\N,\N,\N,\N
6984,26415,18,\N,\N,\N,\N
6985,21630,19,\N,\N,\N,\N
6986,37011,20,\N,\N,\N,\N
6987,5798,22,\N,\N,\N,\N
6988,25165,23,\N,\N,\N,\N
6989,32702,24,\N,\N,\N,\N
6990,10960,25,\N,\N,\N,\N
6991,38602,18,\N,\N,\N,\N
6992,27112,19,\N,\N,\N,\N
6993,23510,20,\N,\N,\N,\N
6994,1663,22,\N,\N,\N,\N
6995,35510,23,\N,\N,\N,\N
6996,35744,24,\N,\N,\N,\N
6997,26318,25,\N,\N,\N,\N
6998,36981,18,\N,\N,\N,\N
6999,32558,19,\N,\N,\N,\N
7000,9308,20,\N,\N,\N,\N
7001,269,22,\N,\N,\N,\N
7002,1399,23,\N,\N,\N,\N
7003,30447,24,\N,\N,\N,\N
7004,6037,25,\N,\N,\N,\N
7005,14560,18,\N,\N,\N,\N
7006,22802,19,\N,\N,\N,\N
7007,8091,20,\N,\N,\N,\N
7008,13755,22,\N,\N,\N,\N
7009,36588,23,\N,\N,\N,\N
7010,2453,24,\N,\N,\N,\N
7011,15657,25,\N,\N,\N,\N
7012,25896,18,\N,\N,\N,\N
7013,14819,19,\N,\N,\N,\N
7014,12091,20,\N,\N,\N,\N
7015,7327,22,\N,\N,\N,\N
7016,17360,23,\N,\N,\N,\N
7017,23544,24,\N,\N,\N,\N
7018,19848,25,\N,\N,\N,\N
7019,35932,18,\N,\N,\N,\N
7020,11501,19,\N,\N,\N,\N
7021,36432,20,\N,\N,\N,\N
7022,11068,22,\N,\N,\N,\N
7023,5472,23,\N,\N,\N,\N
7024,14782,24,\N,\N,\N,\N
7025,1384,25,\N,\N,\N,\N
7026,17812,18,\N,\N,\N,\N
7027,14336,19,\N,\N,\N,\N
7028,11931,20,\N,\N,\N,\N
7029,574,22,\N,\N,\N,\N
7030,5266,23,\N,\N,\N,\N
7031,18846,24,\N,\N,\N,\N
7032,9229,25,\N,\N,\N,\N
7033,35943,18,\N,\N,\N,\N
7034,11905,19,\N,\N,\N,\N
7035,14141,20,\N,\N,\N,\N
7036,6452,22,\N,\N,\N,\N
7037,13317,23,\N,\N,\N,\N
7038,26052,24,\N,\N,\N,\N
7039,26873,25,\N,\N,\N,\N
7040,3837,18,\N,\N,\N,\N
7041,21308,19,\N,\N,\N,\N
7042,5876,20,\N,\N,\N,\N
7043,23625,22,\N,\N,\N,\N
7044,36060,23,\N,\N,\N,\N
7045,6851,24,\N,\N,\N,\N
7046,6944,25,\N,\N,\N,\N
7047,38771,18,\N,\N,\N,\N
7048,24551,19,\N,\N,\N,\N
7049,14690,20,\N,\N,\N,\N
7050,33642,22,\N,\N,\N,\N
7051,3602,23,\N,\N,\N,\N
7052,14383,24,\N,\N,\N,\N
7053,1012,25,\N,\N,\N,\N
7054,33909,18,\N,\N,\N,\N
7055,30478,19,\N,\N,\N,\N
7056,8501,20,\N,\N,\N,\N
7057,9521,22,\N,\N,\N,\N
7058,17962,23,\N,\N,\N,\N
7059,36853,24,\N,\N,\N,\N
7060,28968,25,\N,\N,\N,\N
7061,33458,18,\N,\N,\N,\N
7062,30546,19,\N,\N,\N,\N
7063,37585,20,\N,\N,\N,\N
7064,29726,22,\N,\N,\N,\N
7065,6181,23,\N,\N,\N,\N
7066,13193,24,\N,\N,\N,\N
7067,26703,25,\N,\N,\N,\N
7068,27168,18,\N,\N,\N,\N
7069,6951,19,\N,\N,\N,\N
7070,23968,20,\N,\N,\N,\N
7071,18955,22,\N,\N,\N,\N
7072,28251,23,\N,\N,\N,\N
7073,22974,24,\N,\N,\N,\N
7074,8795,25,\N,\N,\N,\N
7075,34202,18,\N,\N,\N,\N
7076,37236,19,\N,\N,\N,\N
7077,22750,20,\N,\N,\N,\N
7078,7128,22,\N,\N,\N,\N
7079,31792,23,\N,\N,\N,\N
7080,22215,24,\N,\N,\N,\N
7081,33253,25,\N,\N,\N,\N
7082,94,18,\N,\N,\N,\N
7083,25320,19,\N,\N,\N,\N
7084,11762,20,\N,\N,\N,\N
7085,10968,22,\N,\N,\N,\N
7086,39199,23,\N,\N,\N,\N
7087,38440,24,\N,\N,\N,\N
7088,17168,25,\N,\N,\N,\N
7089,8768,18,\N,\N,\N,\N
7090,10563,19,\N,\N,\N,\N
7091,12083,20,\N,\N,\N,\N
7092,1865,22,\N,\N,\N,\N
7093,15379,23,\N,\N,\N,\N
7094,13074,24,\N,\N,\N,\N
7095,27400,25,\N,\N,\N,\N
7096,34583,18,\N,\N,\N,\N
7097,5596,19,\N,\N,\N,\N
7098,6105,20,\N,\N,\N,\N
7099,35566,22,\N,\N,\N,\N
7100,4325,23,\N,\N,\N,\N
7101,29859,24,\N,\N,\N,\N
7102,23387,25,\N,\N,\N,\N
7103,11095,18,\N,\N,\N,\N
7104,9962,19,\N,\N,\N,\N
7105,6739,20,\N,\N,\N,\N
7106,28615,22,\N,\N,\N,\N
7107,32624,23,\N,\N,\N,\N
7108,26757,24,\N,\N,\N,\N
7109,664,25,\N,\N,\N,\N
7110,1730,18,\N,\N,\N,\N
7111,17851,19,\N,\N,\N,\N
7112,17513,20,\N,\N,\N,\N
7113,16358,22,\N,\N,\N,\N
7114,13897,23,\N,\N,\N,\N
7115,17581,24,\N,\N,\N,\N
7116,3407,25,\N,\N,\N,\N
7117,32777,18,\N,\N,\N,\N
7118,36856,19,\N,\N,\N,\N
7119,15303,20,\N,\N,\N,\N
7120,28921,22,\N,\N,\N,\N
7121,13518,23,\N,\N,\N,\N
7122,37985,24,\N,\N,\N,\N
7123,1320,25,\N,\N,\N,\N
7124,21483,18,\N,\N,\N,\N
7125,13399,19,\N,\N,\N,\N
7126,36356,20,\N,\N,\N,\N
7127,24455,22,\N,\N,\N,\N
7128,37259,23,\N,\N,\N,\N
7129,16235,24,\N,\N,\N,\N
7130,23616,25,\N,\N,\N,\N
7131,11621,18,\N,\N,\N,\N
7132,24805,19,\N,\N,\N,\N
7133,32690,20,\N,\N,\N,\N
7134,39888,22,\N,\N,\N,\N
7135,3055,23,\N,\N,\N,\N
7136,32094,24,\N,\N,\N,\N
7137,35724,25,\N,\N,\N,\N
7138,23280,18,\N,\N,\N,\N
7139,6327,19,\N,\N,\N,\N
7140,36650,20,\N,\N,\N,\N
7141,10976,22,\N,\N,\N,\N
7142,5617,23,\N,\N,\N,\N
7143,29742,24,\N,\N,\N,\N
7144,31451,25,\N,\N,\N,\N
7145,7878,18,\N,\N,\N,\N
7146,997,19,\N,\N,\N,\N
7147,4352,20,\N,\N,\N,\N
7148,4081,22,\N,\N,\N,\N
7149,20671,23,\N,\N,\N,\N
7150,27242,24,\N,\N,\N,\N
7151,26914,25,\N,\N,\N,\N
7152,18689,18,\N,\N,\N,\N
7153,19688,19,\N,\N,\N,\N
7154,20967,20,\N,\N,\N,\N
7155,10779,22,\N,\N,\N,\N
7156,27830,23,\N,\N,\N,\N
7157,20897,24,\N,\N,\N,\N
7158,6380,25,\N,\N,\N,\N
7159,794,18,\N,\N,\N,\N
7160,35268,19,\N,\N,\N,\N
7161,17994,20,\N,\N,\N,\N
7162,31511,22,\N,\N,\N,\N
7163,10979,23,\N,\N,\N,\N
7164,27751,24,\N,\N,\N,\N
7165,29338,25,\N,\N,\N,\N
7166,30860,18,\N,\N,\N,\N
7167,11509,19,\N,\N,\N,\N
7168,14776,20,\N,\N,\N,\N
7169,35521,22,\N,\N,\N,\N
7170,24036,23,\N,\N,\N,\N
7171,7129,24,\N,\N,\N,\N
7172,304,25,\N,\N,\N,\N
7173,39700,18,\N,\N,\N,\N
7174,23186,19,\N,\N,\N,\N
7175,39321,20,\N,\N,\N,\N
7176,32331,22,\N,\N,\N,\N
7177,9496,23,\N,\N,\N,\N
7178,725,24,\N,\N,\N,\N
7179,7416,25,\N,\N,\N,\N
7180,37772,18,\N,\N,\N,\N
7181,2400,19,\N,\N,\N,\N
7182,35186,20,\N,\N,\N,\N
7183,11613,22,\N,\N,\N,\N
7184,5808,23,\N,\N,\N,\N
7185,23871,24,\N,\N,\N,\N
7186,10572,25,\N,\N,\N,\N
7187,36000,18,\N,\N,\N,\N
7188,2308,19,\N,\N,\N,\N
7189,6664,20,\N,\N,\N,\N
7190,27973,22,\N,\N,\N,\N
7191,18256,23,\N,\N,\N,\N
7192,32406,24,\N,\N,\N,\N
7193,27008,25,\N,\N,\N,\N
7194,21503,18,\N,\N,\N,\N
7195,4,19,\N,\N,\N,\N
7196,22369,20,\N,\N,\N,\N
7197,20650,22,\N,\N,\N,\N
7198,13130,23,\N,\N,\N,\N
7199,32515,24,\N,\N,\N,\N
7200,22008,25,\N,\N,\N,\N
7201,39620,18,\N,\N,\N,\N
7202,22286,19,\N,\N,\N,\N
7203,16526,20,\N,\N,\N,\N
7204,2764,22,\N,\N,\N,\N
7205,6470,23,\N,\N,\N,\N
7206,10374,24,\N,\N,\N,\N
7207,12702,25,\N,\N,\N,\N
7208,6723,18,\N,\N,\N,\N
7209,1210,19,\N,\N,\N,\N
7210,33818,20,\N,\N,\N,\N
7211,37499,22,\N,\N,\N,\N
7212,37833,23,\N,\N,\N,\N
7213,27389,24,\N,\N,\N,\N
7214,10953,25,\N,\N,\N,\N
7215,21407,18,\N,\N,\N,\N
7216,61,19,\N,\N,\N,\N
7217,35976,20,\N,\N,\N,\N
7218,3804,22,\N,\N,\N,\N
7219,29922,23,\N,\N,\N,\N
7220,10438,24,\N,\N,\N,\N
7221,15245,25,\N,\N,\N,\N
7222,38265,18,\N,\N,\N,\N
7223,19134,19,\N,\N,\N,\N
7224,13181,20,\N,\N,\N,\N
7225,27842,22,\N,\N,\N,\N
7226,14279,23,\N,\N,\N,\N
7227,25221,24,\N,\N,\N,\N
7228,1264,25,\N,\N,\N,\N
7229,24395,18,\N,\N,\N,\N
7230,1877,19,\N,\N,\N,\N
7231,39367,20,\N,\N,\N,\N
7232,29181,22,\N,\N,\N,\N
7233,35486,23,\N,\N,\N,\N
7234,16223,24,\N,\N,\N,\N
7235,19383,25,\N,\N,\N,\N
7236,24336,18,\N,\N,\N,\N
7237,20210,19,\N,\N,\N,\N
7238,14461,20,\N,\N,\N,\N
7239,1975,22,\N,\N,\N,\N
7240,5844,23,\N,\N,\N,\N
7241,9669,24,\N,\N,\N,\N
7242,8922,25,\N,\N,\N,\N
7243,14498,18,\N,\N,\N,\N
7244,33522,19,\N,\N,\N,\N
7245,9195,20,\N,\N,\N,\N
7246,33876,22,\N,\N,\N,\N
7247,38575,23,\N,\N,\N,\N
7248,3123,24,\N,\N,\N,\N
7249,2580,25,\N,\N,\N,\N
7250,16034,18,\N,\N,\N,\N
7251,2896,19,\N,\N,\N,\N
7252,11989,20,\N,\N,\N,\N
7253,38143,22,\N,\N,\N,\N
7254,6987,23,\N,\N,\N,\N
7255,32635,24,\N,\N,\N,\N
7256,25776,25,\N,\N,\N,\N
7257,26886,18,\N,\N,\N,\N
7258,26007,19,\N,\N,\N,\N
7259,31415,20,\N,\N,\N,\N
7260,21259,22,\N,\N,\N,\N
7261,32694,23,\N,\N,\N,\N
7262,27790,24,\N,\N,\N,\N
7263,34832,25,\N,\N,\N,\N
7264,13647,18,\N,\N,\N,\N
7265,4539,19,\N,\N,\N,\N
7266,20454,20,\N,\N,\N,\N
7267,23061,22,\N,\N,\N,\N
7268,26674,23,\N,\N,\N,\N
7269,39192,24,\N,\N,\N,\N
7270,6552,25,\N,\N,\N,\N
7271,22209,18,\N,\N,\N,\N
7272,5861,19,\N,\N,\N,\N
7273,4131,20,\N,\N,\N,\N
7274,12443,22,\N,\N,\N,\N
7275,14402,23,\N,\N,\N,\N
7276,18561,24,\N,\N,\N,\N
7277,14243,25,\N,\N,\N,\N
7278,13641,18,\N,\N,\N,\N
7279,18557,19,\N,\N,\N,\N
7280,7005,20,\N,\N,\N,\N
7281,14187,22,\N,\N,\N,\N
7282,32366,23,\N,\N,\N,\N
7283,36,24,\N,\N,\N,\N
7284,36768,25,\N,\N,\N,\N
7285,16468,18,\N,\N,\N,\N
7286,9225,19,\N,\N,\N,\N
7287,16295,20,\N,\N,\N,\N
7288,27701,22,\N,\N,\N,\N
7289,25210,23,\N,\N,\N,\N
7290,8236,24,\N,\N,\N,\N
7291,7624,25,\N,\N,\N,\N
7292,14602,18,\N,\N,\N,\N
7293,35021,19,\N,\N,\N,\N
7294,2567,20,\N,\N,\N,\N
7295,35912,22,\N,\N,\N,\N
7296,37245,23,\N,\N,\N,\N
7297,35355,24,\N,\N,\N,\N
7298,13054,25,\N,\N,\N,\N
7299,23472,18,\N,\N,\N,\N
7300,11723,19,\N,\N,\N,\N
7301,22393,20,\N,\N,\N,\N
7302,17075,22,\N,\N,\N,\N
7303,26553,23,\N,\N,\N,\N
7304,10339,24,\N,\N,\N,\N
7305,13980,25,\N,\N,\N,\N
7306,14232,18,\N,\N,\N,\N
7307,14846,19,\N,\N,\N,\N
7308,5019,20,\N,\N,\N,\N
7309,21359,22,\N,\N,\N,\N
7310,35167,23,\N,\N,\N,\N
7311,29274,24,\N,\N,\N,\N
7312,11641,25,\N,\N,\N,\N
7313,34329,18,\N,\N,\N,\N
7314,30866,19,\N,\N,\N,\N
7315,13349,20,\N,\N,\N,\N
7316,8726,22,\N,\N,\N,\N
7317,6455,23,\N,\N,\N,\N
7318,36227,24,\N,\N,\N,\N
7319,19018,25,\N,\N,\N,\N
7320,8155,18,\N,\N,\N,\N
7321,19967,19,\N,\N,\N,\N
7322,8273,20,\N,\N,\N,\N
7323,29946,22,\N,\N,\N,\N
7324,19528,23,\N,\N,\N,\N
7325,20504,24,\N,\N,\N,\N
7326,25884,25,\N,\N,\N,\N
7327,10617,18,\N,\N,\N,\N
7328,16434,19,\N,\N,\N,\N
7329,3773,20,\N,\N,\N,\N
7330,4227,22,\N,\N,\N,\N
7331,9558,23,\N,\N,\N,\N
7332,25575,24,\N,\N,\N,\N
7333,27981,25,\N,\N,\N,\N
7334,11321,18,\N,\N,\N,\N
7335,17130,19,\N,\N,\N,\N
7336,27889,20,\N,\N,\N,\N
7337,3039,22,\N,\N,\N,\N
7338,33311,23,\N,\N,\N,\N
7339,15977,24,\N,\N,\N,\N
7340,37261,25,\N,\N,\N,\N
7341,20875,18,\N,\N,\N,\N
7342,11175,19,\N,\N,\N,\N
7343,18065,20,\N,\N,\N,\N
7344,505,22,\N,\N,\N,\N
7345,10206,23,\N,\N,\N,\N
7346,23141,24,\N,\N,\N,\N
7347,36921,25,\N,\N,\N,\N
7348,29564,18,\N,\N,\N,\N
7349,22421,19,\N,\N,\N,\N
7350,33299,20,\N,\N,\N,\N
7351,39189,22,\N,\N,\N,\N
7352,21848,23,\N,\N,\N,\N
7353,15881,24,\N,\N,\N,\N
7354,10425,25,\N,\N,\N,\N
7355,904,18,\N,\N,\N,\N
7356,5039,19,\N,\N,\N,\N
7357,28492,20,\N,\N,\N,\N
7358,35239,22,\N,\N,\N,\N
7359,4965,23,\N,\N,\N,\N
7360,4815,24,\N,\N,\N,\N
7361,12706,25,\N,\N,\N,\N
7362,31410,18,\N,\N,\N,\N
7363,8960,19,\N,\N,\N,\N
7364,9106,20,\N,\N,\N,\N
7365,3606,22,\N,\N,\N,\N
7366,37459,23,\N,\N,\N,\N
7367,35380,24,\N,\N,\N,\N
7368,18413,25,\N,\N,\N,\N
7369,39556,18,\N,\N,\N,\N
7370,26966,19,\N,\N,\N,\N
7371,7065,20,\N,\N,\N,\N
7372,22700,22,\N,\N,\N,\N
7373,27082,23,\N,\N,\N,\N
7374,3329,24,\N,\N,\N,\N
7375,39438,25,\N,\N,\N,\N
7376,20349,18,\N,\N,\N,\N
7377,19344,19,\N,\N,\N,\N
7378,8862,20,\N,\N,\N,\N
7379,23830,22,\N,\N,\N,\N
7380,34396,23,\N,\N,\N,\N
7381,39165,24,\N,\N,\N,\N
7382,26345,25,\N,\N,\N,\N
7383,21884,18,\N,\N,\N,\N
7384,29596,19,\N,\N,\N,\N
7385,4388,20,\N,\N,\N,\N
7386,9391,22,\N,\N,\N,\N
7387,37388,23,\N,\N,\N,\N
7388,29400,24,\N,\N,\N,\N
7389,16075,25,\N,\N,\N,\N
7390,32369,18,\N,\N,\N,\N
7391,523,19,\N,\N,\N,\N
7392,123,20,\N,\N,\N,\N
7393,31516,22,\N,\N,\N,\N
7394,28605,23,\N,\N,\N,\N
7395,5430,24,\N,\N,\N,\N
7396,31947,25,\N,\N,\N,\N
7397,20971,18,\N,\N,\N,\N
7398,8554,19,\N,\N,\N,\N
7399,16576,20,\N,\N,\N,\N
7400,34885,22,\N,\N,\N,\N
7401,27348,23,\N,\N,\N,\N
7402,21435,24,\N,\N,\N,\N
7403,29853,25,\N,\N,\N,\N
7404,11673,18,\N,\N,\N,\N
7405,17823,19,\N,\N,\N,\N
7406,1028,20,\N,\N,\N,\N
7407,22025,22,\N,\N,\N,\N
7408,9741,23,\N,\N,\N,\N
7409,35903,24,\N,\N,\N,\N
7410,39163,25,\N,\N,\N,\N
7411,4140,18,\N,\N,\N,\N
7412,14000,19,\N,\N,\N,\N
7413,3822,20,\N,\N,\N,\N
7414,20134,22,\N,\N,\N,\N
7415,24927,23,\N,\N,\N,\N
7416,5126,24,\N,\N,\N,\N
7417,35701,25,\N,\N,\N,\N
7418,18013,18,\N,\N,\N,\N
7419,21193,19,\N,\N,\N,\N
7420,26304,20,\N,\N,\N,\N
7421,12487,22,\N,\N,\N,\N
7422,10163,23,\N,\N,\N,\N
7423,33677,24,\N,\N,\N,\N
7424,37790,25,\N,\N,\N,\N
7425,23855,18,\N,\N,\N,\N
7426,4909,19,\N,\N,\N,\N
7427,16689,20,\N,\N,\N,\N
7428,9015,22,\N,\N,\N,\N
7429,30308,23,\N,\N,\N,\N
7430,33119,24,\N,\N,\N,\N
7431,22146,25,\N,\N,\N,\N
7432,14958,18,\N,\N,\N,\N
7433,23042,19,\N,\N,\N,\N
7434,15268,20,\N,\N,\N,\N
7435,4957,22,\N,\N,\N,\N
7436,31026,23,\N,\N,\N,\N
7437,38860,24,\N,\N,\N,\N
7438,7509,25,\N,\N,\N,\N
7439,15717,18,\N,\N,\N,\N
7440,2196,19,\N,\N,\N,\N
7441,14575,20,\N,\N,\N,\N
7442,30552,22,\N,\N,\N,\N
7443,7539,23,\N,\N,\N,\N
7444,31503,24,\N,\N,\N,\N
7445,335,25,\N,\N,\N,\N
7446,31044,18,\N,\N,\N,\N
7447,31737,19,\N,\N,\N,\N
7448,6584,20,\N,\N,\N,\N
7449,30937,22,\N,\N,\N,\N
7450,26260,23,\N,\N,\N,\N
7451,22407,24,\N,\N,\N,\N
7452,1484,25,\N,\N,\N,\N
7453,38944,18,\N,\N,\N,\N
7454,8054,19,\N,\N,\N,\N
7455,3828,20,\N,\N,\N,\N
7456,38498,22,\N,\N,\N,\N
7457,33345,23,\N,\N,\N,\N
7458,11515,24,\N,\N,\N,\N
7459,36754,25,\N,\N,\N,\N
7460,29081,18,\N,\N,\N,\N
7461,11804,19,\N,\N,\N,\N
7462,30949,20,\N,\N,\N,\N
7463,37712,22,\N,\N,\N,\N
7464,4041,23,\N,\N,\N,\N
7465,23583,24,\N,\N,\N,\N
7466,8238,25,\N,\N,\N,\N
7467,691,18,\N,\N,\N,\N
7468,9236,19,\N,\N,\N,\N
7469,7443,20,\N,\N,\N,\N
7470,10088,22,\N,\N,\N,\N
7471,23941,23,\N,\N,\N,\N
7472,34376,24,\N,\N,\N,\N
7473,4046,25,\N,\N,\N,\N
7474,8822,18,\N,\N,\N,\N
7475,7644,19,\N,\N,\N,\N
7476,17854,20,\N,\N,\N,\N
7477,9995,22,\N,\N,\N,\N
7478,38451,23,\N,\N,\N,\N
7479,3151,24,\N,\N,\N,\N
7480,37981,25,\N,\N,\N,\N
7481,22581,18,\N,\N,\N,\N
7482,18932,19,\N,\N,\N,\N
7483,6792,20,\N,\N,\N,\N
7484,8095,22,\N,\N,\N,\N
7485,23277,23,\N,\N,\N,\N
7486,14648,24,\N,\N,\N,\N
7487,28088,25,\N,\N,\N,\N
7488,6805,18,\N,\N,\N,\N
7489,23500,19,\N,\N,\N,\N
7490,27575,20,\N,\N,\N,\N
7491,37737,22,\N,\N,\N,\N
7492,2,23,\N,\N,\N,\N
7493,28362,24,\N,\N,\N,\N
7494,116,25,\N,\N,\N,\N
7495,24871,18,\N,\N,\N,\N
7496,6182,19,\N,\N,\N,\N
7497,32905,20,\N,\N,\N,\N
7498,18607,22,\N,\N,\N,\N
7499,3574,23,\N,\N,\N,\N
7500,18596,24,\N,\N,\N,\N
7501,31854,25,\N,\N,\N,\N
7502,25456,18,\N,\N,\N,\N
7503,27402,19,\N,\N,\N,\N
7504,1497,20,\N,\N,\N,\N
7505,37873,22,\N,\N,\N,\N
7506,22852,23,\N,\N,\N,\N
7507,37575,24,\N,\N,\N,\N
7508,7680,25,\N,\N,\N,\N
7509,11951,18,\N,\N,\N,\N
7510,32982,19,\N,\N,\N,\N
7511,9675,20,\N,\N,\N,\N
7512,2130,22,\N,\N,\N,\N
7513,3254,23,\N,\N,\N,\N
7514,34709,24,\N,\N,\N,\N
7515,5417,25,\N,\N,\N,\N
7516,30055,18,\N,\N,\N,\N
7517,8981,19,\N,\N,\N,\N
7518,9275,20,\N,\N,\N,\N
7519,12938,22,\N,\N,\N,\N
7520,21906,23,\N,\N,\N,\N
7521,20447,24,\N,\N,\N,\N
7522,1996,25,\N,\N,\N,\N
7523,39901,18,\N,\N,\N,\N
7524,31292,19,\N,\N,\N,\N
7525,25145,20,\N,\N,\N,\N
7526,30445,22,\N,\N,\N,\N
7527,32981,23,\N,\N,\N,\N
7528,7098,24,\N,\N,\N,\N
7529,15425,25,\N,\N,\N,\N
7530,8854,18,\N,\N,\N,\N
7531,3428,19,\N,\N,\N,\N
7532,18278,20,\N,\N,\N,\N
7533,16145,22,\N,\N,\N,\N
7534,33205,23,\N,\N,\N,\N
7535,12124,24,\N,\N,\N,\N
7536,432,25,\N,\N,\N,\N
7537,14722,18,\N,\N,\N,\N
7538,6925,19,\N,\N,\N,\N
7539,16272,20,\N,\N,\N,\N
7540,1179,22,\N,\N,\N,\N
7541,33051,23,\N,\N,\N,\N
7542,253,24,\N,\N,\N,\N
7543,26103,25,\N,\N,\N,\N
7544,11458,18,\N,\N,\N,\N
7545,27261,19,\N,\N,\N,\N
7546,15432,20,\N,\N,\N,\N
7547,30594,22,\N,\N,\N,\N
7548,19411,23,\N,\N,\N,\N
7549,18362,24,\N,\N,\N,\N
7550,20377,25,\N,\N,\N,\N
7551,2274,18,\N,\N,\N,\N
7552,1417,19,\N,\N,\N,\N
7553,1711,20,\N,\N,\N,\N
7554,13814,22,\N,\N,\N,\N
7555,36867,23,\N,\N,\N,\N
7556,7195,24,\N,\N,\N,\N
7557,13209,25,\N,\N,\N,\N
7558,32234,18,\N,\N,\N,\N
7559,32206,19,\N,\N,\N,\N
7560,21156,20,\N,\N,\N,\N
7561,33077,22,\N,\N,\N,\N
7562,27344,23,\N,\N,\N,\N
7563,37827,24,\N,\N,\N,\N
7564,19632,25,\N,\N,\N,\N
7565,20624,18,\N,\N,\N,\N
7566,34233,19,\N,\N,\N,\N
7567,26645,20,\N,\N,\N,\N
7568,24220,22,\N,\N,\N,\N
7569,27887,23,\N,\N,\N,\N
7570,72,24,\N,\N,\N,\N
7571,36158,25,\N,\N,\N,\N
7572,34332,18,\N,\N,\N,\N
7573,30361,19,\N,\N,\N,\N
7574,19317,20,\N,\N,\N,\N
7575,4837,22,\N,\N,\N,\N
7576,33268,23,\N,\N,\N,\N
7577,22378,24,\N,\N,\N,\N
7578,31640,25,\N,\N,\N,\N
7579,2813,18,\N,\N,\N,\N
7580,21019,19,\N,\N,\N,\N
7581,19630,20,\N,\N,\N,\N
7582,10800,22,\N,\N,\N,\N
7583,36693,23,\N,\N,\N,\N
7584,29125,24,\N,\N,\N,\N
7585,25108,25,\N,\N,\N,\N
7586,13206,18,\N,\N,\N,\N
7587,2157,19,\N,\N,\N,\N
7588,17518,20,\N,\N,\N,\N
7589,30254,22,\N,\N,\N,\N
7590,11288,23,\N,\N,\N,\N
7591,25474,24,\N,\N,\N,\N
7592,1700,25,\N,\N,\N,\N
7593,5130,18,\N,\N,\N,\N
7594,35737,19,\N,\N,\N,\N
7595,3088,20,\N,\N,\N,\N
7596,27111,22,\N,\N,\N,\N
7597,24895,23,\N,\N,\N,\N
7598,26613,24,\N,\N,\N,\N
7599,8316,25,\N,\N,\N,\N
7600,2305,18,\N,\N,\N,\N
7601,16727,19,\N,\N,\N,\N
7602,2765,20,\N,\N,\N,\N
7603,34013,22,\N,\N,\N,\N
7604,2026,23,\N,\N,\N,\N
7605,11157,24,\N,\N,\N,\N
7606,34675,25,\N,\N,\N,\N
7607,22282,18,\N,\N,\N,\N
7608,37125,19,\N,\N,\N,\N
7609,24507,20,\N,\N,\N,\N
7610,36926,22,\N,\N,\N,\N
7611,24037,23,\N,\N,\N,\N
7612,26993,24,\N,\N,\N,\N
7613,18559,25,\N,\N,\N,\N
7614,13199,18,\N,\N,\N,\N
7615,31855,19,\N,\N,\N,\N
7616,30184,20,\N,\N,\N,\N
7617,1953,22,\N,\N,\N,\N
7618,33443,23,\N,\N,\N,\N
7619,5282,24,\N,\N,\N,\N
7620,31470,25,\N,\N,\N,\N
7621,39211,18,\N,\N,\N,\N
7622,5024,19,\N,\N,\N,\N
7623,39553,20,\N,\N,\N,\N
7624,23415,22,\N,\N,\N,\N
7625,12125,23,\N,\N,\N,\N
7626,21969,24,\N,\N,\N,\N
7627,34071,25,\N,\N,\N,\N
7628,5124,18,\N,\N,\N,\N
7629,35260,19,\N,\N,\N,\N
7630,2134,20,\N,\N,\N,\N
7631,16580,22,\N,\N,\N,\N
7632,38946,23,\N,\N,\N,\N
7633,29712,24,\N,\N,\N,\N
7634,16491,25,\N,\N,\N,\N
7635,37062,18,\N,\N,\N,\N
7636,6123,19,\N,\N,\N,\N
7637,7618,20,\N,\N,\N,\N
7638,1247,22,\N,\N,\N,\N
7639,37420,23,\N,\N,\N,\N
7640,5163,24,\N,\N,\N,\N
7641,10099,25,\N,\N,\N,\N
7642,38113,18,\N,\N,\N,\N
7643,22715,19,\N,\N,\N,\N
7644,27717,20,\N,\N,\N,\N
7645,31928,22,\N,\N,\N,\N
7646,8979,23,\N,\N,\N,\N
7647,29189,24,\N,\N,\N,\N
7648,6411,25,\N,\N,\N,\N
7649,37441,18,\N,\N,\N,\N
7650,22126,19,\N,\N,\N,\N
7651,9328,20,\N,\N,\N,\N
7652,19954,22,\N,\N,\N,\N
7653,33428,23,\N,\N,\N,\N
7654,29451,24,\N,\N,\N,\N
7655,25322,25,\N,\N,\N,\N
7656,18681,18,\N,\N,\N,\N
7657,32709,19,\N,\N,\N,\N
7658,32446,20,\N,\N,\N,\N
7659,33996,22,\N,\N,\N,\N
7660,27908,23,\N,\N,\N,\N
7661,13922,24,\N,\N,\N,\N
7662,13729,25,\N,\N,\N,\N
7663,16168,18,\N,\N,\N,\N
7664,36317,19,\N,\N,\N,\N
7665,8506,20,\N,\N,\N,\N
7666,36811,22,\N,\N,\N,\N
7667,27128,23,\N,\N,\N,\N
7668,30523,24,\N,\N,\N,\N
7669,28649,25,\N,\N,\N,\N
7670,28560,18,\N,\N,\N,\N
7671,34559,19,\N,\N,\N,\N
7672,11884,20,\N,\N,\N,\N
7673,25141,22,\N,\N,\N,\N
7674,18393,23,\N,\N,\N,\N
7675,16350,24,\N,\N,\N,\N
7676,34624,25,\N,\N,\N,\N
7677,30872,18,\N,\N,\N,\N
7678,191,19,\N,\N,\N,\N
7679,4336,20,\N,\N,\N,\N
7680,16890,22,\N,\N,\N,\N
7681,24048,23,\N,\N,\N,\N
7682,22413,24,\N,\N,\N,\N
7683,16722,25,\N,\N,\N,\N
7684,35341,18,\N,\N,\N,\N
7685,3058,19,\N,\N,\N,\N
7686,33626,20,\N,\N,\N,\N
7687,12747,22,\N,\N,\N,\N
7688,11064,23,\N,\N,\N,\N
7689,9271,24,\N,\N,\N,\N
7690,14828,25,\N,\N,\N,\N
7691,19126,18,\N,\N,\N,\N
7692,16446,19,\N,\N,\N,\N
7693,21314,20,\N,\N,\N,\N
7694,21047,22,\N,\N,\N,\N
7695,18478,23,\N,\N,\N,\N
7696,13527,24,\N,\N,\N,\N
7697,34545,25,\N,\N,\N,\N
7698,24388,18,\N,\N,\N,\N
7699,23835,19,\N,\N,\N,\N
7700,31202,20,\N,\N,\N,\N
7701,38398,22,\N,\N,\N,\N
7702,30216,23,\N,\N,\N,\N
7703,23857,24,\N,\N,\N,\N
7704,31660,25,\N,\N,\N,\N
7705,34150,18,\N,\N,\N,\N
7706,35551,19,\N,\N,\N,\N
7707,22679,20,\N,\N,\N,\N
7708,9424,22,\N,\N,\N,\N
7709,30578,23,\N,\N,\N,\N
7710,14697,24,\N,\N,\N,\N
7711,17596,25,\N,\N,\N,\N
7712,22636,18,\N,\N,\N,\N
7713,1339,19,\N,\N,\N,\N
7714,31566,20,\N,\N,\N,\N
7715,12951,22,\N,\N,\N,\N
7716,34156,23,\N,\N,\N,\N
7717,24091,24,\N,\N,\N,\N
7718,39288,25,\N,\N,\N,\N
7719,28171,18,\N,\N,\N,\N
7720,8123,19,\N,\N,\N,\N
7721,4844,20,\N,\N,\N,\N
7722,31974,22,\N,\N,\N,\N
7723,9515,23,\N,\N,\N,\N
7724,13071,24,\N,\N,\N,\N
7725,21089,25,\N,\N,\N,\N
7726,25716,18,\N,\N,\N,\N
7727,27467,19,\N,\N,\N,\N
7728,31010,20,\N,\N,\N,\N
7729,922,22,\N,\N,\N,\N
7730,28727,23,\N,\N,\N,\N
7731,2043,24,\N,\N,\N,\N
7732,17055,25,\N,\N,\N,\N
7733,5962,18,\N,\N,\N,\N
7734,10126,19,\N,\N,\N,\N
7735,7027,20,\N,\N,\N,\N
7736,8736,22,\N,\N,\N,\N
7737,22390,23,\N,\N,\N,\N
7738,31957,24,\N,\N,\N,\N
7739,23881,25,\N,\N,\N,\N
7740,19333,18,\N,\N,\N,\N
7741,26826,19,\N,\N,\N,\N
7742,38601,20,\N,\N,\N,\N
7743,34548,22,\N,\N,\N,\N
7744,14185,23,\N,\N,\N,\N
7745,19737,24,\N,\N,\N,\N
7746,7628,25,\N,\N,\N,\N
7747,31178,18,\N,\N,\N,\N
7748,36188,19,\N,\N,\N,\N
7749,4152,20,\N,\N,\N,\N
7750,17611,22,\N,\N,\N,\N
7751,34951,23,\N,\N,\N,\N
7752,21346,24,\N,\N,\N,\N
7753,17648,25,\N,\N,\N,\N
7754,987,18,\N,\N,\N,\N
7755,32798,19,\N,\N,\N,\N
7756,10820,20,\N,\N,\N,\N
7757,36119,22,\N,\N,\N,\N
7758,3886,23,\N,\N,\N,\N
7759,27225,24,\N,\N,\N,\N
7760,739,25,\N,\N,\N,\N
7761,8612,18,\N,\N,\N,\N
7762,15253,19,\N,\N,\N,\N
7763,1138,20,\N,\N,\N,\N
7764,28803,22,\N,\N,\N,\N
7765,20963,23,\N,\N,\N,\N
7766,33785,24,\N,\N,\N,\N
7767,16277,25,\N,\N,\N,\N
7768,10342,18,\N,\N,\N,\N
7769,3101,19,\N,\N,\N,\N
7770,34620,20,\N,\N,\N,\N
7771,35782,22,\N,\N,\N,\N
7772,15241,23,\N,\N,\N,\N
7773,16623,24,\N,\N,\N,\N
7774,26227,25,\N,\N,\N,\N
7775,38704,18,\N,\N,\N,\N
7776,16178,19,\N,\N,\N,\N
7777,1418,20,\N,\N,\N,\N
7778,35160,22,\N,\N,\N,\N
7779,29947,23,\N,\N,\N,\N
7780,38031,24,\N,\N,\N,\N
7781,21540,25,\N,\N,\N,\N
7782,16108,18,\N,\N,\N,\N
7783,22160,19,\N,\N,\N,\N
7784,13524,20,\N,\N,\N,\N
7785,30600,22,\N,\N,\N,\N
7786,25432,23,\N,\N,\N,\N
7787,25723,24,\N,\N,\N,\N
7788,124,25,\N,\N,\N,\N
7789,38126,18,\N,\N,\N,\N
7790,36386,19,\N,\N,\N,\N
7791,39532,20,\N,\N,\N,\N
7792,4996,22,\N,\N,\N,\N
7793,34181,23,\N,\N,\N,\N
7794,38328,24,\N,\N,\N,\N
7795,32462,25,\N,\N,\N,\N
7796,30381,18,\N,\N,\N,\N
7797,31049,19,\N,\N,\N,\N
7798,13751,20,\N,\N,\N,\N
7799,23363,22,\N,\N,\N,\N
7800,31656,23,\N,\N,\N,\N
7801,30241,24,\N,\N,\N,\N
7802,24401,25,\N,\N,\N,\N
7803,5660,18,\N,\N,\N,\N
7804,2438,19,\N,\N,\N,\N
7805,4927,20,\N,\N,\N,\N
7806,16456,22,\N,\N,\N,\N
7807,28700,23,\N,\N,\N,\N
7808,20092,24,\N,\N,\N,\N
7809,4330,25,\N,\N,\N,\N
7810,36866,18,\N,\N,\N,\N
7811,31820,19,\N,\N,\N,\N
7812,20208,20,\N,\N,\N,\N
7813,20295,22,\N,\N,\N,\N
7814,13142,23,\N,\N,\N,\N
7815,31198,24,\N,\N,\N,\N
7816,35364,25,\N,\N,\N,\N
7817,20278,18,\N,\N,\N,\N
7818,18685,19,\N,\N,\N,\N
7819,10585,20,\N,\N,\N,\N
7820,27197,22,\N,\N,\N,\N
7821,16475,23,\N,\N,\N,\N
7822,38428,24,\N,\N,\N,\N
7823,24084,25,\N,\N,\N,\N
7824,3578,18,\N,\N,\N,\N
7825,18466,19,\N,\N,\N,\N
7826,16499,20,\N,\N,\N,\N
7827,4779,22,\N,\N,\N,\N
7828,39635,23,\N,\N,\N,\N
7829,22322,24,\N,\N,\N,\N
7830,31052,25,\N,\N,\N,\N
7831,5483,18,\N,\N,\N,\N
7832,25112,19,\N,\N,\N,\N
7833,13357,20,\N,\N,\N,\N
7834,14329,22,\N,\N,\N,\N
7835,26211,23,\N,\N,\N,\N
7836,32696,24,\N,\N,\N,\N
7837,39434,25,\N,\N,\N,\N
7838,15138,18,\N,\N,\N,\N
7839,26974,19,\N,\N,\N,\N
7840,30246,20,\N,\N,\N,\N
7841,34490,22,\N,\N,\N,\N
7842,28714,23,\N,\N,\N,\N
7843,6601,24,\N,\N,\N,\N
7844,38652,25,\N,\N,\N,\N
7845,20556,18,\N,\N,\N,\N
7846,21104,19,\N,\N,\N,\N
7847,31565,20,\N,\N,\N,\N
7848,9520,22,\N,\N,\N,\N
7849,23125,23,\N,\N,\N,\N
7850,13472,24,\N,\N,\N,\N
7851,10915,25,\N,\N,\N,\N
7852,31491,18,\N,\N,\N,\N
7853,11662,19,\N,\N,\N,\N
7854,21994,20,\N,\N,\N,\N
7855,6340,22,\N,\N,\N,\N
7856,8046,23,\N,\N,\N,\N
7857,3074,24,\N,\N,\N,\N
7858,2127,25,\N,\N,\N,\N
7859,25076,18,\N,\N,\N,\N
7860,14525,19,\N,\N,\N,\N
7861,35020,20,\N,\N,\N,\N
7862,27543,22,\N,\N,\N,\N
7863,3279,23,\N,\N,\N,\N
7864,20603,24,\N,\N,\N,\N
7865,16662,25,\N,\N,\N,\N
7866,36328,18,\N,\N,\N,\N
7867,39750,19,\N,\N,\N,\N
7868,6095,20,\N,\N,\N,\N
7869,5094,22,\N,\N,\N,\N
7870,20649,23,\N,\N,\N,\N
7871,21751,24,\N,\N,\N,\N
7872,5275,25,\N,\N,\N,\N
7873,25508,18,\N,\N,\N,\N
7874,14210,19,\N,\N,\N,\N
7875,18769,20,\N,\N,\N,\N
7876,38713,22,\N,\N,\N,\N
7877,22273,23,\N,\N,\N,\N
7878,2370,24,\N,\N,\N,\N
7879,22513,25,\N,\N,\N,\N
7880,32825,18,\N,\N,\N,\N
7881,3732,19,\N,\N,\N,\N
7882,6731,20,\N,\N,\N,\N
7883,37674,22,\N,\N,\N,\N
7884,13676,23,\N,\N,\N,\N
7885,39729,24,\N,\N,\N,\N
7886,9426,25,\N,\N,\N,\N
7887,12207,18,\N,\N,\N,\N
7888,24877,19,\N,\N,\N,\N
7889,30267,20,\N,\N,\N,\N
7890,21241,22,\N,\N,\N,\N
7891,12259,23,\N,\N,\N,\N
7892,3535,24,\N,\N,\N,\N
7893,18595,25,\N,\N,\N,\N
7894,5141,18,\N,\N,\N,\N
7895,2939,19,\N,\N,\N,\N
7896,38153,20,\N,\N,\N,\N
7897,14045,22,\N,\N,\N,\N
7898,24079,23,\N,\N,\N,\N
7899,35080,24,\N,\N,\N,\N
7900,35831,25,\N,\N,\N,\N
7901,12126,18,\N,\N,\N,\N
7902,22484,19,\N,\N,\N,\N
7903,9631,20,\N,\N,\N,\N
7904,31546,22,\N,\N,\N,\N
7905,32353,23,\N,\N,\N,\N
7906,7658,24,\N,\N,\N,\N
7907,1112,25,\N,\N,\N,\N
7908,2910,18,\N,\N,\N,\N
7909,12354,19,\N,\N,\N,\N
7910,22405,20,\N,\N,\N,\N
7911,19121,22,\N,\N,\N,\N
7912,3724,23,\N,\N,\N,\N
7913,1509,24,\N,\N,\N,\N
7914,37867,25,\N,\N,\N,\N
7915,32180,18,\N,\N,\N,\N
7916,21584,19,\N,\N,\N,\N
7917,39758,20,\N,\N,\N,\N
7918,3858,22,\N,\N,\N,\N
7919,33160,23,\N,\N,\N,\N
7920,16246,24,\N,\N,\N,\N
7921,18622,25,\N,\N,\N,\N
7922,8092,18,\N,\N,\N,\N
7923,24812,19,\N,\N,\N,\N
7924,34356,20,\N,\N,\N,\N
7925,438,22,\N,\N,\N,\N
7926,25040,23,\N,\N,\N,\N
7927,35761,24,\N,\N,\N,\N
7928,13514,25,\N,\N,\N,\N
7929,32686,18,\N,\N,\N,\N
7930,31314,19,\N,\N,\N,\N
7931,26898,20,\N,\N,\N,\N
7932,18398,22,\N,\N,\N,\N
7933,31738,23,\N,\N,\N,\N
7934,28854,24,\N,\N,\N,\N
7935,26973,25,\N,\N,\N,\N
7936,34450,18,\N,\N,\N,\N
7937,2735,19,\N,\N,\N,\N
7938,15266,20,\N,\N,\N,\N
7939,17653,22,\N,\N,\N,\N
7940,24202,23,\N,\N,\N,\N
7941,13977,24,\N,\N,\N,\N
7942,18102,25,\N,\N,\N,\N
7943,11392,18,\N,\N,\N,\N
7944,20932,19,\N,\N,\N,\N
7945,34542,20,\N,\N,\N,\N
7946,6454,22,\N,\N,\N,\N
7947,14868,23,\N,\N,\N,\N
7948,15567,24,\N,\N,\N,\N
7949,39676,25,\N,\N,\N,\N
7950,12282,18,\N,\N,\N,\N
7951,16275,19,\N,\N,\N,\N
7952,29394,20,\N,\N,\N,\N
7953,29945,22,\N,\N,\N,\N
7954,3735,23,\N,\N,\N,\N
7955,36550,24,\N,\N,\N,\N
7956,3673,25,\N,\N,\N,\N
7957,18180,18,\N,\N,\N,\N
7958,36677,19,\N,\N,\N,\N
7959,2909,20,\N,\N,\N,\N
7960,22481,22,\N,\N,\N,\N
7961,16762,23,\N,\N,\N,\N
7962,32226,24,\N,\N,\N,\N
7963,19191,25,\N,\N,\N,\N
7964,17037,18,\N,\N,\N,\N
7965,18707,19,\N,\N,\N,\N
7966,16309,20,\N,\N,\N,\N
7967,19242,22,\N,\N,\N,\N
7968,38285,23,\N,\N,\N,\N
7969,39527,24,\N,\N,\N,\N
7970,29727,25,\N,\N,\N,\N
7971,21571,18,\N,\N,\N,\N
7972,25429,19,\N,\N,\N,\N
7973,4588,20,\N,\N,\N,\N
7974,13890,22,\N,\N,\N,\N
7975,10978,23,\N,\N,\N,\N
7976,15191,24,\N,\N,\N,\N
7977,8159,25,\N,\N,\N,\N
7978,12454,18,\N,\N,\N,\N
7979,30150,19,\N,\N,\N,\N
7980,7595,20,\N,\N,\N,\N
7981,583,22,\N,\N,\N,\N
7982,3131,23,\N,\N,\N,\N
7983,5403,24,\N,\N,\N,\N
7984,371,25,\N,\N,\N,\N
7985,4467,18,\N,\N,\N,\N
7986,30353,19,\N,\N,\N,\N
7987,36987,20,\N,\N,\N,\N
7988,18878,22,\N,\N,\N,\N
7989,2503,23,\N,\N,\N,\N
7990,12574,24,\N,\N,\N,\N
7991,15831,25,\N,\N,\N,\N
7992,34022,18,\N,\N,\N,\N
7993,20583,19,\N,\N,\N,\N
7994,12533,20,\N,\N,\N,\N
7995,34354,22,\N,\N,\N,\N
7996,38871,23,\N,\N,\N,\N
7997,38381,24,\N,\N,\N,\N
7998,35112,25,\N,\N,\N,\N
7999,12635,18,\N,\N,\N,\N
8000,10027,19,\N,\N,\N,\N
8001,190,20,\N,\N,\N,\N
8002,24555,22,\N,\N,\N,\N
8003,23057,23,\N,\N,\N,\N
8004,32266,24,\N,\N,\N,\N
8005,11328,25,\N,\N,\N,\N
8006,2323,18,\N,\N,\N,\N
8007,6079,19,\N,\N,\N,\N
8008,29785,20,\N,\N,\N,\N
8009,36403,22,\N,\N,\N,\N
8010,3954,23,\N,\N,\N,\N
8011,30920,24,\N,\N,\N,\N
8012,17476,25,\N,\N,\N,\N
8013,7456,18,\N,\N,\N,\N
8014,27855,19,\N,\N,\N,\N
8015,17169,20,\N,\N,\N,\N
8016,37609,22,\N,\N,\N,\N
8017,4794,23,\N,\N,\N,\N
8018,37742,24,\N,\N,\N,\N
8019,7704,25,\N,\N,\N,\N
8020,16457,18,\N,\N,\N,\N
8021,36831,19,\N,\N,\N,\N
8022,1479,20,\N,\N,\N,\N
8023,16078,22,\N,\N,\N,\N
8024,31481,23,\N,\N,\N,\N
8025,39396,24,\N,\N,\N,\N
8026,33111,25,\N,\N,\N,\N
8027,1455,18,\N,\N,\N,\N
8028,37348,19,\N,\N,\N,\N
8029,222,20,\N,\N,\N,\N
8030,29162,22,\N,\N,\N,\N
8031,25682,23,\N,\N,\N,\N
8032,16176,24,\N,\N,\N,\N
8033,21865,25,\N,\N,\N,\N
8034,15257,18,\N,\N,\N,\N
8035,35896,19,\N,\N,\N,\N
8036,6540,20,\N,\N,\N,\N
8037,19495,22,\N,\N,\N,\N
8038,25248,23,\N,\N,\N,\N
8039,17940,24,\N,\N,\N,\N
8040,2746,25,\N,\N,\N,\N
8041,7636,18,\N,\N,\N,\N
8042,13898,19,\N,\N,\N,\N
8043,28687,20,\N,\N,\N,\N
8044,1165,22,\N,\N,\N,\N
8045,1266,23,\N,\N,\N,\N
8046,13241,24,\N,\N,\N,\N
8047,39486,25,\N,\N,\N,\N
8048,8738,18,\N,\N,\N,\N
8049,22343,19,\N,\N,\N,\N
8050,30558,20,\N,\N,\N,\N
8051,24277,22,\N,\N,\N,\N
8052,6567,23,\N,\N,\N,\N
8053,27036,24,\N,\N,\N,\N
8054,24783,25,\N,\N,\N,\N
8055,301,18,\N,\N,\N,\N
8056,27292,19,\N,\N,\N,\N
8057,5952,20,\N,\N,\N,\N
8058,21728,22,\N,\N,\N,\N
8059,3073,23,\N,\N,\N,\N
8060,32568,24,\N,\N,\N,\N
8061,10720,25,\N,\N,\N,\N
8062,19704,18,\N,\N,\N,\N
8063,17420,19,\N,\N,\N,\N
8064,26476,20,\N,\N,\N,\N
8065,20117,22,\N,\N,\N,\N
8066,12143,23,\N,\N,\N,\N
8067,34889,24,\N,\N,\N,\N
8068,12247,25,\N,\N,\N,\N
8069,18378,18,\N,\N,\N,\N
8070,31782,19,\N,\N,\N,\N
8071,2314,20,\N,\N,\N,\N
8072,29561,22,\N,\N,\N,\N
8073,29149,23,\N,\N,\N,\N
8074,8864,24,\N,\N,\N,\N
8075,38614,25,\N,\N,\N,\N
8076,10154,18,\N,\N,\N,\N
8077,26552,19,\N,\N,\N,\N
8078,37679,20,\N,\N,\N,\N
8079,21968,22,\N,\N,\N,\N
8080,18266,23,\N,\N,\N,\N
8081,21322,24,\N,\N,\N,\N
8082,1988,25,\N,\N,\N,\N
8083,37036,18,\N,\N,\N,\N
8084,895,19,\N,\N,\N,\N
8085,4437,20,\N,\N,\N,\N
8086,2167,22,\N,\N,\N,\N
8087,78,23,\N,\N,\N,\N
8088,39433,24,\N,\N,\N,\N
8089,22578,25,\N,\N,\N,\N
8090,17196,18,\N,\N,\N,\N
8091,4346,19,\N,\N,\N,\N
8092,20175,20,\N,\N,\N,\N
8093,25604,22,\N,\N,\N,\N
8094,22509,23,\N,\N,\N,\N
8095,5186,24,\N,\N,\N,\N
8096,2211,25,\N,\N,\N,\N
8097,25853,18,\N,\N,\N,\N
8098,36465,19,\N,\N,\N,\N
8099,30305,20,\N,\N,\N,\N
8100,21164,22,\N,\N,\N,\N
8101,21965,23,\N,\N,\N,\N
8102,33069,24,\N,\N,\N,\N
8103,1080,25,\N,\N,\N,\N
8104,31915,18,\N,\N,\N,\N
8105,35768,19,\N,\N,\N,\N
8106,5356,20,\N,\N,\N,\N
8107,10247,22,\N,\N,\N,\N
8108,27506,23,\N,\N,\N,\N
8109,15815,24,\N,\N,\N,\N
8110,34873,25,\N,\N,\N,\N
8111,38882,18,\N,\N,\N,\N
8112,16739,19,\N,\N,\N,\N
8113,11085,20,\N,\N,\N,\N
8114,21580,22,\N,\N,\N,\N
8115,18016,23,\N,\N,\N,\N
8116,18493,24,\N,\N,\N,\N
8117,19020,25,\N,\N,\N,\N
8118,1983,18,\N,\N,\N,\N
8119,34532,19,\N,\N,\N,\N
8120,33185,20,\N,\N,\N,\N
8121,9934,22,\N,\N,\N,\N
8122,14897,23,\N,\N,\N,\N
8123,5829,24,\N,\N,\N,\N
8124,27826,25,\N,\N,\N,\N
8125,28445,18,\N,\N,\N,\N
8126,35368,19,\N,\N,\N,\N
8127,31276,20,\N,\N,\N,\N
8128,33326,22,\N,\N,\N,\N
8129,37863,23,\N,\N,\N,\N
8130,19386,24,\N,\N,\N,\N
8131,35635,25,\N,\N,\N,\N
8132,14526,18,\N,\N,\N,\N
8133,17464,19,\N,\N,\N,\N
8134,17344,20,\N,\N,\N,\N
8135,2333,22,\N,\N,\N,\N
8136,20137,23,\N,\N,\N,\N
8137,36967,24,\N,\N,\N,\N
8138,19380,25,\N,\N,\N,\N
8139,27296,18,\N,\N,\N,\N
8140,23351,19,\N,\N,\N,\N
8141,26433,20,\N,\N,\N,\N
8142,33532,22,\N,\N,\N,\N
8143,28044,23,\N,\N,\N,\N
8144,37458,24,\N,\N,\N,\N
8145,28722,25,\N,\N,\N,\N
8146,28507,18,\N,\N,\N,\N
8147,35640,19,\N,\N,\N,\N
8148,11519,20,\N,\N,\N,\N
8149,37312,22,\N,\N,\N,\N
8150,21357,23,\N,\N,\N,\N
8151,36838,24,\N,\N,\N,\N
8152,32603,25,\N,\N,\N,\N
8153,3751,18,\N,\N,\N,\N
8154,26419,19,\N,\N,\N,\N
8155,13870,20,\N,\N,\N,\N
8156,22355,22,\N,\N,\N,\N
8157,7959,23,\N,\N,\N,\N
8158,2484,24,\N,\N,\N,\N
8159,8441,25,\N,\N,\N,\N
8160,35401,18,\N,\N,\N,\N
8161,27125,19,\N,\N,\N,\N
8162,19498,20,\N,\N,\N,\N
8163,21920,22,\N,\N,\N,\N
8164,26558,23,\N,\N,\N,\N
8165,35180,24,\N,\N,\N,\N
8166,4030,25,\N,\N,\N,\N
8167,29219,18,\N,\N,\N,\N
8168,7667,19,\N,\N,\N,\N
8169,39014,20,\N,\N,\N,\N
8170,25415,22,\N,\N,\N,\N
8171,31418,23,\N,\N,\N,\N
8172,5785,24,\N,\N,\N,\N
8173,31790,25,\N,\N,\N,\N
8174,1446,18,\N,\N,\N,\N
8175,37374,19,\N,\N,\N,\N
8176,31831,20,\N,\N,\N,\N
8177,30015,22,\N,\N,\N,\N
8178,2995,23,\N,\N,\N,\N
8179,2055,24,\N,\N,\N,\N
8180,39061,25,\N,\N,\N,\N
8181,2633,18,\N,\N,\N,\N
8182,38981,19,\N,\N,\N,\N
8183,15426,20,\N,\N,\N,\N
8184,27970,22,\N,\N,\N,\N
8185,23641,23,\N,\N,\N,\N
8186,2885,24,\N,\N,\N,\N
8187,18638,25,\N,\N,\N,\N
8188,24914,18,\N,\N,\N,\N
8189,2613,19,\N,\N,\N,\N
8190,2069,20,\N,\N,\N,\N
8191,16471,22,\N,\N,\N,\N
8192,25181,23,\N,\N,\N,\N
8193,32475,24,\N,\N,\N,\N
8194,2758,25,\N,\N,\N,\N
8195,39016,18,\N,\N,\N,\N
8196,34851,19,\N,\N,\N,\N
8197,22500,20,\N,\N,\N,\N
8198,6640,22,\N,\N,\N,\N
8199,26342,23,\N,\N,\N,\N
8200,38698,24,\N,\N,\N,\N
8201,35386,25,\N,\N,\N,\N
8202,23528,18,\N,\N,\N,\N
8203,15021,19,\N,\N,\N,\N
8204,6835,20,\N,\N,\N,\N
8205,11482,22,\N,\N,\N,\N
8206,36889,23,\N,\N,\N,\N
8207,7449,24,\N,\N,\N,\N
8208,8102,25,\N,\N,\N,\N
8209,10104,18,\N,\N,\N,\N
8210,26647,19,\N,\N,\N,\N
8211,8734,20,\N,\N,\N,\N
8212,11000,22,\N,\N,\N,\N
8213,38462,23,\N,\N,\N,\N
8214,1773,24,\N,\N,\N,\N
8215,19686,25,\N,\N,\N,\N
8216,37784,18,\N,\N,\N,\N
8217,1684,19,\N,\N,\N,\N
8218,22487,20,\N,\N,\N,\N
8219,26976,22,\N,\N,\N,\N
8220,9481,23,\N,\N,\N,\N
8221,31730,24,\N,\N,\N,\N
8222,39785,25,\N,\N,\N,\N
8223,34139,18,\N,\N,\N,\N
8224,7836,19,\N,\N,\N,\N
8225,6770,20,\N,\N,\N,\N
8226,16902,22,\N,\N,\N,\N
8227,8615,23,\N,\N,\N,\N
8228,14900,24,\N,\N,\N,\N
8229,34153,25,\N,\N,\N,\N
8230,29269,18,\N,\N,\N,\N
8231,15531,19,\N,\N,\N,\N
8232,35346,20,\N,\N,\N,\N
8233,22628,22,\N,\N,\N,\N
8234,29697,23,\N,\N,\N,\N
8235,2699,24,\N,\N,\N,\N
8236,3186,25,\N,\N,\N,\N
8237,9579,18,\N,\N,\N,\N
8238,17406,19,\N,\N,\N,\N
8239,8096,20,\N,\N,\N,\N
8240,39007,22,\N,\N,\N,\N
8241,20760,23,\N,\N,\N,\N
8242,23031,24,\N,\N,\N,\N
8243,17674,25,\N,\N,\N,\N
8244,32476,18,\N,\N,\N,\N
8245,22969,19,\N,\N,\N,\N
8246,11963,20,\N,\N,\N,\N
8247,10626,22,\N,\N,\N,\N
8248,31877,23,\N,\N,\N,\N
8249,23432,24,\N,\N,\N,\N
8250,11854,25,\N,\N,\N,\N
8251,19221,18,\N,\N,\N,\N
8252,1423,19,\N,\N,\N,\N
8253,1536,20,\N,\N,\N,\N
8254,26862,22,\N,\N,\N,\N
8255,3665,23,\N,\N,\N,\N
8256,10477,24,\N,\N,\N,\N
8257,35379,25,\N,\N,\N,\N
8258,11514,18,\N,\N,\N,\N
8259,35245,19,\N,\N,\N,\N
8260,14361,20,\N,\N,\N,\N
8261,35680,22,\N,\N,\N,\N
8262,30803,23,\N,\N,\N,\N
8263,13385,24,\N,\N,\N,\N
8264,20572,25,\N,\N,\N,\N
8265,29473,18,\N,\N,\N,\N
8266,19248,19,\N,\N,\N,\N
8267,31770,20,\N,\N,\N,\N
8268,4048,22,\N,\N,\N,\N
8269,24676,23,\N,\N,\N,\N
8270,28156,24,\N,\N,\N,\N
8271,23730,25,\N,\N,\N,\N
8272,21651,18,\N,\N,\N,\N
8273,38766,19,\N,\N,\N,\N
8274,18366,20,\N,\N,\N,\N
8275,6476,22,\N,\N,\N,\N
8276,24069,23,\N,\N,\N,\N
8277,24228,24,\N,\N,\N,\N
8278,26750,25,\N,\N,\N,\N
8279,10868,18,\N,\N,\N,\N
8280,20107,19,\N,\N,\N,\N
8281,28478,20,\N,\N,\N,\N
8282,24343,22,\N,\N,\N,\N
8283,33739,23,\N,\N,\N,\N
8284,464,24,\N,\N,\N,\N
8285,28720,25,\N,\N,\N,\N
8286,24537,18,\N,\N,\N,\N
8287,27606,19,\N,\N,\N,\N
8288,28184,20,\N,\N,\N,\N
8289,19985,22,\N,\N,\N,\N
8290,11037,23,\N,\N,\N,\N
8291,26140,24,\N,\N,\N,\N
8292,18222,25,\N,\N,\N,\N
8293,16621,18,\N,\N,\N,\N
8294,8759,19,\N,\N,\N,\N
8295,1118,20,\N,\N,\N,\N
8296,3433,22,\N,\N,\N,\N
8297,24861,23,\N,\N,\N,\N
8298,38826,24,\N,\N,\N,\N
8299,23648,25,\N,\N,\N,\N
8300,37992,18,\N,\N,\N,\N
8301,23503,19,\N,\N,\N,\N
8302,5189,20,\N,\N,\N,\N
8303,11967,22,\N,\N,\N,\N
8304,21249,23,\N,\N,\N,\N
8305,15502,24,\N,\N,\N,\N
8306,31585,25,\N,\N,\N,\N
8307,23349,18,\N,\N,\N,\N
8308,14439,19,\N,\N,\N,\N
8309,8520,20,\N,\N,\N,\N
8310,17142,22,\N,\N,\N,\N
8311,20813,23,\N,\N,\N,\N
8312,9434,24,\N,\N,\N,\N
8313,8692,25,\N,\N,\N,\N
8314,32915,18,\N,\N,\N,\N
8315,16169,19,\N,\N,\N,\N
8316,7700,20,\N,\N,\N,\N
8317,18790,22,\N,\N,\N,\N
8318,32136,23,\N,\N,\N,\N
8319,8530,24,\N,\N,\N,\N
8320,23923,25,\N,\N,\N,\N
8321,32768,18,\N,\N,\N,\N
8322,5517,19,\N,\N,\N,\N
8323,21639,20,\N,\N,\N,\N
8324,2664,22,\N,\N,\N,\N
8325,1162,23,\N,\N,\N,\N
8326,16293,24,\N,\N,\N,\N
8327,2754,25,\N,\N,\N,\N
8328,39839,18,\N,\N,\N,\N
8329,3631,19,\N,\N,\N,\N
8330,8344,20,\N,\N,\N,\N
8331,25183,22,\N,\N,\N,\N
8332,6433,23,\N,\N,\N,\N
8333,15178,24,\N,\N,\N,\N
8334,21255,25,\N,\N,\N,\N
8335,32427,18,\N,\N,\N,\N
8336,1144,19,\N,\N,\N,\N
8337,35659,20,\N,\N,\N,\N
8338,28717,22,\N,\N,\N,\N
8339,32084,23,\N,\N,\N,\N
8340,32895,24,\N,\N,\N,\N
8341,18709,25,\N,\N,\N,\N
8342,11308,18,\N,\N,\N,\N
8343,20212,19,\N,\N,\N,\N
8344,34130,20,\N,\N,\N,\N
8345,38028,22,\N,\N,\N,\N
8346,5108,23,\N,\N,\N,\N
8347,5716,24,\N,\N,\N,\N
8348,10061,25,\N,\N,\N,\N
8349,5363,18,\N,\N,\N,\N
8350,26713,19,\N,\N,\N,\N
8351,29503,20,\N,\N,\N,\N
8352,14546,22,\N,\N,\N,\N
8353,23984,23,\N,\N,\N,\N
8354,18606,24,\N,\N,\N,\N
8355,27564,25,\N,\N,\N,\N
8356,10182,18,\N,\N,\N,\N
8357,35261,19,\N,\N,\N,\N
8358,15751,20,\N,\N,\N,\N
8359,2402,22,\N,\N,\N,\N
8360,29156,23,\N,\N,\N,\N
8361,38390,24,\N,\N,\N,\N
8362,24006,25,\N,\N,\N,\N
8363,16091,18,\N,\N,\N,\N
8364,28881,19,\N,\N,\N,\N
8365,28787,20,\N,\N,\N,\N
8366,9981,22,\N,\N,\N,\N
8367,20400,23,\N,\N,\N,\N
8368,1434,24,\N,\N,\N,\N
8369,8493,25,\N,\N,\N,\N
8370,24949,18,\N,\N,\N,\N
8371,25644,19,\N,\N,\N,\N
8372,38526,20,\N,\N,\N,\N
8373,27752,22,\N,\N,\N,\N
8374,450,23,\N,\N,\N,\N
8375,26846,24,\N,\N,\N,\N
8376,4875,25,\N,\N,\N,\N
8377,4078,18,\N,\N,\N,\N
8378,31233,19,\N,\N,\N,\N
8379,646,20,\N,\N,\N,\N
8380,27839,22,\N,\N,\N,\N
8381,27247,23,\N,\N,\N,\N
8382,9077,24,\N,\N,\N,\N
8383,14559,25,\N,\N,\N,\N
8384,13812,18,\N,\N,\N,\N
8385,2632,19,\N,\N,\N,\N
8386,30712,20,\N,\N,\N,\N
8387,8585,22,\N,\N,\N,\N
8388,22083,23,\N,\N,\N,\N
8389,31600,24,\N,\N,\N,\N
8390,12932,25,\N,\N,\N,\N
8391,9614,18,\N,\N,\N,\N
8392,16791,19,\N,\N,\N,\N
8393,10896,20,\N,\N,\N,\N
8394,12150,22,\N,\N,\N,\N
8395,24547,23,\N,\N,\N,\N
8396,30434,24,\N,\N,\N,\N
8397,25159,25,\N,\N,\N,\N
8398,15079,18,\N,\N,\N,\N
8399,5703,19,\N,\N,\N,\N
8400,8130,20,\N,\N,\N,\N
8401,7554,22,\N,\N,\N,\N
8402,4506,23,\N,\N,\N,\N
8403,29548,24,\N,\N,\N,\N
8404,33826,25,\N,\N,\N,\N
8405,9464,18,\N,\N,\N,\N
8406,34229,19,\N,\N,\N,\N
8407,17567,20,\N,\N,\N,\N
8408,5062,22,\N,\N,\N,\N
8409,21462,23,\N,\N,\N,\N
8410,14134,24,\N,\N,\N,\N
8411,15481,25,\N,\N,\N,\N
8412,34214,18,\N,\N,\N,\N
8413,36780,19,\N,\N,\N,\N
8414,28386,20,\N,\N,\N,\N
8415,25715,22,\N,\N,\N,\N
8416,6843,23,\N,\N,\N,\N
8417,23182,24,\N,\N,\N,\N
8418,3857,25,\N,\N,\N,\N
8419,32843,18,\N,\N,\N,\N
8420,25639,19,\N,\N,\N,\N
8421,30066,20,\N,\N,\N,\N
8422,39524,22,\N,\N,\N,\N
8423,8041,23,\N,\N,\N,\N
8424,34281,24,\N,\N,\N,\N
8425,6393,25,\N,\N,\N,\N
8426,8749,18,\N,\N,\N,\N
8427,8338,19,\N,\N,\N,\N
8428,5908,20,\N,\N,\N,\N
8429,7338,22,\N,\N,\N,\N
8430,38764,23,\N,\N,\N,\N
8431,20761,24,\N,\N,\N,\N
8432,16438,25,\N,\N,\N,\N
8433,9565,18,\N,\N,\N,\N
8434,34936,19,\N,\N,\N,\N
8435,1903,20,\N,\N,\N,\N
8436,12754,22,\N,\N,\N,\N
8437,5710,23,\N,\N,\N,\N
8438,34001,24,\N,\N,\N,\N
8439,38359,25,\N,\N,\N,\N
8440,6646,18,\N,\N,\N,\N
8441,1802,19,\N,\N,\N,\N
8442,14465,20,\N,\N,\N,\N
8443,35404,22,\N,\N,\N,\N
8444,36649,23,\N,\N,\N,\N
8445,14389,24,\N,\N,\N,\N
8446,15411,25,\N,\N,\N,\N
8447,17734,18,\N,\N,\N,\N
8448,15374,19,\N,\N,\N,\N
8449,7094,20,\N,\N,\N,\N
8450,30596,22,\N,\N,\N,\N
8451,19055,23,\N,\N,\N,\N
8452,26160,24,\N,\N,\N,\N
8453,9057,25,\N,\N,\N,\N
8454,25423,18,\N,\N,\N,\N
8455,21908,19,\N,\N,\N,\N
8456,21377,20,\N,\N,\N,\N
8457,23892,22,\N,\N,\N,\N
8458,17689,23,\N,\N,\N,\N
8459,24316,24,\N,\N,\N,\N
8460,29607,25,\N,\N,\N,\N
8461,31857,18,\N,\N,\N,\N
8462,35816,19,\N,\N,\N,\N
8463,22673,20,\N,\N,\N,\N
8464,2224,22,\N,\N,\N,\N
8465,38563,23,\N,\N,\N,\N
8466,10208,24,\N,\N,\N,\N
8467,21395,25,\N,\N,\N,\N
8468,10233,18,\N,\N,\N,\N
8469,9340,19,\N,\N,\N,\N
8470,28820,20,\N,\N,\N,\N
8471,5879,22,\N,\N,\N,\N
8472,10462,23,\N,\N,\N,\N
8473,5805,24,\N,\N,\N,\N
8474,18839,25,\N,\N,\N,\N
8475,31699,18,\N,\N,\N,\N
8476,5484,19,\N,\N,\N,\N
8477,33973,20,\N,\N,\N,\N
8478,27825,22,\N,\N,\N,\N
8479,7117,23,\N,\N,\N,\N
8480,10981,24,\N,\N,\N,\N
8481,38046,25,\N,\N,\N,\N
8482,3996,18,\N,\N,\N,\N
8483,12806,19,\N,\N,\N,\N
8484,13003,20,\N,\N,\N,\N
8485,34352,22,\N,\N,\N,\N
8486,31761,23,\N,\N,\N,\N
8487,39549,24,\N,\N,\N,\N
8488,37670,25,\N,\N,\N,\N
8489,2637,18,\N,\N,\N,\N
8490,5819,19,\N,\N,\N,\N
8491,14531,20,\N,\N,\N,\N
8492,23725,22,\N,\N,\N,\N
8493,12372,23,\N,\N,\N,\N
8494,32607,24,\N,\N,\N,\N
8495,4963,25,\N,\N,\N,\N
8496,14294,18,\N,\N,\N,\N
8497,18950,19,\N,\N,\N,\N
8498,28299,20,\N,\N,\N,\N
8499,38233,22,\N,\N,\N,\N
8500,22708,23,\N,\N,\N,\N
8501,21593,24,\N,\N,\N,\N
8502,2356,25,\N,\N,\N,\N
8503,843,18,\N,\N,\N,\N
8504,32260,19,\N,\N,\N,\N
8505,16586,20,\N,\N,\N,\N
8506,31361,22,\N,\N,\N,\N
8507,18375,23,\N,\N,\N,\N
8508,31676,24,\N,\N,\N,\N
8509,26680,25,\N,\N,\N,\N
8510,24808,18,\N,\N,\N,\N
8511,27937,19,\N,\N,\N,\N
8512,15200,20,\N,\N,\N,\N
8513,21436,22,\N,\N,\N,\N
8514,35412,23,\N,\N,\N,\N
8515,38849,24,\N,\N,\N,\N
8516,22538,25,\N,\N,\N,\N
8517,10360,18,\N,\N,\N,\N
8518,22189,19,\N,\N,\N,\N
8519,16794,20,\N,\N,\N,\N
8520,14674,22,\N,\N,\N,\N
8521,37632,23,\N,\N,\N,\N
8522,12053,24,\N,\N,\N,\N
8523,9882,25,\N,\N,\N,\N
8524,17822,18,\N,\N,\N,\N
8525,4912,19,\N,\N,\N,\N
8526,16547,20,\N,\N,\N,\N
8527,22475,22,\N,\N,\N,\N
8528,28139,23,\N,\N,\N,\N
8529,18962,24,\N,\N,\N,\N
8530,7093,25,\N,\N,\N,\N
8531,23973,18,\N,\N,\N,\N
8532,17820,19,\N,\N,\N,\N
8533,2476,20,\N,\N,\N,\N
8534,13216,22,\N,\N,\N,\N
8535,5300,23,\N,\N,\N,\N
8536,20632,24,\N,\N,\N,\N
8537,38438,25,\N,\N,\N,\N
8538,27906,18,\N,\N,\N,\N
8539,9699,19,\N,\N,\N,\N
8540,11541,20,\N,\N,\N,\N
8541,33673,22,\N,\N,\N,\N
8542,29416,23,\N,\N,\N,\N
8543,28791,24,\N,\N,\N,\N
8544,36211,25,\N,\N,\N,\N
8545,9480,18,\N,\N,\N,\N
8546,2159,19,\N,\N,\N,\N
8547,27626,20,\N,\N,\N,\N
8548,11155,22,\N,\N,\N,\N
8549,2012,23,\N,\N,\N,\N
8550,24090,24,\N,\N,\N,\N
8551,39448,25,\N,\N,\N,\N
8552,5672,18,\N,\N,\N,\N
8553,27537,19,\N,\N,\N,\N
8554,24119,20,\N,\N,\N,\N
8555,9301,22,\N,\N,\N,\N
8556,5832,23,\N,\N,\N,\N
8557,23254,24,\N,\N,\N,\N
8558,5350,25,\N,\N,\N,\N
8559,9185,18,\N,\N,\N,\N
8560,39630,19,\N,\N,\N,\N
8561,23180,20,\N,\N,\N,\N
8562,17592,22,\N,\N,\N,\N
8563,27964,23,\N,\N,\N,\N
8564,21109,24,\N,\N,\N,\N
8565,9044,25,\N,\N,\N,\N
8566,6799,18,\N,\N,\N,\N
8567,8715,19,\N,\N,\N,\N
8568,26432,20,\N,\N,\N,\N
8569,4525,22,\N,\N,\N,\N
8570,14225,23,\N,\N,\N,\N
8571,27678,24,\N,\N,\N,\N
8572,32585,25,\N,\N,\N,\N
8573,33060,18,\N,\N,\N,\N
8574,21750,19,\N,\N,\N,\N
8575,32824,20,\N,\N,\N,\N
8576,4353,22,\N,\N,\N,\N
8577,37953,23,\N,\N,\N,\N
8578,1480,24,\N,\N,\N,\N
8579,16025,25,\N,\N,\N,\N
8580,39097,18,\N,\N,\N,\N
8581,36610,19,\N,\N,\N,\N
8582,39919,20,\N,\N,\N,\N
8583,19733,22,\N,\N,\N,\N
8584,4647,23,\N,\N,\N,\N
8585,38456,24,\N,\N,\N,\N
8586,25037,25,\N,\N,\N,\N
8587,12084,18,\N,\N,\N,\N
8588,28607,19,\N,\N,\N,\N
8589,18284,20,\N,\N,\N,\N
8590,7861,22,\N,\N,\N,\N
8591,29649,23,\N,\N,\N,\N
8592,22315,24,\N,\N,\N,\N
8593,1289,25,\N,\N,\N,\N
8594,25665,18,\N,\N,\N,\N
8595,8160,19,\N,\N,\N,\N
8596,27672,20,\N,\N,\N,\N
8597,9455,22,\N,\N,\N,\N
8598,6441,23,\N,\N,\N,\N
8599,5380,24,\N,\N,\N,\N
8600,710,25,\N,\N,\N,\N
8601,24709,18,\N,\N,\N,\N
8602,38580,19,\N,\N,\N,\N
8603,25703,20,\N,\N,\N,\N
8604,35578,22,\N,\N,\N,\N
8605,4306,23,\N,\N,\N,\N
8606,34877,24,\N,\N,\N,\N
8607,12850,25,\N,\N,\N,\N
8608,10966,18,\N,\N,\N,\N
8609,14935,19,\N,\N,\N,\N
8610,35709,20,\N,\N,\N,\N
8611,28448,22,\N,\N,\N,\N
8612,35678,23,\N,\N,\N,\N
8613,4246,24,\N,\N,\N,\N
8614,237,25,\N,\N,\N,\N
8615,35728,18,\N,\N,\N,\N
8616,30806,19,\N,\N,\N,\N
8617,26157,20,\N,\N,\N,\N
8618,27807,22,\N,\N,\N,\N
8619,10537,23,\N,\N,\N,\N
8620,7732,24,\N,\N,\N,\N
8621,6604,25,\N,\N,\N,\N
8622,34744,18,\N,\N,\N,\N
8623,35092,19,\N,\N,\N,\N
8624,38378,20,\N,\N,\N,\N
8625,18470,22,\N,\N,\N,\N
8626,14670,23,\N,\N,\N,\N
8627,8274,24,\N,\N,\N,\N
8628,9439,25,\N,\N,\N,\N
8629,5704,18,\N,\N,\N,\N
8630,30035,19,\N,\N,\N,\N
8631,20052,20,\N,\N,\N,\N
8632,26461,22,\N,\N,\N,\N
8633,18942,23,\N,\N,\N,\N
8634,36349,24,\N,\N,\N,\N
8635,36154,25,\N,\N,\N,\N
8636,24047,18,\N,\N,\N,\N
8637,6588,19,\N,\N,\N,\N
8638,32172,20,\N,\N,\N,\N
8639,38873,22,\N,\N,\N,\N
8640,22385,23,\N,\N,\N,\N
8641,25743,24,\N,\N,\N,\N
8642,29629,25,\N,\N,\N,\N
8643,33817,18,\N,\N,\N,\N
8644,8300,19,\N,\N,\N,\N
8645,33127,20,\N,\N,\N,\N
8646,33266,22,\N,\N,\N,\N
8647,22112,23,\N,\N,\N,\N
8648,5113,24,\N,\N,\N,\N
8649,5930,25,\N,\N,\N,\N
8650,18758,18,\N,\N,\N,\N
8651,3309,19,\N,\N,\N,\N
8652,827,20,\N,\N,\N,\N
8653,27494,22,\N,\N,\N,\N
8654,21730,23,\N,\N,\N,\N
8655,21633,24,\N,\N,\N,\N
8656,4496,25,\N,\N,\N,\N
8657,5272,18,\N,\N,\N,\N
8658,4389,19,\N,\N,\N,\N
8659,2856,20,\N,\N,\N,\N
8660,13018,22,\N,\N,\N,\N
8661,26441,23,\N,\N,\N,\N
8662,18168,24,\N,\N,\N,\N
8663,36635,25,\N,\N,\N,\N
8664,30729,18,\N,\N,\N,\N
8665,21832,19,\N,\N,\N,\N
8666,18231,20,\N,\N,\N,\N
8667,25095,22,\N,\N,\N,\N
8668,25043,23,\N,\N,\N,\N
8669,35223,24,\N,\N,\N,\N
8670,30040,25,\N,\N,\N,\N
8671,3353,18,\N,\N,\N,\N
8672,36040,19,\N,\N,\N,\N
8673,32173,20,\N,\N,\N,\N
8674,10227,22,\N,\N,\N,\N
8675,36496,23,\N,\N,\N,\N
8676,17718,24,\N,\N,\N,\N
8677,34756,25,\N,\N,\N,\N
8678,33486,18,\N,\N,\N,\N
8679,34208,19,\N,\N,\N,\N
8680,15234,20,\N,\N,\N,\N
8681,37064,22,\N,\N,\N,\N
8682,32066,23,\N,\N,\N,\N
8683,21187,24,\N,\N,\N,\N
8684,16768,25,\N,\N,\N,\N
8685,19847,18,\N,\N,\N,\N
8686,6093,19,\N,\N,\N,\N
8687,9173,20,\N,\N,\N,\N
8688,21788,22,\N,\N,\N,\N
8689,22047,23,\N,\N,\N,\N
8690,8368,24,\N,\N,\N,\N
8691,26097,25,\N,\N,\N,\N
8692,4416,18,\N,\N,\N,\N
8693,10493,19,\N,\N,\N,\N
8694,8340,20,\N,\N,\N,\N
8695,20429,22,\N,\N,\N,\N
8696,20970,23,\N,\N,\N,\N
8697,26590,24,\N,\N,\N,\N
8698,13271,25,\N,\N,\N,\N
8699,36469,18,\N,\N,\N,\N
8700,25596,19,\N,\N,\N,\N
8701,39479,20,\N,\N,\N,\N
8702,6938,22,\N,\N,\N,\N
8703,28746,23,\N,\N,\N,\N
8704,16681,24,\N,\N,\N,\N
8705,587,25,\N,\N,\N,\N
8706,36203,18,\N,\N,\N,\N
8707,34310,19,\N,\N,\N,\N
8708,16364,20,\N,\N,\N,\N
8709,33215,22,\N,\N,\N,\N
8710,16160,23,\N,\N,\N,\N
8711,10080,24,\N,\N,\N,\N
8712,27062,25,\N,\N,\N,\N
8713,14934,18,\N,\N,\N,\N
8714,34321,19,\N,\N,\N,\N
8715,35024,20,\N,\N,\N,\N
8716,22143,22,\N,\N,\N,\N
8717,21830,23,\N,\N,\N,\N
8718,19840,24,\N,\N,\N,\N
8719,2048,25,\N,\N,\N,\N
8720,11566,18,\N,\N,\N,\N
8721,5767,19,\N,\N,\N,\N
8722,31773,20,\N,\N,\N,\N
8723,8855,22,\N,\N,\N,\N
8724,37896,23,\N,\N,\N,\N
8725,31719,24,\N,\N,\N,\N
8726,6422,25,\N,\N,\N,\N
8727,13570,18,\N,\N,\N,\N
8728,3393,19,\N,\N,\N,\N
8729,38927,20,\N,\N,\N,\N
8730,35325,22,\N,\N,\N,\N
8731,15331,23,\N,\N,\N,\N
8732,9680,24,\N,\N,\N,\N
8733,7499,25,\N,\N,\N,\N
8734,17877,18,\N,\N,\N,\N
8735,34296,19,\N,\N,\N,\N
8736,35479,20,\N,\N,\N,\N
8737,9713,22,\N,\N,\N,\N
8738,21565,23,\N,\N,\N,\N
8739,3708,24,\N,\N,\N,\N
8740,36598,25,\N,\N,\N,\N
8741,11292,18,\N,\N,\N,\N
8742,28308,19,\N,\N,\N,\N
8743,7269,20,\N,\N,\N,\N
8744,14917,22,\N,\N,\N,\N
8745,7806,23,\N,\N,\N,\N
8746,35873,24,\N,\N,\N,\N
8747,13439,25,\N,\N,\N,\N
8748,36886,18,\N,\N,\N,\N
8749,366,19,\N,\N,\N,\N
8750,29119,20,\N,\N,\N,\N
8751,4571,22,\N,\N,\N,\N
8752,4133,23,\N,\N,\N,\N
8753,32978,24,\N,\N,\N,\N
8754,36531,25,\N,\N,\N,\N
8755,20569,18,\N,\N,\N,\N
8756,21668,19,\N,\N,\N,\N
8757,26721,20,\N,\N,\N,\N
8758,29,22,\N,\N,\N,\N
8759,17482,23,\N,\N,\N,\N
8760,13960,24,\N,\N,\N,\N
8761,25946,25,\N,\N,\N,\N
8762,24997,18,\N,\N,\N,\N
8763,12409,19,\N,\N,\N,\N
8764,3768,20,\N,\N,\N,\N
8765,27116,22,\N,\N,\N,\N
8766,32966,23,\N,\N,\N,\N
8767,11356,24,\N,\N,\N,\N
8768,28867,25,\N,\N,\N,\N
8769,25055,18,\N,\N,\N,\N
8770,30196,19,\N,\N,\N,\N
8771,13916,20,\N,\N,\N,\N
8772,15172,22,\N,\N,\N,\N
8773,37801,23,\N,\N,\N,\N
8774,17617,24,\N,\N,\N,\N
8775,32943,25,\N,\N,\N,\N
8776,23270,18,\N,\N,\N,\N
8777,3984,19,\N,\N,\N,\N
8778,19087,20,\N,\N,\N,\N
8779,38304,22,\N,\N,\N,\N
8780,23771,23,\N,\N,\N,\N
8781,7669,24,\N,\N,\N,\N
8782,14789,25,\N,\N,\N,\N
8783,10769,18,\N,\N,\N,\N
8784,21922,19,\N,\N,\N,\N
8785,5627,20,\N,\N,\N,\N
8786,21537,22,\N,\N,\N,\N
8787,28659,23,\N,\N,\N,\N
8788,22718,24,\N,\N,\N,\N
8789,29331,25,\N,\N,\N,\N
8790,11599,18,\N,\N,\N,\N
8791,16217,19,\N,\N,\N,\N
8792,23344,20,\N,\N,\N,\N
8793,37746,22,\N,\N,\N,\N
8794,20028,23,\N,\N,\N,\N
8795,23091,24,\N,\N,\N,\N
8796,22794,25,\N,\N,\N,\N
8797,24800,18,\N,\N,\N,\N
8798,34398,19,\N,\N,\N,\N
8799,28619,20,\N,\N,\N,\N
8800,3066,22,\N,\N,\N,\N
8801,37643,23,\N,\N,\N,\N
8802,9764,24,\N,\N,\N,\N
8803,2921,25,\N,\N,\N,\N
8804,32648,18,\N,\N,\N,\N
8805,28677,19,\N,\N,\N,\N
8806,8343,20,\N,\N,\N,\N
8807,4565,22,\N,\N,\N,\N
8808,15972,23,\N,\N,\N,\N
8809,32567,24,\N,\N,\N,\N
8810,20981,25,\N,\N,\N,\N
8811,33598,18,\N,\N,\N,\N
8812,37184,19,\N,\N,\N,\N
8813,32844,20,\N,\N,\N,\N
8814,14772,22,\N,\N,\N,\N
8815,38137,23,\N,\N,\N,\N
8816,8019,24,\N,\N,\N,\N
8817,35204,25,\N,\N,\N,\N
8818,9994,18,\N,\N,\N,\N
8819,37917,19,\N,\N,\N,\N
8820,26672,20,\N,\N,\N,\N
8821,14665,22,\N,\N,\N,\N
8822,30532,23,\N,\N,\N,\N
8823,28580,24,\N,\N,\N,\N
8824,13857,25,\N,\N,\N,\N
8825,11272,18,\N,\N,\N,\N
8826,9624,19,\N,\N,\N,\N
8827,10297,20,\N,\N,\N,\N
8828,6483,22,\N,\N,\N,\N
8829,23781,23,\N,\N,\N,\N
8830,33409,24,\N,\N,\N,\N
8831,33436,25,\N,\N,\N,\N
8832,17523,18,\N,\N,\N,\N
8833,28944,19,\N,\N,\N,\N
8834,39610,20,\N,\N,\N,\N
8835,17793,22,\N,\N,\N,\N
8836,11130,23,\N,\N,\N,\N
8837,2135,24,\N,\N,\N,\N
8838,6203,25,\N,\N,\N,\N
8839,18852,18,\N,\N,\N,\N
8840,37447,19,\N,\N,\N,\N
8841,37493,20,\N,\N,\N,\N
8842,26928,22,\N,\N,\N,\N
8843,21262,23,\N,\N,\N,\N
8844,27424,24,\N,\N,\N,\N
8845,11043,25,\N,\N,\N,\N
8846,2607,18,\N,\N,\N,\N
8847,30850,19,\N,\N,\N,\N
8848,19794,20,\N,\N,\N,\N
8849,23239,22,\N,\N,\N,\N
8850,23012,23,\N,\N,\N,\N
8851,7900,24,\N,\N,\N,\N
8852,3674,25,\N,\N,\N,\N
8853,18251,18,\N,\N,\N,\N
8854,14391,19,\N,\N,\N,\N
8855,111,20,\N,\N,\N,\N
8856,23762,23,\N,\N,\N,\N
8857,5249,23,\N,\N,\N,\N
8858,11760,24,\N,\N,\N,\N
8859,32379,25,\N,\N,\N,\N
8860,30132,18,\N,\N,\N,\N
8861,20079,19,\N,\N,\N,\N
8862,35757,20,\N,\N,\N,\N
8863,31904,22,\N,\N,\N,\N
8864,9220,23,\N,\N,\N,\N
8865,18782,24,\N,\N,\N,\N
8866,15093,25,\N,\N,\N,\N
8867,4770,18,\N,\N,\N,\N
8868,18006,19,\N,\N,\N,\N
8869,10561,20,\N,\N,\N,\N
8870,17203,22,\N,\N,\N,\N
8871,11039,23,\N,\N,\N,\N
8872,3953,24,\N,\N,\N,\N
8873,4441,25,\N,\N,\N,\N
8874,13222,18,\N,\N,\N,\N
8875,32171,19,\N,\N,\N,\N
8876,37684,20,\N,\N,\N,\N
8877,3455,22,\N,\N,\N,\N
8878,4533,23,\N,\N,\N,\N
8879,13648,24,\N,\N,\N,\N
8880,29915,25,\N,\N,\N,\N
8881,19594,18,\N,\N,\N,\N
8882,14475,19,\N,\N,\N,\N
8883,27114,20,\N,\N,\N,\N
8884,15755,22,\N,\N,\N,\N
8885,20756,23,\N,\N,\N,\N
8886,12093,24,\N,\N,\N,\N
8887,6045,25,\N,\N,\N,\N
8888,28661,18,\N,\N,\N,\N
8889,2286,19,\N,\N,\N,\N
8890,21956,20,\N,\N,\N,\N
8891,12986,22,\N,\N,\N,\N
8892,4326,23,\N,\N,\N,\N
8893,14779,24,\N,\N,\N,\N
8894,21795,25,\N,\N,\N,\N
8895,15677,18,\N,\N,\N,\N
8896,8032,19,\N,\N,\N,\N
8897,27473,20,\N,\N,\N,\N
8898,36675,22,\N,\N,\N,\N
8899,16378,23,\N,\N,\N,\N
8900,37619,24,\N,\N,\N,\N
8901,15650,25,\N,\N,\N,\N
8902,28394,18,\N,\N,\N,\N
8903,37602,19,\N,\N,\N,\N
8904,9263,20,\N,\N,\N,\N
8905,17285,22,\N,\N,\N,\N
8906,3190,23,\N,\N,\N,\N
8907,35011,24,\N,\N,\N,\N
8908,25681,25,\N,\N,\N,\N
8909,24494,18,\N,\N,\N,\N
8910,8323,19,\N,\N,\N,\N
8911,2829,20,\N,\N,\N,\N
8912,23675,22,\N,\N,\N,\N
8913,2652,23,\N,\N,\N,\N
8914,37411,24,\N,\N,\N,\N
8915,13139,25,\N,\N,\N,\N
8916,8985,18,\N,\N,\N,\N
8917,18821,19,\N,\N,\N,\N
8918,17610,20,\N,\N,\N,\N
8919,4933,22,\N,\N,\N,\N
8920,7347,23,\N,\N,\N,\N
8921,17279,24,\N,\N,\N,\N
8922,29830,25,\N,\N,\N,\N
8923,29811,18,\N,\N,\N,\N
8924,5872,19,\N,\N,\N,\N
8925,18351,20,\N,\N,\N,\N
8926,11183,22,\N,\N,\N,\N
8927,4677,23,\N,\N,\N,\N
8928,21859,24,\N,\N,\N,\N
8929,32191,25,\N,\N,\N,\N
8930,38921,18,\N,\N,\N,\N
8931,37925,19,\N,\N,\N,\N
8932,18072,20,\N,\N,\N,\N
8933,5181,22,\N,\N,\N,\N
8934,25007,23,\N,\N,\N,\N
8935,30125,24,\N,\N,\N,\N
8936,37656,25,\N,\N,\N,\N
8937,32836,18,\N,\N,\N,\N
8938,14177,19,\N,\N,\N,\N
8939,34595,20,\N,\N,\N,\N
8940,1430,22,\N,\N,\N,\N
8941,24848,23,\N,\N,\N,\N
8942,11729,24,\N,\N,\N,\N
8943,5917,25,\N,\N,\N,\N
8944,17621,18,\N,\N,\N,\N
8945,21757,19,\N,\N,\N,\N
8946,13048,20,\N,\N,\N,\N
8947,8446,22,\N,\N,\N,\N
8948,12044,23,\N,\N,\N,\N
8949,8454,24,\N,\N,\N,\N
8950,24038,25,\N,\N,\N,\N
8951,14368,18,\N,\N,\N,\N
8952,27740,19,\N,\N,\N,\N
8953,20037,20,\N,\N,\N,\N
8954,18331,22,\N,\N,\N,\N
8955,8631,23,\N,\N,\N,\N
8956,38527,24,\N,\N,\N,\N
8957,15360,25,\N,\N,\N,\N
8958,20418,18,\N,\N,\N,\N
8959,24991,19,\N,\N,\N,\N
8960,36449,20,\N,\N,\N,\N
8961,364,22,\N,\N,\N,\N
8962,5321,23,\N,\N,\N,\N
8963,17060,24,\N,\N,\N,\N
8964,34070,25,\N,\N,\N,\N
8965,38934,18,\N,\N,\N,\N
8966,11163,19,\N,\N,\N,\N
8967,16828,20,\N,\N,\N,\N
8968,33075,22,\N,\N,\N,\N
8969,37157,23,\N,\N,\N,\N
8970,9113,24,\N,\N,\N,\N
8971,33767,25,\N,\N,\N,\N
8972,33044,18,\N,\N,\N,\N
8973,1014,19,\N,\N,\N,\N
8974,33217,20,\N,\N,\N,\N
8975,2383,22,\N,\N,\N,\N
8976,12284,23,\N,\N,\N,\N
8977,27864,24,\N,\N,\N,\N
8978,8098,25,\N,\N,\N,\N
8979,13769,18,\N,\N,\N,\N
8980,35658,19,\N,\N,\N,\N
8981,19677,20,\N,\N,\N,\N
8982,28373,22,\N,\N,\N,\N
8983,4450,23,\N,\N,\N,\N
8984,8723,24,\N,\N,\N,\N
8985,16092,25,\N,\N,\N,\N
8986,39673,18,\N,\N,\N,\N
8987,26715,19,\N,\N,\N,\N
8988,7032,20,\N,\N,\N,\N
8989,14274,22,\N,\N,\N,\N
8990,27824,23,\N,\N,\N,\N
8991,24733,24,\N,\N,\N,\N
8992,669,25,\N,\N,\N,\N
8993,1681,18,\N,\N,\N,\N
8994,30797,19,\N,\N,\N,\N
8995,302,20,\N,\N,\N,\N
8996,7011,22,\N,\N,\N,\N
8997,2763,23,\N,\N,\N,\N
8998,33679,24,\N,\N,\N,\N
8999,1828,25,\N,\N,\N,\N
9000,37629,18,\N,\N,\N,\N
9001,21024,19,\N,\N,\N,\N
9002,37793,20,\N,\N,\N,\N
9003,27160,22,\N,\N,\N,\N
9004,39027,23,\N,\N,\N,\N
9005,7387,24,\N,\N,\N,\N
9006,2097,25,\N,\N,\N,\N
9007,15737,18,\N,\N,\N,\N
9008,12291,19,\N,\N,\N,\N
9009,1202,20,\N,\N,\N,\N
9010,10450,22,\N,\N,\N,\N
9011,33180,23,\N,\N,\N,\N
9012,5109,24,\N,\N,\N,\N
9013,81,25,\N,\N,\N,\N
9014,2499,18,\N,\N,\N,\N
9015,15790,19,\N,\N,\N,\N
9016,31279,20,\N,\N,\N,\N
9017,35329,22,\N,\N,\N,\N
9018,16767,23,\N,\N,\N,\N
9019,34941,24,\N,\N,\N,\N
9020,37970,25,\N,\N,\N,\N
9021,20256,18,\N,\N,\N,\N
9022,11735,19,\N,\N,\N,\N
9023,15489,20,\N,\N,\N,\N
9024,34224,22,\N,\N,\N,\N
9025,19652,23,\N,\N,\N,\N
9026,5946,24,\N,\N,\N,\N
9027,6271,25,\N,\N,\N,\N
9028,29584,18,\N,\N,\N,\N
9029,10367,19,\N,\N,\N,\N
9030,14769,20,\N,\N,\N,\N
9031,14381,22,\N,\N,\N,\N
9032,14944,23,\N,\N,\N,\N
9033,8229,24,\N,\N,\N,\N
9034,4683,25,\N,\N,\N,\N
9035,21371,18,\N,\N,\N,\N
9036,4290,19,\N,\N,\N,\N
9037,24108,20,\N,\N,\N,\N
9038,18556,22,\N,\N,\N,\N
9039,26725,23,\N,\N,\N,\N
9040,6943,24,\N,\N,\N,\N
9041,39152,25,\N,\N,\N,\N
9042,23318,18,\N,\N,\N,\N
9043,38791,19,\N,\N,\N,\N
9044,31764,20,\N,\N,\N,\N
9045,23531,22,\N,\N,\N,\N
9046,38177,23,\N,\N,\N,\N
9047,2463,24,\N,\N,\N,\N
9048,16314,25,\N,\N,\N,\N
9049,38045,18,\N,\N,\N,\N
9050,10796,19,\N,\N,\N,\N
9051,25466,20,\N,\N,\N,\N
9052,3696,22,\N,\N,\N,\N
9053,25577,23,\N,\N,\N,\N
9054,20845,24,\N,\N,\N,\N
9055,14717,25,\N,\N,\N,\N
9056,28015,18,\N,\N,\N,\N
9057,2464,19,\N,\N,\N,\N
9058,10140,20,\N,\N,\N,\N
9059,38647,22,\N,\N,\N,\N
9060,28447,23,\N,\N,\N,\N
9061,15644,24,\N,\N,\N,\N
9062,28258,25,\N,\N,\N,\N
9063,28204,18,\N,\N,\N,\N
9064,22836,19,\N,\N,\N,\N
9065,12621,20,\N,\N,\N,\N
9066,37713,22,\N,\N,\N,\N
9067,38594,23,\N,\N,\N,\N
9068,16790,24,\N,\N,\N,\N
9069,9490,25,\N,\N,\N,\N
9070,1837,18,\N,\N,\N,\N
9071,27821,19,\N,\N,\N,\N
9072,38641,20,\N,\N,\N,\N
9073,39440,22,\N,\N,\N,\N
9074,27913,23,\N,\N,\N,\N
9075,28816,24,\N,\N,\N,\N
9076,32652,25,\N,\N,\N,\N
9077,36147,18,\N,\N,\N,\N
9078,27369,19,\N,\N,\N,\N
9079,38387,20,\N,\N,\N,\N
9080,3167,22,\N,\N,\N,\N
9081,27625,23,\N,\N,\N,\N
9082,38546,24,\N,\N,\N,\N
9083,17204,25,\N,\N,\N,\N
9084,36061,18,\N,\N,\N,\N
9085,32868,19,\N,\N,\N,\N
9086,32951,20,\N,\N,\N,\N
9087,2209,22,\N,\N,\N,\N
9088,1915,23,\N,\N,\N,\N
9089,31237,24,\N,\N,\N,\N
9090,6068,25,\N,\N,\N,\N
9091,24594,18,\N,\N,\N,\N
9092,1984,19,\N,\N,\N,\N
9093,37197,20,\N,\N,\N,\N
9094,23546,22,\N,\N,\N,\N
9095,28002,23,\N,\N,\N,\N
9096,35788,24,\N,\N,\N,\N
9097,37622,25,\N,\N,\N,\N
9098,11806,18,\N,\N,\N,\N
9099,30416,19,\N,\N,\N,\N
9100,30083,20,\N,\N,\N,\N
9101,21254,22,\N,\N,\N,\N
9102,5166,23,\N,\N,\N,\N
9103,3922,24,\N,\N,\N,\N
9104,4019,25,\N,\N,\N,\N
9105,33655,18,\N,\N,\N,\N
9106,14814,19,\N,\N,\N,\N
9107,33093,20,\N,\N,\N,\N
9108,39175,22,\N,\N,\N,\N
9109,5324,23,\N,\N,\N,\N
9110,2860,24,\N,\N,\N,\N
9111,13104,25,\N,\N,\N,\N
9112,13440,18,\N,\N,\N,\N
9113,3229,19,\N,\N,\N,\N
9114,39968,20,\N,\N,\N,\N
9115,12849,22,\N,\N,\N,\N
9116,30732,23,\N,\N,\N,\N
9117,19340,24,\N,\N,\N,\N
9118,17032,25,\N,\N,\N,\N
9119,27496,18,\N,\N,\N,\N
9120,27448,19,\N,\N,\N,\N
9121,985,20,\N,\N,\N,\N
9122,28662,22,\N,\N,\N,\N
9123,30164,23,\N,\N,\N,\N
9124,816,24,\N,\N,\N,\N
9125,31972,25,\N,\N,\N,\N
9126,2940,18,\N,\N,\N,\N
9127,13802,19,\N,\N,\N,\N
9128,14604,20,\N,\N,\N,\N
9129,21463,22,\N,\N,\N,\N
9130,25484,23,\N,\N,\N,\N
9131,29743,24,\N,\N,\N,\N
9132,37035,25,\N,\N,\N,\N
9133,2662,18,\N,\N,\N,\N
9134,30029,19,\N,\N,\N,\N
9135,22727,20,\N,\N,\N,\N
9136,4168,22,\N,\N,\N,\N
9137,1461,23,\N,\N,\N,\N
9138,11528,24,\N,\N,\N,\N
9139,26510,25,\N,\N,\N,\N
9140,12031,18,\N,\N,\N,\N
9141,28834,19,\N,\N,\N,\N
9142,9570,20,\N,\N,\N,\N
9143,22738,22,\N,\N,\N,\N
9144,38388,23,\N,\N,\N,\N
9145,37829,25,\N,\N,\N,\N
9146,369,25,\N,\N,\N,\N
9147,13895,18,\N,\N,\N,\N
9148,32552,19,\N,\N,\N,\N
9149,24824,20,\N,\N,\N,\N
9150,16121,22,\N,\N,\N,\N
9151,34900,23,\N,\N,\N,\N
9152,32451,24,\N,\N,\N,\N
9153,31414,25,\N,\N,\N,\N
9154,26694,18,\N,\N,\N,\N
9155,39751,19,\N,\N,\N,\N
9156,4033,20,\N,\N,\N,\N
9157,7939,22,\N,\N,\N,\N
9158,14527,23,\N,\N,\N,\N
9159,8766,24,\N,\N,\N,\N
9160,5986,25,\N,\N,\N,\N
9161,18170,18,\N,\N,\N,\N
9162,29483,19,\N,\N,\N,\N
9163,2271,20,\N,\N,\N,\N
9164,14082,22,\N,\N,\N,\N
9165,4939,23,\N,\N,\N,\N
9166,8549,24,\N,\N,\N,\N
9167,39833,25,\N,\N,\N,\N
9168,13339,18,\N,\N,\N,\N
9169,9927,19,\N,\N,\N,\N
9170,25836,20,\N,\N,\N,\N
9171,21172,22,\N,\N,\N,\N
9172,39654,23,\N,\N,\N,\N
9173,38907,24,\N,\N,\N,\N
9174,8295,25,\N,\N,\N,\N
9175,8918,18,\N,\N,\N,\N
9176,27572,19,\N,\N,\N,\N
9177,4516,20,\N,\N,\N,\N
9178,29140,22,\N,\N,\N,\N
9179,29238,23,\N,\N,\N,\N
9180,3273,24,\N,\N,\N,\N
9181,28550,25,\N,\N,\N,\N
9182,4583,18,\N,\N,\N,\N
9183,4830,19,\N,\N,\N,\N
9184,7369,20,\N,\N,\N,\N
9185,13039,22,\N,\N,\N,\N
9186,4075,23,\N,\N,\N,\N
9187,33983,24,\N,\N,\N,\N
9188,12668,25,\N,\N,\N,\N
9189,15089,18,\N,\N,\N,\N
9190,38464,19,\N,\N,\N,\N
9191,8139,20,\N,\N,\N,\N
9192,12337,22,\N,\N,\N,\N
9193,35550,23,\N,\N,\N,\N
9194,31025,24,\N,\N,\N,\N
9195,6471,25,\N,\N,\N,\N
9196,9309,18,\N,\N,\N,\N
9197,31412,19,\N,\N,\N,\N
9198,30346,20,\N,\N,\N,\N
9199,29795,22,\N,\N,\N,\N
9200,9099,23,\N,\N,\N,\N
9201,36453,24,\N,\N,\N,\N
9202,21276,25,\N,\N,\N,\N
9203,21492,18,\N,\N,\N,\N
9204,20017,19,\N,\N,\N,\N
9205,25241,20,\N,\N,\N,\N
9206,3204,22,\N,\N,\N,\N
9207,1027,23,\N,\N,\N,\N
9208,4305,24,\N,\N,\N,\N
9209,17973,25,\N,\N,\N,\N
9210,20276,18,\N,\N,\N,\N
9211,4146,19,\N,\N,\N,\N
9212,13557,20,\N,\N,\N,\N
9213,33680,22,\N,\N,\N,\N
9214,13892,23,\N,\N,\N,\N
9215,1472,24,\N,\N,\N,\N
9216,12175,25,\N,\N,\N,\N
9217,14748,18,\N,\N,\N,\N
9218,22364,19,\N,\N,\N,\N
9219,31896,20,\N,\N,\N,\N
9220,26400,22,\N,\N,\N,\N
9221,37433,23,\N,\N,\N,\N
9222,614,24,\N,\N,\N,\N
9223,9467,25,\N,\N,\N,\N
9224,22763,18,\N,\N,\N,\N
9225,5658,19,\N,\N,\N,\N
9226,30100,20,\N,\N,\N,\N
9227,18390,22,\N,\N,\N,\N
9228,13577,23,\N,\N,\N,\N
9229,36149,24,\N,\N,\N,\N
9230,38221,25,\N,\N,\N,\N
9231,36843,18,\N,\N,\N,\N
9232,25418,19,\N,\N,\N,\N
9233,38182,20,\N,\N,\N,\N
9234,30159,22,\N,\N,\N,\N
9235,27934,23,\N,\N,\N,\N
9236,18303,24,\N,\N,\N,\N
9237,17545,25,\N,\N,\N,\N
9238,37077,18,\N,\N,\N,\N
9239,8787,19,\N,\N,\N,\N
9240,32237,20,\N,\N,\N,\N
9241,13229,22,\N,\N,\N,\N
9242,29680,23,\N,\N,\N,\N
9243,19366,24,\N,\N,\N,\N
9244,21538,25,\N,\N,\N,\N
9245,24053,18,\N,\N,\N,\N
9246,39979,19,\N,\N,\N,\N
9247,21988,20,\N,\N,\N,\N
9248,10713,22,\N,\N,\N,\N
9249,9842,23,\N,\N,\N,\N
9250,38511,24,\N,\N,\N,\N
9251,14296,25,\N,\N,\N,\N
9252,14147,18,\N,\N,\N,\N
9253,35363,19,\N,\N,\N,\N
9254,36861,20,\N,\N,\N,\N
9255,19878,22,\N,\N,\N,\N
9256,39234,23,\N,\N,\N,\N
9257,33346,24,\N,\N,\N,\N
9258,26397,25,\N,\N,\N,\N
9259,28668,18,\N,\N,\N,\N
9260,31689,19,\N,\N,\N,\N
9261,14984,20,\N,\N,\N,\N
9262,7069,22,\N,\N,\N,\N
9263,26637,23,\N,\N,\N,\N
9264,3129,24,\N,\N,\N,\N
9265,11339,25,\N,\N,\N,\N
9266,3164,18,\N,\N,\N,\N
9267,29892,19,\N,\N,\N,\N
9268,16157,20,\N,\N,\N,\N
9269,619,22,\N,\N,\N,\N
9270,12645,23,\N,\N,\N,\N
9271,11412,24,\N,\N,\N,\N
9272,10957,25,\N,\N,\N,\N
9273,37464,18,\N,\N,\N,\N
9274,14355,19,\N,\N,\N,\N
9275,18107,20,\N,\N,\N,\N
9276,35990,22,\N,\N,\N,\N
9277,2523,23,\N,\N,\N,\N
9278,28332,24,\N,\N,\N,\N
9279,14536,25,\N,\N,\N,\N
9280,38275,18,\N,\N,\N,\N
9281,5465,19,\N,\N,\N,\N
9282,24687,20,\N,\N,\N,\N
9283,32962,22,\N,\N,\N,\N
9284,15378,23,\N,\N,\N,\N
9285,16431,24,\N,\N,\N,\N
9286,18070,25,\N,\N,\N,\N
9287,20296,18,\N,\N,\N,\N
9288,5654,19,\N,\N,\N,\N
9289,30664,20,\N,\N,\N,\N
9290,22985,22,\N,\N,\N,\N
9291,39902,23,\N,\N,\N,\N
9292,36165,24,\N,\N,\N,\N
9293,39945,25,\N,\N,\N,\N
9294,11128,18,\N,\N,\N,\N
9295,10542,19,\N,\N,\N,\N
9296,15637,20,\N,\N,\N,\N
9297,6437,22,\N,\N,\N,\N
9298,23536,23,\N,\N,\N,\N
9299,15845,24,\N,\N,\N,\N
9300,30169,25,\N,\N,\N,\N
9301,7835,18,\N,\N,\N,\N
9302,21318,19,\N,\N,\N,\N
9303,5077,20,\N,\N,\N,\N
9304,17510,22,\N,\N,\N,\N
9305,36537,23,\N,\N,\N,\N
9306,8080,24,\N,\N,\N,\N
9307,10758,25,\N,\N,\N,\N
9308,20888,18,\N,\N,\N,\N
9309,4314,19,\N,\N,\N,\N
9310,7398,20,\N,\N,\N,\N
9311,5826,22,\N,\N,\N,\N
9312,3040,23,\N,\N,\N,\N
9313,26512,24,\N,\N,\N,\N
9314,3028,25,\N,\N,\N,\N
9315,14699,18,\N,\N,\N,\N
9316,28062,19,\N,\N,\N,\N
9317,30441,20,\N,\N,\N,\N
9318,19515,22,\N,\N,\N,\N
9319,26734,23,\N,\N,\N,\N
9320,28309,24,\N,\N,\N,\N
9321,10582,25,\N,\N,\N,\N
9322,35541,18,\N,\N,\N,\N
9323,2653,19,\N,\N,\N,\N
9324,28552,20,\N,\N,\N,\N
9325,35118,22,\N,\N,\N,\N
9326,1882,23,\N,\N,\N,\N
9327,37099,24,\N,\N,\N,\N
9328,11028,25,\N,\N,\N,\N
9329,30400,18,\N,\N,\N,\N
9330,20308,19,\N,\N,\N,\N
9331,12752,20,\N,\N,\N,\N
9332,12274,22,\N,\N,\N,\N
9333,19599,23,\N,\N,\N,\N
9334,31417,24,\N,\N,\N,\N
9335,38521,25,\N,\N,\N,\N
9336,36777,18,\N,\N,\N,\N
9337,28750,19,\N,\N,\N,\N
9338,22166,20,\N,\N,\N,\N
9339,4139,22,\N,\N,\N,\N
9340,4108,23,\N,\N,\N,\N
9341,4097,24,\N,\N,\N,\N
9342,14239,25,\N,\N,\N,\N
9343,29477,18,\N,\N,\N,\N
9344,18214,19,\N,\N,\N,\N
9345,3654,20,\N,\N,\N,\N
9346,6922,22,\N,\N,\N,\N
9347,39835,23,\N,\N,\N,\N
9348,11066,24,\N,\N,\N,\N
9349,5671,25,\N,\N,\N,\N
9350,30908,18,\N,\N,\N,\N
9351,7678,19,\N,\N,\N,\N
9352,13567,20,\N,\N,\N,\N
9353,8212,22,\N,\N,\N,\N
9354,25828,23,\N,\N,\N,\N
9355,39254,24,\N,\N,\N,\N
9356,38745,25,\N,\N,\N,\N
9357,39177,18,\N,\N,\N,\N
9358,17847,19,\N,\N,\N,\N
9359,14591,20,\N,\N,\N,\N
9360,16950,22,\N,\N,\N,\N
9361,26730,23,\N,\N,\N,\N
9362,36759,24,\N,\N,\N,\N
9363,21623,25,\N,\N,\N,\N
9364,32594,18,\N,\N,\N,\N
9365,3427,19,\N,\N,\N,\N
9366,24298,20,\N,\N,\N,\N
9367,388,22,\N,\N,\N,\N
9368,29665,23,\N,\N,\N,\N
9369,36900,24,\N,\N,\N,\N
9370,13140,25,\N,\N,\N,\N
9371,35964,18,\N,\N,\N,\N
9372,10570,19,\N,\N,\N,\N
9373,18097,20,\N,\N,\N,\N
9374,24164,22,\N,\N,\N,\N
9375,261,23,\N,\N,\N,\N
9376,10822,24,\N,\N,\N,\N
9377,22901,25,\N,\N,\N,\N
9378,25593,18,\N,\N,\N,\N
9379,28758,19,\N,\N,\N,\N
9380,36065,20,\N,\N,\N,\N
9381,27397,22,\N,\N,\N,\N
9382,8154,23,\N,\N,\N,\N
9383,36104,24,\N,\N,\N,\N
9384,6909,25,\N,\N,\N,\N
9385,30612,18,\N,\N,\N,\N
9386,35685,19,\N,\N,\N,\N
9387,16642,20,\N,\N,\N,\N
9388,27284,22,\N,\N,\N,\N
9389,2270,23,\N,\N,\N,\N
9390,15418,24,\N,\N,\N,\N
9391,8474,25,\N,\N,\N,\N
9392,12899,18,\N,\N,\N,\N
9393,20912,19,\N,\N,\N,\N
9394,3421,20,\N,\N,\N,\N
9395,37884,22,\N,\N,\N,\N
9396,12988,23,\N,\N,\N,\N
9397,5018,24,\N,\N,\N,\N
9398,11093,25,\N,\N,\N,\N
9399,12273,18,\N,\N,\N,\N
9400,2788,19,\N,\N,\N,\N
9401,8867,20,\N,\N,\N,\N
9402,25854,22,\N,\N,\N,\N
9403,9794,23,\N,\N,\N,\N
9404,38960,24,\N,\N,\N,\N
9405,27882,25,\N,\N,\N,\N
9406,7530,18,\N,\N,\N,\N
9407,25105,19,\N,\N,\N,\N
9408,16702,20,\N,\N,\N,\N
9409,24042,22,\N,\N,\N,\N
9410,14894,23,\N,\N,\N,\N
9411,31917,24,\N,\N,\N,\N
9412,2104,25,\N,\N,\N,\N
9413,35891,18,\N,\N,\N,\N
9414,31803,19,\N,\N,\N,\N
9415,30280,20,\N,\N,\N,\N
9416,19671,22,\N,\N,\N,\N
9417,13223,23,\N,\N,\N,\N
9418,38144,24,\N,\N,\N,\N
9419,38394,25,\N,\N,\N,\N
9420,5983,18,\N,\N,\N,\N
9421,35938,19,\N,\N,\N,\N
9422,4356,20,\N,\N,\N,\N
9423,6149,22,\N,\N,\N,\N
9424,4412,23,\N,\N,\N,\N
9425,11851,24,\N,\N,\N,\N
9426,39742,25,\N,\N,\N,\N
9427,25099,18,\N,\N,\N,\N
9428,37410,19,\N,\N,\N,\N
9429,34467,20,\N,\N,\N,\N
9430,39996,22,\N,\N,\N,\N
9431,23770,23,\N,\N,\N,\N
9432,7625,24,\N,\N,\N,\N
9433,1782,25,\N,\N,\N,\N
9434,26596,18,\N,\N,\N,\N
9435,22053,19,\N,\N,\N,\N
9436,24207,20,\N,\N,\N,\N
9437,9408,22,\N,\N,\N,\N
9438,11124,23,\N,\N,\N,\N
9439,30473,24,\N,\N,\N,\N
9440,15855,25,\N,\N,\N,\N
9441,9973,18,\N,\N,\N,\N
9442,1462,19,\N,\N,\N,\N
9443,18944,20,\N,\N,\N,\N
9444,14660,22,\N,\N,\N,\N
9445,35500,23,\N,\N,\N,\N
9446,2516,24,\N,\N,\N,\N
9447,22226,25,\N,\N,\N,\N
9448,2492,18,\N,\N,\N,\N
9449,1341,19,\N,\N,\N,\N
9450,22132,20,\N,\N,\N,\N
9451,28099,22,\N,\N,\N,\N
9452,8551,23,\N,\N,\N,\N
9453,7899,24,\N,\N,\N,\N
9454,15868,25,\N,\N,\N,\N
9455,24771,18,\N,\N,\N,\N
9456,3146,19,\N,\N,\N,\N
9457,38317,20,\N,\N,\N,\N
9458,27281,22,\N,\N,\N,\N
9459,7863,23,\N,\N,\N,\N
9460,17842,24,\N,\N,\N,\N
9461,10788,25,\N,\N,\N,\N
9462,35072,18,\N,\N,\N,\N
9463,16009,19,\N,\N,\N,\N
9464,26507,20,\N,\N,\N,\N
9465,14634,22,\N,\N,\N,\N
9466,4709,23,\N,\N,\N,\N
9467,28300,24,\N,\N,\N,\N
9468,5936,25,\N,\N,\N,\N
9469,4798,18,\N,\N,\N,\N
9470,9899,19,\N,\N,\N,\N
9471,35639,20,\N,\N,\N,\N
9472,1784,22,\N,\N,\N,\N
9473,38994,23,\N,\N,\N,\N
9474,16928,24,\N,\N,\N,\N
9475,8835,25,\N,\N,\N,\N
9476,24479,18,\N,\N,\N,\N
9477,4616,19,\N,\N,\N,\N
9478,2792,20,\N,\N,\N,\N
9479,26724,22,\N,\N,\N,\N
9480,6397,23,\N,\N,\N,\N
9481,27732,24,\N,\N,\N,\N
9482,35819,25,\N,\N,\N,\N
9483,7963,18,\N,\N,\N,\N
9484,24688,19,\N,\N,\N,\N
9485,19328,20,\N,\N,\N,\N
9486,10729,22,\N,\N,\N,\N
9487,11752,23,\N,\N,\N,\N
9488,11269,24,\N,\N,\N,\N
9489,7297,25,\N,\N,\N,\N
9490,22037,18,\N,\N,\N,\N
9491,16857,19,\N,\N,\N,\N
9492,22086,20,\N,\N,\N,\N
9493,12383,22,\N,\N,\N,\N
9494,1599,23,\N,\N,\N,\N
9495,10238,24,\N,\N,\N,\N
9496,5225,25,\N,\N,\N,\N
9497,7304,18,\N,\N,\N,\N
9498,8382,19,\N,\N,\N,\N
9499,28915,20,\N,\N,\N,\N
9500,8845,22,\N,\N,\N,\N
9501,29325,23,\N,\N,\N,\N
9502,34767,24,\N,\N,\N,\N
9503,23144,25,\N,\N,\N,\N
9504,27334,18,\N,\N,\N,\N
9505,33398,19,\N,\N,\N,\N
9506,2789,20,\N,\N,\N,\N
9507,1142,22,\N,\N,\N,\N
9508,23555,23,\N,\N,\N,\N
9509,13068,24,\N,\N,\N,\N
9510,22591,25,\N,\N,\N,\N
9511,28634,18,\N,\N,\N,\N
9512,12266,19,\N,\N,\N,\N
9513,29878,20,\N,\N,\N,\N
9514,7964,22,\N,\N,\N,\N
9515,28103,23,\N,\N,\N,\N
9516,4072,24,\N,\N,\N,\N
9517,31631,25,\N,\N,\N,\N
9518,33791,18,\N,\N,\N,\N
9519,13949,19,\N,\N,\N,\N
9520,16986,20,\N,\N,\N,\N
9521,26946,22,\N,\N,\N,\N
9522,26234,23,\N,\N,\N,\N
9523,6555,24,\N,\N,\N,\N
9524,37150,25,\N,\N,\N,\N
9525,30638,18,\N,\N,\N,\N
9526,15195,19,\N,\N,\N,\N
9527,26270,20,\N,\N,\N,\N
9528,24034,22,\N,\N,\N,\N
9529,27399,23,\N,\N,\N,\N
9530,8870,24,\N,\N,\N,\N
9531,20819,25,\N,\N,\N,\N
9532,36297,18,\N,\N,\N,\N
9533,27633,19,\N,\N,\N,\N
9534,1814,20,\N,\N,\N,\N
9535,23260,22,\N,\N,\N,\N
9536,20044,24,\N,\N,\N,\N
9537,25797,24,\N,\N,\N,\N
9538,35534,25,\N,\N,\N,\N
9539,26722,18,\N,\N,\N,\N
9540,1305,19,\N,\N,\N,\N
9541,3498,20,\N,\N,\N,\N
9542,22604,22,\N,\N,\N,\N
9543,34241,23,\N,\N,\N,\N
9544,7765,24,\N,\N,\N,\N
9545,39649,25,\N,\N,\N,\N
9546,35113,18,\N,\N,\N,\N
9547,21517,19,\N,\N,\N,\N
9548,30737,20,\N,\N,\N,\N
9549,26253,22,\N,\N,\N,\N
9550,1976,23,\N,\N,\N,\N
9551,33467,24,\N,\N,\N,\N
9552,13879,25,\N,\N,\N,\N
9553,39932,18,\N,\N,\N,\N
9554,29906,19,\N,\N,\N,\N
9555,30436,20,\N,\N,\N,\N
9556,17948,22,\N,\N,\N,\N
9557,1085,23,\N,\N,\N,\N
9558,34846,24,\N,\N,\N,\N
9559,28277,25,\N,\N,\N,\N
9560,22076,18,\N,\N,\N,\N
9561,20379,19,\N,\N,\N,\N
9562,25936,20,\N,\N,\N,\N
9563,17180,22,\N,\N,\N,\N
9564,8162,23,\N,\N,\N,\N
9565,21458,24,\N,\N,\N,\N
9566,38110,25,\N,\N,\N,\N
9567,18141,18,\N,\N,\N,\N
9568,39609,19,\N,\N,\N,\N
9569,23278,20,\N,\N,\N,\N
9570,20091,22,\N,\N,\N,\N
9571,23194,23,\N,\N,\N,\N
9572,1661,24,\N,\N,\N,\N
9573,18490,25,\N,\N,\N,\N
9574,26785,18,\N,\N,\N,\N
9575,31425,19,\N,\N,\N,\N
9576,39485,20,\N,\N,\N,\N
9577,15367,22,\N,\N,\N,\N
9578,26186,23,\N,\N,\N,\N
9579,16742,24,\N,\N,\N,\N
9580,38522,25,\N,\N,\N,\N
9581,15853,18,\N,\N,\N,\N
9582,9354,19,\N,\N,\N,\N
9583,22816,20,\N,\N,\N,\N
9584,5301,22,\N,\N,\N,\N
9585,7665,23,\N,\N,\N,\N
9586,19436,24,\N,\N,\N,\N
9587,37211,25,\N,\N,\N,\N
9588,18996,18,\N,\N,\N,\N
9589,18711,19,\N,\N,\N,\N
9590,38286,20,\N,\N,\N,\N
9591,8453,22,\N,\N,\N,\N
9592,17595,23,\N,\N,\N,\N
9593,18771,24,\N,\N,\N,\N
9594,14756,25,\N,\N,\N,\N
9595,37723,18,\N,\N,\N,\N
9596,21621,19,\N,\N,\N,\N
9597,30912,20,\N,\N,\N,\N
9598,29675,22,\N,\N,\N,\N
9599,22950,23,\N,\N,\N,\N
9600,9851,24,\N,\N,\N,\N
9601,6391,25,\N,\N,\N,\N
9602,16387,18,\N,\N,\N,\N
9603,9259,19,\N,\N,\N,\N
9604,33852,20,\N,\N,\N,\N
9605,7354,22,\N,\N,\N,\N
9606,21644,23,\N,\N,\N,\N
9607,8490,24,\N,\N,\N,\N
9608,36668,25,\N,\N,\N,\N
9609,7795,18,\N,\N,\N,\N
9610,32513,19,\N,\N,\N,\N
9611,24665,20,\N,\N,\N,\N
9612,19270,22,\N,\N,\N,\N
9613,15460,23,\N,\N,\N,\N
9614,4444,24,\N,\N,\N,\N
9615,31802,25,\N,\N,\N,\N
9616,18651,18,\N,\N,\N,\N
9617,24514,19,\N,\N,\N,\N
9618,17730,20,\N,\N,\N,\N
9619,1729,22,\N,\N,\N,\N
9620,24945,23,\N,\N,\N,\N
9621,19933,24,\N,\N,\N,\N
9622,29246,25,\N,\N,\N,\N
9623,34072,18,\N,\N,\N,\N
9624,5059,19,\N,\N,\N,\N
9625,37914,20,\N,\N,\N,\N
9626,17815,22,\N,\N,\N,\N
9627,35791,23,\N,\N,\N,\N
9628,33581,24,\N,\N,\N,\N
9629,29544,25,\N,\N,\N,\N
9630,31512,18,\N,\N,\N,\N
9631,19214,19,\N,\N,\N,\N
9632,30723,20,\N,\N,\N,\N
9633,4610,22,\N,\N,\N,\N
9634,5286,23,\N,\N,\N,\N
9635,2407,24,\N,\N,\N,\N
9636,9231,25,\N,\N,\N,\N
9637,2924,18,\N,\N,\N,\N
9638,29513,19,\N,\N,\N,\N
9639,38138,20,\N,\N,\N,\N
9640,29387,22,\N,\N,\N,\N
9641,33300,23,\N,\N,\N,\N
9642,14949,24,\N,\N,\N,\N
9643,34106,25,\N,\N,\N,\N
9644,5491,18,\N,\N,\N,\N
9645,14067,19,\N,\N,\N,\N
9646,28721,20,\N,\N,\N,\N
9647,23171,22,\N,\N,\N,\N
9648,22805,23,\N,\N,\N,\N
9649,1023,24,\N,\N,\N,\N
9650,16777,25,\N,\N,\N,\N
9651,26683,18,\N,\N,\N,\N
9652,29016,19,\N,\N,\N,\N
9653,15516,20,\N,\N,\N,\N
9654,32846,22,\N,\N,\N,\N
9655,764,23,\N,\N,\N,\N
9656,7755,24,\N,\N,\N,\N
9657,1369,25,\N,\N,\N,\N
9658,35085,18,\N,\N,\N,\N
9659,27869,19,\N,\N,\N,\N
9660,446,20,\N,\N,\N,\N
9661,16000,22,\N,\N,\N,\N
9662,7717,23,\N,\N,\N,\N
9663,33754,24,\N,\N,\N,\N
9664,32989,25,\N,\N,\N,\N
9665,16629,18,\N,\N,\N,\N
9666,4289,19,\N,\N,\N,\N
9667,33919,20,\N,\N,\N,\N
9668,7078,22,\N,\N,\N,\N
9669,3482,23,\N,\N,\N,\N
9670,5663,24,\N,\N,\N,\N
9671,22303,25,\N,\N,\N,\N
9672,12654,18,\N,\N,\N,\N
9673,6809,19,\N,\N,\N,\N
9674,1733,20,\N,\N,\N,\N
9675,6628,22,\N,\N,\N,\N
9676,36761,23,\N,\N,\N,\N
9677,38738,24,\N,\N,\N,\N
9678,5429,25,\N,\N,\N,\N
9679,31755,18,\N,\N,\N,\N
9680,10416,19,\N,\N,\N,\N
9681,32697,20,\N,\N,\N,\N
9682,31502,22,\N,\N,\N,\N
9683,14186,23,\N,\N,\N,\N
9684,3926,24,\N,\N,\N,\N
9685,20311,25,\N,\N,\N,\N
9686,3342,18,\N,\N,\N,\N
9687,8399,19,\N,\N,\N,\N
9688,16587,20,\N,\N,\N,\N
9689,38806,22,\N,\N,\N,\N
9690,28896,23,\N,\N,\N,\N
9691,14323,24,\N,\N,\N,\N
9692,16522,25,\N,\N,\N,\N
9693,33609,18,\N,\N,\N,\N
9694,17593,19,\N,\N,\N,\N
9695,18154,20,\N,\N,\N,\N
9696,34706,22,\N,\N,\N,\N
9697,24149,23,\N,\N,\N,\N
9698,11144,24,\N,\N,\N,\N
9699,6231,25,\N,\N,\N,\N
9700,13035,18,\N,\N,\N,\N
9701,299,312,\N,\N,\N,\N
9702,13403,213,\N,\N,\N,\N
9703,29883,204,\N,\N,\N,\N
9704,5245,210,\N,\N,\N,\N
9705,1638,212,\N,\N,\N,\N
9706,17937,203,\N,\N,\N,\N
9707,28378,219,\N,\N,\N,\N
9708,11146,205,\N,\N,\N,\N
9709,34060,242,\N,\N,\N,\N
9710,12766,228,\N,\N,\N,\N
9711,27209,224,\N,\N,\N,\N
9712,8811,215,\N,\N,\N,\N
9713,23213,222,\N,\N,\N,\N
9714,20030,208,\N,\N,\N,\N
9715,34719,229,\N,\N,\N,\N
9716,24384,220,\N,\N,\N,\N
9717,10468,227,\N,\N,\N,\N
9718,82,218,\N,\N,\N,\N
9719,22145,234,\N,\N,\N,\N
9720,27138,235,\N,\N,\N,\N
9721,23364,237,\N,\N,\N,\N
9722,5343,233,\N,\N,\N,\N
9723,27899,209,\N,\N,\N,\N
9724,14979,225,\N,\N,\N,\N
9725,17441,252,\N,\N,\N,\N
9726,2779,243,\N,\N,\N,\N
9727,21048,214,\N,\N,\N,\N
9728,604,230,\N,\N,\N,\N
9729,33578,202,\N,\N,\N,\N
9730,8748,223,\N,\N,\N,\N
9731,26910,264,\N,\N,\N,\N
9732,268,260,\N,\N,\N,\N
9733,33232,312,\N,\N,\N,\N
9734,1043,213,\N,\N,\N,\N
9735,29589,204,\N,\N,\N,\N
9736,19685,210,\N,\N,\N,\N
9737,32002,212,\N,\N,\N,\N
9738,10484,203,\N,\N,\N,\N
9739,23010,219,\N,\N,\N,\N
9740,10920,205,\N,\N,\N,\N
9741,36778,242,\N,\N,\N,\N
9742,12809,228,\N,\N,\N,\N
9743,23406,224,\N,\N,\N,\N
9744,23710,215,\N,\N,\N,\N
9745,31943,222,\N,\N,\N,\N
9746,1322,208,\N,\N,\N,\N
9747,4872,229,\N,\N,\N,\N
9748,25029,220,\N,\N,\N,\N
9749,36733,227,\N,\N,\N,\N
9750,16128,218,\N,\N,\N,\N
9751,5852,234,\N,\N,\N,\N
9752,11941,235,\N,\N,\N,\N
9753,24838,237,\N,\N,\N,\N
9754,29130,233,\N,\N,\N,\N
9755,24456,209,\N,\N,\N,\N
9756,7805,225,\N,\N,\N,\N
9757,2042,252,\N,\N,\N,\N
9758,36997,243,\N,\N,\N,\N
9759,3603,214,\N,\N,\N,\N
9760,32582,230,\N,\N,\N,\N
9761,36712,202,\N,\N,\N,\N
9762,22860,223,\N,\N,\N,\N
9763,9930,264,\N,\N,\N,\N
9764,36454,260,\N,\N,\N,\N
9765,194,312,\N,\N,\N,\N
9766,28273,213,\N,\N,\N,\N
9767,27997,204,\N,\N,\N,\N
9768,27293,210,\N,\N,\N,\N
9769,31788,212,\N,\N,\N,\N
9770,21600,203,\N,\N,\N,\N
9771,32255,219,\N,\N,\N,\N
9772,17747,205,\N,\N,\N,\N
9773,3166,242,\N,\N,\N,\N
9774,581,228,\N,\N,\N,\N
9775,19668,224,\N,\N,\N,\N
9776,2254,215,\N,\N,\N,\N
9777,26589,222,\N,\N,\N,\N
9778,35776,208,\N,\N,\N,\N
9779,7960,229,\N,\N,\N,\N
9780,12834,220,\N,\N,\N,\N
9781,17841,227,\N,\N,\N,\N
9782,5112,218,\N,\N,\N,\N
9783,32347,234,\N,\N,\N,\N
9784,19365,235,\N,\N,\N,\N
9785,13211,237,\N,\N,\N,\N
9786,9664,233,\N,\N,\N,\N
9787,8471,209,\N,\N,\N,\N
9788,15738,225,\N,\N,\N,\N
9789,4972,252,\N,\N,\N,\N
9790,18412,243,\N,\N,\N,\N
9791,37549,214,\N,\N,\N,\N
9792,24446,230,\N,\N,\N,\N
9793,18901,202,\N,\N,\N,\N
9794,17491,223,\N,\N,\N,\N
9795,33022,264,\N,\N,\N,\N
9796,24569,260,\N,\N,\N,\N
9797,21342,312,\N,\N,\N,\N
9798,4882,213,\N,\N,\N,\N
9799,24538,204,\N,\N,\N,\N
9800,4620,210,\N,\N,\N,\N
9801,25680,212,\N,\N,\N,\N
9802,11158,203,\N,\N,\N,\N
9803,19917,219,\N,\N,\N,\N
9804,33723,205,\N,\N,\N,\N
9805,6208,242,\N,\N,\N,\N
9806,23096,228,\N,\N,\N,\N
9807,35978,224,\N,\N,\N,\N
9808,3493,215,\N,\N,\N,\N
9809,39245,222,\N,\N,\N,\N
9810,13821,208,\N,\N,\N,\N
9811,23221,229,\N,\N,\N,\N
9812,28697,220,\N,\N,\N,\N
9813,20738,227,\N,\N,\N,\N
9814,211,218,\N,\N,\N,\N
9815,32225,234,\N,\N,\N,\N
9816,16796,235,\N,\N,\N,\N
9817,5034,237,\N,\N,\N,\N
9818,17348,233,\N,\N,\N,\N
9819,19257,209,\N,\N,\N,\N
9820,28039,225,\N,\N,\N,\N
9821,31647,252,\N,\N,\N,\N
9822,24400,243,\N,\N,\N,\N
9823,32813,214,\N,\N,\N,\N
9824,14431,230,\N,\N,\N,\N
9825,17462,202,\N,\N,\N,\N
9826,18813,223,\N,\N,\N,\N
9827,9097,264,\N,\N,\N,\N
9828,19186,260,\N,\N,\N,\N
9829,31336,312,\N,\N,\N,\N
9830,15963,213,\N,\N,\N,\N
9831,14360,204,\N,\N,\N,\N
9832,14685,210,\N,\N,\N,\N
9833,36520,212,\N,\N,\N,\N
9834,26984,203,\N,\N,\N,\N
9835,5928,219,\N,\N,\N,\N
9836,15133,205,\N,\N,\N,\N
9837,32155,242,\N,\N,\N,\N
9838,21325,228,\N,\N,\N,\N
9839,31081,224,\N,\N,\N,\N
9840,37750,215,\N,\N,\N,\N
9841,2371,222,\N,\N,\N,\N
9842,3918,208,\N,\N,\N,\N
9843,28247,229,\N,\N,\N,\N
9844,270,220,\N,\N,\N,\N
9845,21401,227,\N,\N,\N,\N
9846,31061,218,\N,\N,\N,\N
9847,23118,234,\N,\N,\N,\N
9848,32718,235,\N,\N,\N,\N
9849,33089,237,\N,\N,\N,\N
9850,16870,233,\N,\N,\N,\N
9851,35501,209,\N,\N,\N,\N
9852,34275,225,\N,\N,\N,\N
9853,38224,252,\N,\N,\N,\N
9854,25888,243,\N,\N,\N,\N
9855,8764,214,\N,\N,\N,\N
9856,13288,230,\N,\N,\N,\N
9857,11593,202,\N,\N,\N,\N
9858,20480,223,\N,\N,\N,\N
9859,34776,264,\N,\N,\N,\N
9860,2154,260,\N,\N,\N,\N
9861,32274,312,\N,\N,\N,\N
9862,23715,213,\N,\N,\N,\N
9863,8663,204,\N,\N,\N,\N
9864,27278,210,\N,\N,\N,\N
9865,6534,212,\N,\N,\N,\N
9866,36018,203,\N,\N,\N,\N
9867,20726,219,\N,\N,\N,\N
9868,25552,205,\N,\N,\N,\N
9869,1507,242,\N,\N,\N,\N
9870,33462,228,\N,\N,\N,\N
9871,18146,224,\N,\N,\N,\N
9872,25262,215,\N,\N,\N,\N
9873,37851,222,\N,\N,\N,\N
9874,19247,208,\N,\N,\N,\N
9875,18060,229,\N,\N,\N,\N
9876,20601,220,\N,\N,\N,\N
9877,19757,227,\N,\N,\N,\N
9878,39416,218,\N,\N,\N,\N
9879,30709,234,\N,\N,\N,\N
9880,4690,235,\N,\N,\N,\N
9881,38505,237,\N,\N,\N,\N
9882,11869,233,\N,\N,\N,\N
9883,34257,209,\N,\N,\N,\N
9884,28213,225,\N,\N,\N,\N
9885,24297,252,\N,\N,\N,\N
9886,31238,243,\N,\N,\N,\N
9887,9785,214,\N,\N,\N,\N
9888,33457,230,\N,\N,\N,\N
9889,22518,202,\N,\N,\N,\N
9890,29640,223,\N,\N,\N,\N
9891,639,264,\N,\N,\N,\N
9892,704,260,\N,\N,\N,\N
9893,19866,312,\N,\N,\N,\N
9894,37567,213,\N,\N,\N,\N
9895,4781,204,\N,\N,\N,\N
9896,9622,210,\N,\N,\N,\N
9897,30386,212,\N,\N,\N,\N
9898,5723,203,\N,\N,\N,\N
9899,34459,219,\N,\N,\N,\N
9900,8075,205,\N,\N,\N,\N
9901,229,242,\N,\N,\N,\N
9902,30834,228,\N,\N,\N,\N
9903,18402,224,\N,\N,\N,\N
9904,30181,215,\N,\N,\N,\N
9905,4924,222,\N,\N,\N,\N
9906,27763,208,\N,\N,\N,\N
9907,7024,229,\N,\N,\N,\N
9908,16473,220,\N,\N,\N,\N
9909,26735,227,\N,\N,\N,\N
9910,740,218,\N,\N,\N,\N
9911,19384,234,\N,\N,\N,\N
9912,7008,235,\N,\N,\N,\N
9913,14073,237,\N,\N,\N,\N
9914,9782,233,\N,\N,\N,\N
9915,30074,209,\N,\N,\N,\N
9916,28660,225,\N,\N,\N,\N
9917,38983,252,\N,\N,\N,\N
9918,31669,243,\N,\N,\N,\N
9919,7915,214,\N,\N,\N,\N
9920,24785,230,\N,\N,\N,\N
9921,31534,202,\N,\N,\N,\N
9922,6229,223,\N,\N,\N,\N
9923,8911,264,\N,\N,\N,\N
9924,12587,260,\N,\N,\N,\N
9925,11829,312,\N,\N,\N,\N
9926,14936,213,\N,\N,\N,\N
9927,16445,204,\N,\N,\N,\N
9928,8586,210,\N,\N,\N,\N
9929,11388,212,\N,\N,\N,\N
9930,29891,203,\N,\N,\N,\N
9931,33433,219,\N,\N,\N,\N
9932,1948,205,\N,\N,\N,\N
9933,24639,242,\N,\N,\N,\N
9934,23308,228,\N,\N,\N,\N
9935,935,224,\N,\N,\N,\N
9936,14419,215,\N,\N,\N,\N
9937,29427,222,\N,\N,\N,\N
9938,33910,208,\N,\N,\N,\N
9939,37344,229,\N,\N,\N,\N
9940,23408,220,\N,\N,\N,\N
9941,7846,227,\N,\N,\N,\N
9942,5907,218,\N,\N,\N,\N
9943,4493,234,\N,\N,\N,\N
9944,17559,235,\N,\N,\N,\N
9945,4687,237,\N,\N,\N,\N
9946,10283,233,\N,\N,\N,\N
9947,8767,209,\N,\N,\N,\N
9948,29985,225,\N,\N,\N,\N
9949,14644,252,\N,\N,\N,\N
9950,37226,243,\N,\N,\N,\N
9951,6762,214,\N,\N,\N,\N
9952,37391,230,\N,\N,\N,\N
9953,39221,202,\N,\N,\N,\N
9954,36915,223,\N,\N,\N,\N
9955,25465,264,\N,\N,\N,\N
9956,19234,260,\N,\N,\N,\N
9957,26204,312,\N,\N,\N,\N
9958,36771,213,\N,\N,\N,\N
9959,22281,204,\N,\N,\N,\N
9960,14077,210,\N,\N,\N,\N
9961,20191,212,\N,\N,\N,\N
9962,34170,203,\N,\N,\N,\N
9963,9483,219,\N,\N,\N,\N
9964,10212,205,\N,\N,\N,\N
9965,18044,242,\N,\N,\N,\N
9966,32496,228,\N,\N,\N,\N
9967,17155,224,\N,\N,\N,\N
9968,39505,215,\N,\N,\N,\N
9969,8984,222,\N,\N,\N,\N
9970,5274,208,\N,\N,\N,\N
9971,6378,229,\N,\N,\N,\N
9972,6681,220,\N,\N,\N,\N
9973,16039,227,\N,\N,\N,\N
9974,18270,218,\N,\N,\N,\N
9975,27833,234,\N,\N,\N,\N
9976,22400,235,\N,\N,\N,\N
9977,13646,237,\N,\N,\N,\N
9978,16335,233,\N,\N,\N,\N
9979,14874,209,\N,\N,\N,\N
9980,24133,225,\N,\N,\N,\N
9981,25599,252,\N,\N,\N,\N
9982,18960,243,\N,\N,\N,\N
9983,39140,214,\N,\N,\N,\N
9984,29046,230,\N,\N,\N,\N
9985,26158,202,\N,\N,\N,\N
9986,6287,223,\N,\N,\N,\N
9987,28165,264,\N,\N,\N,\N
9988,27573,260,\N,\N,\N,\N
9989,36259,312,\N,\N,\N,\N
9990,182,213,\N,\N,\N,\N
9991,24923,204,\N,\N,\N,\N
9992,6760,210,\N,\N,\N,\N
9993,16390,212,\N,\N,\N,\N
9994,24318,203,\N,\N,\N,\N
9995,32541,219,\N,\N,\N,\N
9996,27733,205,\N,\N,\N,\N
9997,14,242,\N,\N,\N,\N
9998,29750,228,\N,\N,\N,\N
9999,12504,224,\N,\N,\N,\N
10000,11914,215,\N,\N,\N,\N
10001,10066,222,\N,\N,\N,\N
10002,35283,208,\N,\N,\N,\N
10003,23258,229,\N,\N,\N,\N
10004,9801,220,\N,\N,\N,\N
10005,18836,227,\N,\N,\N,\N
10006,32551,218,\N,\N,\N,\N
10007,31942,234,\N,\N,\N,\N
10008,24376,235,\N,\N,\N,\N
10009,34191,237,\N,\N,\N,\N
10010,36514,233,\N,\N,\N,\N
10011,6058,209,\N,\N,\N,\N
10012,30129,225,\N,\N,\N,\N
10013,5284,252,\N,\N,\N,\N
10014,30054,243,\N,\N,\N,\N
10015,2192,214,\N,\N,\N,\N
10016,34980,230,\N,\N,\N,\N
10017,7063,202,\N,\N,\N,\N
10018,12263,223,\N,\N,\N,\N
10019,34449,264,\N,\N,\N,\N
10020,4987,260,\N,\N,\N,\N
10021,21937,312,\N,\N,\N,\N
10022,35109,213,\N,\N,\N,\N
10023,11485,204,\N,\N,\N,\N
10024,31183,210,\N,\N,\N,\N
10025,34526,212,\N,\N,\N,\N
10026,7261,203,\N,\N,\N,\N
10027,2777,219,\N,\N,\N,\N
10028,472,205,\N,\N,\N,\N
10029,6790,242,\N,\N,\N,\N
10030,19661,228,\N,\N,\N,\N
10031,26146,224,\N,\N,\N,\N
10032,27443,215,\N,\N,\N,\N
10033,34993,222,\N,\N,\N,\N
10034,36854,208,\N,\N,\N,\N
10035,5924,229,\N,\N,\N,\N
10036,4643,220,\N,\N,\N,\N
10037,5331,227,\N,\N,\N,\N
10038,16834,218,\N,\N,\N,\N
10039,10748,234,\N,\N,\N,\N
10040,36078,235,\N,\N,\N,\N
10041,10091,237,\N,\N,\N,\N
10042,9806,233,\N,\N,\N,\N
10043,26134,209,\N,\N,\N,\N
10044,30341,225,\N,\N,\N,\N
10045,21149,252,\N,\N,\N,\N
10046,1901,243,\N,\N,\N,\N
10047,30610,214,\N,\N,\N,\N
10048,35192,230,\N,\N,\N,\N
10049,6080,202,\N,\N,\N,\N
10050,3062,223,\N,\N,\N,\N
10051,27149,264,\N,\N,\N,\N
10052,29969,260,\N,\N,\N,\N
10053,36135,312,\N,\N,\N,\N
10054,30837,213,\N,\N,\N,\N
10055,18696,204,\N,\N,\N,\N
10056,9698,210,\N,\N,\N,\N
10057,19572,212,\N,\N,\N,\N
10058,32253,203,\N,\N,\N,\N
10059,33877,219,\N,\N,\N,\N
10060,24275,205,\N,\N,\N,\N
10061,33606,242,\N,\N,\N,\N
10062,7687,228,\N,\N,\N,\N
10063,16942,224,\N,\N,\N,\N
10064,10090,215,\N,\N,\N,\N
10065,30980,222,\N,\N,\N,\N
10066,760,208,\N,\N,\N,\N
10067,37252,229,\N,\N,\N,\N
10068,34408,220,\N,\N,\N,\N
10069,34050,227,\N,\N,\N,\N
10070,13321,218,\N,\N,\N,\N
10071,13456,234,\N,\N,\N,\N
10072,33112,235,\N,\N,\N,\N
10073,12470,237,\N,\N,\N,\N
10074,21637,233,\N,\N,\N,\N
10075,10153,209,\N,\N,\N,\N
10076,30356,225,\N,\N,\N,\N
10077,3046,252,\N,\N,\N,\N
10078,18576,243,\N,\N,\N,\N
10079,568,214,\N,\N,\N,\N
10080,18833,230,\N,\N,\N,\N
10081,11877,202,\N,\N,\N,\N
10082,20719,223,\N,\N,\N,\N
10083,9395,264,\N,\N,\N,\N
10084,37655,260,\N,\N,\N,\N
10085,37726,312,\N,\N,\N,\N
10086,6598,213,\N,\N,\N,\N
10087,15248,204,\N,\N,\N,\N
10088,31975,210,\N,\N,\N,\N
10089,27648,212,\N,\N,\N,\N
10090,35372,203,\N,\N,\N,\N
10091,16238,219,\N,\N,\N,\N
10092,12315,205,\N,\N,\N,\N
10093,7690,242,\N,\N,\N,\N
10094,10219,228,\N,\N,\N,\N
10095,27998,224,\N,\N,\N,\N
10096,23127,215,\N,\N,\N,\N
10097,1935,222,\N,\N,\N,\N
10098,9172,208,\N,\N,\N,\N
10099,16162,229,\N,\N,\N,\N
10100,6576,220,\N,\N,\N,\N
10101,30641,227,\N,\N,\N,\N
10102,12599,218,\N,\N,\N,\N
10103,35627,234,\N,\N,\N,\N
10104,15819,235,\N,\N,\N,\N
10105,38650,237,\N,\N,\N,\N
10106,25022,233,\N,\N,\N,\N
10107,23371,209,\N,\N,\N,\N
10108,23564,225,\N,\N,\N,\N
10109,11916,252,\N,\N,\N,\N
10110,34368,243,\N,\N,\N,\N
10111,23327,214,\N,\N,\N,\N
10112,4512,230,\N,\N,\N,\N
10113,36983,202,\N,\N,\N,\N
10114,16165,223,\N,\N,\N,\N
10115,21753,264,\N,\N,\N,\N
10116,7120,260,\N,\N,\N,\N
10117,6186,312,\N,\N,\N,\N
10118,903,213,\N,\N,\N,\N
10119,11377,204,\N,\N,\N,\N
10120,25709,210,\N,\N,\N,\N
10121,25588,212,\N,\N,\N,\N
10122,9737,203,\N,\N,\N,\N
10123,24967,219,\N,\N,\N,\N
10124,31592,205,\N,\N,\N,\N
10125,22800,242,\N,\N,\N,\N
10126,6,228,\N,\N,\N,\N
10127,34701,224,\N,\N,\N,\N
10128,35698,215,\N,\N,\N,\N
10129,3968,222,\N,\N,\N,\N
10130,39878,208,\N,\N,\N,\N
10131,32390,229,\N,\N,\N,\N
10132,27879,220,\N,\N,\N,\N
10133,37138,227,\N,\N,\N,\N
10134,13417,218,\N,\N,\N,\N
10135,38589,234,\N,\N,\N,\N
10136,2365,235,\N,\N,\N,\N
10137,29957,237,\N,\N,\N,\N
10138,13036,233,\N,\N,\N,\N
10139,16948,209,\N,\N,\N,\N
10140,10717,225,\N,\N,\N,\N
10141,30168,252,\N,\N,\N,\N
10142,21176,243,\N,\N,\N,\N
10143,34784,214,\N,\N,\N,\N
10144,7199,230,\N,\N,\N,\N
10145,9013,202,\N,\N,\N,\N
10146,6877,223,\N,\N,\N,\N
10147,10336,264,\N,\N,\N,\N
10148,30688,260,\N,\N,\N,\N
10149,30433,312,\N,\N,\N,\N
10150,212,213,\N,\N,\N,\N
10151,33970,204,\N,\N,\N,\N
10152,38436,210,\N,\N,\N,\N
10153,23868,212,\N,\N,\N,\N
10154,28608,203,\N,\N,\N,\N
10155,2390,219,\N,\N,\N,\N
10156,11810,205,\N,\N,\N,\N
10157,7519,242,\N,\N,\N,\N
10158,32873,228,\N,\N,\N,\N
10159,34995,224,\N,\N,\N,\N
10160,2316,215,\N,\N,\N,\N
10161,9634,222,\N,\N,\N,\N
10162,25899,208,\N,\N,\N,\N
10163,31588,229,\N,\N,\N,\N
10164,23664,220,\N,\N,\N,\N
10165,24014,227,\N,\N,\N,\N
10166,18703,218,\N,\N,\N,\N
10167,10518,234,\N,\N,\N,\N
10168,17652,235,\N,\N,\N,\N
10169,27337,237,\N,\N,\N,\N
10170,17984,233,\N,\N,\N,\N
10171,21589,209,\N,\N,\N,\N
10172,8125,225,\N,\N,\N,\N
10173,24683,252,\N,\N,\N,\N
10174,19717,243,\N,\N,\N,\N
10175,35157,214,\N,\N,\N,\N
10176,34318,230,\N,\N,\N,\N
10177,6784,202,\N,\N,\N,\N
10178,125,223,\N,\N,\N,\N
10179,5151,264,\N,\N,\N,\N
10180,3442,260,\N,\N,\N,\N
10181,6653,312,\N,\N,\N,\N
10182,10632,213,\N,\N,\N,\N
10183,28984,204,\N,\N,\N,\N
10184,34738,210,\N,\N,\N,\N
10185,31795,212,\N,\N,\N,\N
10186,30933,203,\N,\N,\N,\N
10187,27531,219,\N,\N,\N,\N
10188,3719,205,\N,\N,\N,\N
10189,27253,242,\N,\N,\N,\N
10190,69,228,\N,\N,\N,\N
10191,1923,224,\N,\N,\N,\N
10192,8947,215,\N,\N,\N,\N
10193,9412,222,\N,\N,\N,\N
10194,27362,208,\N,\N,\N,\N
10195,389,229,\N,\N,\N,\N
10196,9715,220,\N,\N,\N,\N
10197,7209,227,\N,\N,\N,\N
10198,36245,218,\N,\N,\N,\N
10199,7655,234,\N,\N,\N,\N
10200,35700,235,\N,\N,\N,\N
10201,1072,237,\N,\N,\N,\N
10202,23216,233,\N,\N,\N,\N
10203,39669,209,\N,\N,\N,\N
10204,3741,225,\N,\N,\N,\N
10205,21306,252,\N,\N,\N,\N
10206,25020,243,\N,\N,\N,\N
10207,34487,214,\N,\N,\N,\N
10208,37963,230,\N,\N,\N,\N
10209,16510,202,\N,\N,\N,\N
10210,15104,223,\N,\N,\N,\N
10211,8952,264,\N,\N,\N,\N
10212,19944,260,\N,\N,\N,\N
10213,21088,312,\N,\N,\N,\N
10214,1818,213,\N,\N,\N,\N
10215,19755,204,\N,\N,\N,\N
10216,25937,210,\N,\N,\N,\N
10217,7890,212,\N,\N,\N,\N
10218,9452,203,\N,\N,\N,\N
10219,38203,219,\N,\N,\N,\N
10220,34847,205,\N,\N,\N,\N
10221,3541,242,\N,\N,\N,\N
10222,10557,228,\N,\N,\N,\N
10223,59,224,\N,\N,\N,\N
10224,36437,215,\N,\N,\N,\N
10225,23390,222,\N,\N,\N,\N
10226,13983,208,\N,\N,\N,\N
10227,37612,229,\N,\N,\N,\N
10228,26214,220,\N,\N,\N,\N
10229,2132,227,\N,\N,\N,\N
10230,19482,218,\N,\N,\N,\N
10231,3581,234,\N,\N,\N,\N
10232,13187,235,\N,\N,\N,\N
10233,25036,237,\N,\N,\N,\N
10234,4723,233,\N,\N,\N,\N
10235,16534,209,\N,\N,\N,\N
10236,33925,225,\N,\N,\N,\N
10237,35127,252,\N,\N,\N,\N
10238,18038,243,\N,\N,\N,\N
10239,32945,214,\N,\N,\N,\N
10240,21404,230,\N,\N,\N,\N
10241,12930,202,\N,\N,\N,\N
10242,33218,223,\N,\N,\N,\N
10243,24471,264,\N,\N,\N,\N
10244,34906,260,\N,\N,\N,\N
10245,39364,312,\N,\N,\N,\N
10246,39281,213,\N,\N,\N,\N
10247,11977,204,\N,\N,\N,\N
10248,2507,210,\N,\N,\N,\N
10249,23247,212,\N,\N,\N,\N
10250,22459,203,\N,\N,\N,\N
10251,21853,219,\N,\N,\N,\N
10252,17494,205,\N,\N,\N,\N
10253,27695,242,\N,\N,\N,\N
10254,22534,228,\N,\N,\N,\N
10255,31452,224,\N,\N,\N,\N
10256,39908,215,\N,\N,\N,\N
10257,28989,222,\N,\N,\N,\N
10258,26110,208,\N,\N,\N,\N
10259,26496,229,\N,\N,\N,\N
10260,25754,220,\N,\N,\N,\N
10261,11405,227,\N,\N,\N,\N
10262,23021,218,\N,\N,\N,\N
10263,23802,234,\N,\N,\N,\N
10264,6442,235,\N,\N,\N,\N
10265,33735,237,\N,\N,\N,\N
10266,9509,233,\N,\N,\N,\N
10267,20672,209,\N,\N,\N,\N
10268,30273,225,\N,\N,\N,\N
10269,24893,252,\N,\N,\N,\N
10270,23764,243,\N,\N,\N,\N
10271,11751,214,\N,\N,\N,\N
10272,35050,230,\N,\N,\N,\N
10273,17685,202,\N,\N,\N,\N
10274,23411,223,\N,\N,\N,\N
10275,35430,264,\N,\N,\N,\N
10276,27422,260,\N,\N,\N,\N
10277,27776,312,\N,\N,\N,\N
10278,22784,213,\N,\N,\N,\N
10279,32586,204,\N,\N,\N,\N
10280,3705,210,\N,\N,\N,\N
10281,2379,212,\N,\N,\N,\N
10282,27093,203,\N,\N,\N,\N
10283,1110,219,\N,\N,\N,\N
10284,39868,205,\N,\N,\N,\N
10285,7072,242,\N,\N,\N,\N
10286,17720,228,\N,\N,\N,\N
10287,38971,224,\N,\N,\N,\N
10288,38291,215,\N,\N,\N,\N
10289,19815,222,\N,\N,\N,\N
10290,6946,208,\N,\N,\N,\N
10291,22642,229,\N,\N,\N,\N
10292,39310,220,\N,\N,\N,\N
10293,27831,227,\N,\N,\N,\N
10294,10041,218,\N,\N,\N,\N
10295,20093,234,\N,\N,\N,\N
10296,1170,235,\N,\N,\N,\N
10297,33621,237,\N,\N,\N,\N
10298,3938,233,\N,\N,\N,\N
10299,3221,209,\N,\N,\N,\N
10300,34273,225,\N,\N,\N,\N
10301,5771,252,\N,\N,\N,\N
10302,34629,243,\N,\N,\N,\N
10303,20590,214,\N,\N,\N,\N
10304,25975,230,\N,\N,\N,\N
10305,3557,202,\N,\N,\N,\N
10306,14820,223,\N,\N,\N,\N
10307,19372,264,\N,\N,\N,\N
10308,38010,260,\N,\N,\N,\N
10309,39604,312,\N,\N,\N,\N
10310,1032,213,\N,\N,\N,\N
10311,11165,204,\N,\N,\N,\N
10312,11309,210,\N,\N,\N,\N
10313,11742,212,\N,\N,\N,\N
10314,7593,203,\N,\N,\N,\N
10315,1229,219,\N,\N,\N,\N
10316,17902,205,\N,\N,\N,\N
10317,28312,242,\N,\N,\N,\N
10318,33787,228,\N,\N,\N,\N
10319,15318,224,\N,\N,\N,\N
10320,508,215,\N,\N,\N,\N
10321,20842,222,\N,\N,\N,\N
10322,546,208,\N,\N,\N,\N
10323,26335,229,\N,\N,\N,\N
10324,16736,220,\N,\N,\N,\N
10325,35523,227,\N,\N,\N,\N
10326,8124,218,\N,\N,\N,\N
10327,21440,234,\N,\N,\N,\N
10328,7427,235,\N,\N,\N,\N
10329,36583,237,\N,\N,\N,\N
10330,10050,233,\N,\N,\N,\N
10331,39488,209,\N,\N,\N,\N
10332,23029,225,\N,\N,\N,\N
10333,7526,252,\N,\N,\N,\N
10334,12845,243,\N,\N,\N,\N
10335,5310,214,\N,\N,\N,\N
10336,16884,230,\N,\N,\N,\N
10337,19245,202,\N,\N,\N,\N
10338,36954,223,\N,\N,\N,\N
10339,35570,264,\N,\N,\N,\N
10340,26392,260,\N,\N,\N,\N
10341,3060,312,\N,\N,\N,\N
10342,16037,213,\N,\N,\N,\N
10343,32229,204,\N,\N,\N,\N
10344,22336,210,\N,\N,\N,\N
10345,32995,212,\N,\N,\N,\N
10346,13432,203,\N,\N,\N,\N
10347,10354,219,\N,\N,\N,\N
10348,26788,205,\N,\N,\N,\N
10349,11119,242,\N,\N,\N,\N
10350,34544,228,\N,\N,\N,\N
10351,12584,224,\N,\N,\N,\N
10352,8406,215,\N,\N,\N,\N
10353,10798,222,\N,\N,\N,\N
10354,27107,208,\N,\N,\N,\N
10355,27742,229,\N,\N,\N,\N
10356,26514,220,\N,\N,\N,\N
10357,9445,227,\N,\N,\N,\N
10358,10628,218,\N,\N,\N,\N
10359,26191,234,\N,\N,\N,\N
10360,24738,235,\N,\N,\N,\N
10361,6683,237,\N,\N,\N,\N
10362,31902,233,\N,\N,\N,\N
10363,26235,209,\N,\N,\N,\N
10364,29582,225,\N,\N,\N,\N
10365,7869,252,\N,\N,\N,\N
10366,13436,243,\N,\N,\N,\N
10367,23048,214,\N,\N,\N,\N
10368,20731,230,\N,\N,\N,\N
10369,27327,202,\N,\N,\N,\N
10370,4394,223,\N,\N,\N,\N
10371,14572,264,\N,\N,\N,\N
10372,14709,260,\N,\N,\N,\N
10373,21803,312,\N,\N,\N,\N
10374,18391,213,\N,\N,\N,\N
10375,35307,204,\N,\N,\N,\N
10376,10602,210,\N,\N,\N,\N
10377,834,212,\N,\N,\N,\N
10378,16228,203,\N,\N,\N,\N
10379,27900,219,\N,\N,\N,\N
10380,37088,205,\N,\N,\N,\N
10381,6018,242,\N,\N,\N,\N
10382,12830,228,\N,\N,\N,\N
10383,32056,224,\N,\N,\N,\N
10384,23112,215,\N,\N,\N,\N
10385,5309,222,\N,\N,\N,\N
10386,37356,208,\N,\N,\N,\N
10387,23938,229,\N,\N,\N,\N
10388,39689,220,\N,\N,\N,\N
10389,35580,227,\N,\N,\N,\N
10390,39166,218,\N,\N,\N,\N
10391,26707,234,\N,\N,\N,\N
10392,8006,235,\N,\N,\N,\N
10393,24633,237,\N,\N,\N,\N
10394,1772,233,\N,\N,\N,\N
10395,18020,209,\N,\N,\N,\N
10396,33004,225,\N,\N,\N,\N
10397,3359,252,\N,\N,\N,\N
10398,28395,243,\N,\N,\N,\N
10399,9156,214,\N,\N,\N,\N
10400,34056,230,\N,\N,\N,\N
10401,8213,202,\N,\N,\N,\N
10402,36582,223,\N,\N,\N,\N
10403,37922,264,\N,\N,\N,\N
10404,2403,260,\N,\N,\N,\N
10405,2670,312,\N,\N,\N,\N
10406,5834,213,\N,\N,\N,\N
10407,31995,204,\N,\N,\N,\N
10408,5863,210,\N,\N,\N,\N
10409,18260,212,\N,\N,\N,\N
10410,34754,203,\N,\N,\N,\N
10411,6667,219,\N,\N,\N,\N
10412,19512,205,\N,\N,\N,\N
10413,20783,242,\N,\N,\N,\N
10414,31729,228,\N,\N,\N,\N
10415,24568,224,\N,\N,\N,\N
10416,36569,215,\N,\N,\N,\N
10417,14890,222,\N,\N,\N,\N
10418,3367,208,\N,\N,\N,\N
10419,31965,229,\N,\N,\N,\N
10420,109,220,\N,\N,\N,\N
10421,11275,227,\N,\N,\N,\N
10422,38742,218,\N,\N,\N,\N
10423,4196,234,\N,\N,\N,\N
10424,28007,235,\N,\N,\N,\N
10425,13701,237,\N,\N,\N,\N
10426,16264,233,\N,\N,\N,\N
10427,7668,209,\N,\N,\N,\N
10428,8830,225,\N,\N,\N,\N
10429,19010,252,\N,\N,\N,\N
10430,1422,243,\N,\N,\N,\N
10431,18447,214,\N,\N,\N,\N
10432,29591,230,\N,\N,\N,\N
10433,26215,202,\N,\N,\N,\N
10434,2790,223,\N,\N,\N,\N
10435,1974,264,\N,\N,\N,\N
10436,4559,260,\N,\N,\N,\N
10437,213,312,\N,\N,\N,\N
10438,20508,213,\N,\N,\N,\N
10439,19062,204,\N,\N,\N,\N
10440,38389,210,\N,\N,\N,\N
10441,20162,212,\N,\N,\N,\N
10442,27320,203,\N,\N,\N,\N
10443,5959,219,\N,\N,\N,\N
10444,17235,205,\N,\N,\N,\N
10445,15927,242,\N,\N,\N,\N
10446,25512,228,\N,\N,\N,\N
10447,18570,224,\N,\N,\N,\N
10448,28864,215,\N,\N,\N,\N
10449,18593,222,\N,\N,\N,\N
10450,32625,208,\N,\N,\N,\N
10451,8503,229,\N,\N,\N,\N
10452,14783,220,\N,\N,\N,\N
10453,24332,227,\N,\N,\N,\N
10454,24029,218,\N,\N,\N,\N
10455,5941,234,\N,\N,\N,\N
10456,4252,235,\N,\N,\N,\N
10457,8255,237,\N,\N,\N,\N
10458,1857,233,\N,\N,\N,\N
10459,4229,209,\N,\N,\N,\N
10460,6806,225,\N,\N,\N,\N
10461,6863,252,\N,\N,\N,\N
10462,14816,243,\N,\N,\N,\N
10463,24540,214,\N,\N,\N,\N
10464,7444,230,\N,\N,\N,\N
10465,12431,202,\N,\N,\N,\N
10466,11667,223,\N,\N,\N,\N
10467,26820,264,\N,\N,\N,\N
10468,24585,260,\N,\N,\N,\N
10469,36280,312,\N,\N,\N,\N
10470,26518,213,\N,\N,\N,\N
10471,29758,204,\N,\N,\N,\N
10472,35365,210,\N,\N,\N,\N
10473,7582,212,\N,\N,\N,\N
10474,29128,203,\N,\N,\N,\N
10475,30340,219,\N,\N,\N,\N
10476,4088,205,\N,\N,\N,\N
10477,23567,242,\N,\N,\N,\N
10478,30621,228,\N,\N,\N,\N
10479,20138,224,\N,\N,\N,\N
10480,36730,215,\N,\N,\N,\N
10481,15849,222,\N,\N,\N,\N
10482,20516,208,\N,\N,\N,\N
10483,37300,229,\N,\N,\N,\N
10484,13931,220,\N,\N,\N,\N
10485,29863,227,\N,\N,\N,\N
10486,26418,218,\N,\N,\N,\N
10487,4066,234,\N,\N,\N,\N
10488,27707,235,\N,\N,\N,\N
10489,21367,237,\N,\N,\N,\N
10490,942,233,\N,\N,\N,\N
10491,33748,209,\N,\N,\N,\N
10492,22448,225,\N,\N,\N,\N
10493,4508,252,\N,\N,\N,\N
10494,10986,243,\N,\N,\N,\N
10495,22729,214,\N,\N,\N,\N
10496,31211,230,\N,\N,\N,\N
10497,24583,202,\N,\N,\N,\N
10498,9879,223,\N,\N,\N,\N
10499,17810,264,\N,\N,\N,\N
10500,15839,260,\N,\N,\N,\N
10501,9360,312,\N,\N,\N,\N
10502,38068,213,\N,\N,\N,\N
10503,1349,204,\N,\N,\N,\N
10504,2704,210,\N,\N,\N,\N
10505,2040,212,\N,\N,\N,\N
10506,6233,203,\N,\N,\N,\N
10507,30274,219,\N,\N,\N,\N
10508,30389,205,\N,\N,\N,\N
10509,6600,242,\N,\N,\N,\N
10510,7622,228,\N,\N,\N,\N
10511,20227,224,\N,\N,\N,\N
10512,9478,215,\N,\N,\N,\N
10513,28947,222,\N,\N,\N,\N
10514,24579,208,\N,\N,\N,\N
10515,14696,229,\N,\N,\N,\N
10516,25344,220,\N,\N,\N,\N
10517,4012,227,\N,\N,\N,\N
10518,31432,218,\N,\N,\N,\N
10519,33230,234,\N,\N,\N,\N
10520,29850,235,\N,\N,\N,\N
10521,3522,237,\N,\N,\N,\N
10522,23359,233,\N,\N,\N,\N
10523,38681,209,\N,\N,\N,\N
10524,34236,225,\N,\N,\N,\N
10525,2034,252,\N,\N,\N,\N
10526,6626,243,\N,\N,\N,\N
10527,25956,214,\N,\N,\N,\N
10528,501,230,\N,\N,\N,\N
10529,20793,202,\N,\N,\N,\N
10530,32797,223,\N,\N,\N,\N
10531,11207,264,\N,\N,\N,\N
10532,34046,260,\N,\N,\N,\N
10533,32663,312,\N,\N,\N,\N
10534,6054,213,\N,\N,\N,\N
10535,23740,204,\N,\N,\N,\N
10536,18726,210,\N,\N,\N,\N
10537,18449,212,\N,\N,\N,\N
10538,4878,203,\N,\N,\N,\N
10539,29976,219,\N,\N,\N,\N
10540,31745,205,\N,\N,\N,\N
10541,3333,242,\N,\N,\N,\N
10542,28525,228,\N,\N,\N,\N
10543,12551,224,\N,\N,\N,\N
10544,37876,215,\N,\N,\N,\N
10545,15965,222,\N,\N,\N,\N
10546,19129,208,\N,\N,\N,\N
10547,15400,229,\N,\N,\N,\N
10548,22568,220,\N,\N,\N,\N
10549,39039,227,\N,\N,\N,\N
10550,20916,218,\N,\N,\N,\N
10551,13067,234,\N,\N,\N,\N
10552,23339,235,\N,\N,\N,\N
10553,3974,237,\N,\N,\N,\N
10554,33145,233,\N,\N,\N,\N
10555,3402,209,\N,\N,\N,\N
10556,13520,225,\N,\N,\N,\N
10557,6754,252,\N,\N,\N,\N
10558,2038,243,\N,\N,\N,\N
10559,30875,214,\N,\N,\N,\N
10560,36746,230,\N,\N,\N,\N
10561,27910,202,\N,\N,\N,\N
10562,32896,223,\N,\N,\N,\N
10563,36476,264,\N,\N,\N,\N
10564,38881,260,\N,\N,\N,\N
10565,34320,312,\N,\N,\N,\N
10566,24424,213,\N,\N,\N,\N
10567,32404,204,\N,\N,\N,\N
10568,39047,210,\N,\N,\N,\N
10569,22565,212,\N,\N,\N,\N
10570,33238,203,\N,\N,\N,\N
10571,10990,219,\N,\N,\N,\N
10572,2750,205,\N,\N,\N,\N
10573,34157,242,\N,\N,\N,\N
10574,6426,228,\N,\N,\N,\N
10575,34485,224,\N,\N,\N,\N
10576,32609,215,\N,\N,\N,\N
10577,15571,222,\N,\N,\N,\N
10578,9850,208,\N,\N,\N,\N
10579,28971,229,\N,\N,\N,\N
10580,13872,220,\N,\N,\N,\N
10581,38783,227,\N,\N,\N,\N
10582,16019,218,\N,\N,\N,\N
10583,36745,234,\N,\N,\N,\N
10584,20618,235,\N,\N,\N,\N
10585,13076,237,\N,\N,\N,\N
10586,15215,233,\N,\N,\N,\N
10587,12182,209,\N,\N,\N,\N
10588,22477,225,\N,\N,\N,\N
10589,21287,252,\N,\N,\N,\N
10590,21155,243,\N,\N,\N,\N
10591,20936,214,\N,\N,\N,\N
10592,36209,230,\N,\N,\N,\N
10593,35590,202,\N,\N,\N,\N
10594,14532,223,\N,\N,\N,\N
10595,3952,264,\N,\N,\N,\N
10596,16995,260,\N,\N,\N,\N
10597,13326,312,\N,\N,\N,\N
10598,34825,213,\N,\N,\N,\N
10599,11450,204,\N,\N,\N,\N
10600,20172,210,\N,\N,\N,\N
10601,36397,212,\N,\N,\N,\N
10602,18350,203,\N,\N,\N,\N
10603,10079,219,\N,\N,\N,\N
10604,15342,205,\N,\N,\N,\N
10605,10619,242,\N,\N,\N,\N
10606,28654,228,\N,\N,\N,\N
10607,36490,224,\N,\N,\N,\N
10608,31518,215,\N,\N,\N,\N
10609,15906,222,\N,\N,\N,\N
10610,20131,208,\N,\N,\N,\N
10611,30683,229,\N,\N,\N,\N
10612,1592,220,\N,\N,\N,\N
10613,11131,227,\N,\N,\N,\N
10614,13424,218,\N,\N,\N,\N
10615,14125,234,\N,\N,\N,\N
10616,20236,237,\N,\N,\N,\N
10617,22334,237,\N,\N,\N,\N
10618,17645,233,\N,\N,\N,\N
10619,39013,209,\N,\N,\N,\N
10620,4151,225,\N,\N,\N,\N
10621,28487,252,\N,\N,\N,\N
10622,30779,243,\N,\N,\N,\N
10623,22986,214,\N,\N,\N,\N
10624,36891,230,\N,\N,\N,\N
10625,18296,202,\N,\N,\N,\N
10626,9609,223,\N,\N,\N,\N
10627,37839,264,\N,\N,\N,\N
10628,16413,260,\N,\N,\N,\N
10629,37363,312,\N,\N,\N,\N
10630,3481,213,\N,\N,\N,\N
10631,24020,204,\N,\N,\N,\N
10632,39628,210,\N,\N,\N,\N
10633,36506,212,\N,\N,\N,\N
10634,11270,203,\N,\N,\N,\N
10635,11191,219,\N,\N,\N,\N
10636,16090,205,\N,\N,\N,\N
10637,32859,242,\N,\N,\N,\N
10638,33692,228,\N,\N,\N,\N
10639,7570,224,\N,\N,\N,\N
10640,39875,215,\N,\N,\N,\N
10641,32494,222,\N,\N,\N,\N
10642,6319,208,\N,\N,\N,\N
10643,35740,229,\N,\N,\N,\N
10644,12021,220,\N,\N,\N,\N
10645,4737,227,\N,\N,\N,\N
10646,30692,218,\N,\N,\N,\N
10647,22070,234,\N,\N,\N,\N
10648,39655,235,\N,\N,\N,\N
10649,426,237,\N,\N,\N,\N
10650,8943,233,\N,\N,\N,\N
10651,29250,209,\N,\N,\N,\N
10652,5362,225,\N,\N,\N,\N
10653,15094,252,\N,\N,\N,\N
10654,33359,243,\N,\N,\N,\N
10655,18986,214,\N,\N,\N,\N
10656,25954,230,\N,\N,\N,\N
10657,7728,202,\N,\N,\N,\N
10658,802,223,\N,\N,\N,\N
10659,30549,264,\N,\N,\N,\N
10660,2455,260,\N,\N,\N,\N
10661,29475,312,\N,\N,\N,\N
10662,9043,213,\N,\N,\N,\N
10663,31982,204,\N,\N,\N,\N
10664,25272,210,\N,\N,\N,\N
10665,28590,212,\N,\N,\N,\N
10666,29978,203,\N,\N,\N,\N
10667,14896,219,\N,\N,\N,\N
10668,10178,205,\N,\N,\N,\N
10669,3894,242,\N,\N,\N,\N
10670,15971,228,\N,\N,\N,\N
10671,10193,224,\N,\N,\N,\N
10672,25903,215,\N,\N,\N,\N
10673,9504,222,\N,\N,\N,\N
10674,1161,208,\N,\N,\N,\N
10675,30926,229,\N,\N,\N,\N
10676,38410,220,\N,\N,\N,\N
10677,17797,227,\N,\N,\N,\N
10678,26926,218,\N,\N,\N,\N
10679,6945,234,\N,\N,\N,\N
10680,1233,235,\N,\N,\N,\N
10681,24080,237,\N,\N,\N,\N
10682,18451,233,\N,\N,\N,\N
10683,5505,209,\N,\N,\N,\N
10684,39726,225,\N,\N,\N,\N
10685,27761,252,\N,\N,\N,\N
10686,22830,243,\N,\N,\N,\N
10687,2976,214,\N,\N,\N,\N
10688,24902,230,\N,\N,\N,\N
10689,6655,202,\N,\N,\N,\N
10690,10750,223,\N,\N,\N,\N
10691,35985,264,\N,\N,\N,\N
10692,20245,260,\N,\N,\N,\N
10693,35334,312,\N,\N,\N,\N
10694,12512,213,\N,\N,\N,\N
10695,28441,204,\N,\N,\N,\N
10696,15734,210,\N,\N,\N,\N
10697,30465,212,\N,\N,\N,\N
10698,27308,203,\N,\N,\N,\N
10699,25327,219,\N,\N,\N,\N
10700,28235,205,\N,\N,\N,\N
10701,24153,242,\N,\N,\N,\N
10702,15719,228,\N,\N,\N,\N
10703,608,224,\N,\N,\N,\N
10704,6894,215,\N,\N,\N,\N
10705,33978,222,\N,\N,\N,\N
10706,5890,208,\N,\N,\N,\N
10707,3313,229,\N,\N,\N,\N
10708,17855,220,\N,\N,\N,\N
10709,34892,227,\N,\N,\N,\N
10710,22638,218,\N,\N,\N,\N
10711,16894,234,\N,\N,\N,\N
10712,21489,235,\N,\N,\N,\N
10713,29694,237,\N,\N,\N,\N
10714,26065,233,\N,\N,\N,\N
10715,25023,209,\N,\N,\N,\N
10716,17188,225,\N,\N,\N,\N
10717,8481,252,\N,\N,\N,\N
10718,14613,243,\N,\N,\N,\N
10719,26952,214,\N,\N,\N,\N
10720,1585,230,\N,\N,\N,\N
10721,29273,202,\N,\N,\N,\N
10722,3236,223,\N,\N,\N,\N
10723,31027,264,\N,\N,\N,\N
10724,12545,260,\N,\N,\N,\N
10725,6811,312,\N,\N,\N,\N
10726,19720,213,\N,\N,\N,\N
10727,13556,204,\N,\N,\N,\N
10728,30221,210,\N,\N,\N,\N
10729,35517,212,\N,\N,\N,\N
10730,10668,203,\N,\N,\N,\N
10731,25265,219,\N,\N,\N,\N
10732,22661,205,\N,\N,\N,\N
10733,21744,242,\N,\N,\N,\N
10734,34940,228,\N,\N,\N,\N
10735,7832,224,\N,\N,\N,\N
10736,14825,215,\N,\N,\N,\N
10737,2153,222,\N,\N,\N,\N
10738,5637,208,\N,\N,\N,\N
10739,3165,229,\N,\N,\N,\N
10740,35488,220,\N,\N,\N,\N
10741,17397,227,\N,\N,\N,\N
10742,24462,218,\N,\N,\N,\N
10743,18637,234,\N,\N,\N,\N
10744,32150,235,\N,\N,\N,\N
10745,35152,237,\N,\N,\N,\N
10746,25620,233,\N,\N,\N,\N
10747,35832,209,\N,\N,\N,\N
10748,13574,225,\N,\N,\N,\N
10749,28778,252,\N,\N,\N,\N
10750,3647,243,\N,\N,\N,\N
10751,17318,214,\N,\N,\N,\N
10752,12000,230,\N,\N,\N,\N
10753,34265,202,\N,\N,\N,\N
10754,26817,223,\N,\N,\N,\N
10755,36793,264,\N,\N,\N,\N
10756,9260,260,\N,\N,\N,\N
10757,328,312,\N,\N,\N,\N
10758,10667,213,\N,\N,\N,\N
10759,13010,204,\N,\N,\N,\N
10760,15700,210,\N,\N,\N,\N
10761,30788,212,\N,\N,\N,\N
10762,38478,203,\N,\N,\N,\N
10763,33099,219,\N,\N,\N,\N
10764,32832,205,\N,\N,\N,\N
10765,18371,242,\N,\N,\N,\N
10766,28396,228,\N,\N,\N,\N
10767,26437,224,\N,\N,\N,\N
10768,36498,215,\N,\N,\N,\N
10769,880,222,\N,\N,\N,\N
10770,5241,208,\N,\N,\N,\N
10771,6505,229,\N,\N,\N,\N
10772,14354,220,\N,\N,\N,\N
10773,8744,227,\N,\N,\N,\N
10774,32082,218,\N,\N,\N,\N
10775,1255,234,\N,\N,\N,\N
10776,39710,235,\N,\N,\N,\N
10777,24940,237,\N,\N,\N,\N
10778,17623,233,\N,\N,\N,\N
10779,12925,209,\N,\N,\N,\N
10780,22624,225,\N,\N,\N,\N
10781,39196,252,\N,\N,\N,\N
10782,20047,243,\N,\N,\N,\N
10783,38208,214,\N,\N,\N,\N
10784,20849,230,\N,\N,\N,\N
10785,7361,202,\N,\N,\N,\N
10786,38370,223,\N,\N,\N,\N
10787,17938,264,\N,\N,\N,\N
10788,37046,260,\N,\N,\N,\N
10789,17371,312,\N,\N,\N,\N
10790,4372,213,\N,\N,\N,\N
10791,7041,204,\N,\N,\N,\N
10792,12321,210,\N,\N,\N,\N
10793,32790,212,\N,\N,\N,\N
10794,31197,203,\N,\N,\N,\N
10795,38424,219,\N,\N,\N,\N
10796,26048,205,\N,\N,\N,\N
10797,14397,242,\N,\N,\N,\N
10798,13452,228,\N,\N,\N,\N
10799,23200,224,\N,\N,\N,\N
10800,21411,215,\N,\N,\N,\N
10801,19367,222,\N,\N,\N,\N
10802,9625,208,\N,\N,\N,\N
10803,7675,229,\N,\N,\N,\N
10804,37806,220,\N,\N,\N,\N
10805,16243,227,\N,\N,\N,\N
10806,35755,218,\N,\N,\N,\N
10807,31251,234,\N,\N,\N,\N
10808,340,235,\N,\N,\N,\N
10809,721,237,\N,\N,\N,\N
10810,27737,233,\N,\N,\N,\N
10811,15015,209,\N,\N,\N,\N
10812,32592,225,\N,\N,\N,\N
10813,18364,252,\N,\N,\N,\N
10814,4362,243,\N,\N,\N,\N
10815,2140,214,\N,\N,\N,\N
10816,13566,230,\N,\N,\N,\N
10817,28353,202,\N,\N,\N,\N
10818,6118,223,\N,\N,\N,\N
10819,7087,264,\N,\N,\N,\N
10820,19805,260,\N,\N,\N,\N
10821,22618,312,\N,\N,\N,\N
10822,29905,213,\N,\N,\N,\N
10823,5425,204,\N,\N,\N,\N
10824,5578,210,\N,\N,\N,\N
10825,33354,212,\N,\N,\N,\N
10826,14451,203,\N,\N,\N,\N
10827,38452,219,\N,\N,\N,\N
10828,37730,205,\N,\N,\N,\N
10829,30017,242,\N,\N,\N,\N
10830,32420,228,\N,\N,\N,\N
10831,30383,224,\N,\N,\N,\N
10832,38011,215,\N,\N,\N,\N
10833,1195,222,\N,\N,\N,\N
10834,25798,208,\N,\N,\N,\N
10835,31763,229,\N,\N,\N,\N
10836,25708,220,\N,\N,\N,\N
10837,23736,227,\N,\N,\N,\N
10838,30614,218,\N,\N,\N,\N
10839,34989,234,\N,\N,\N,\N
10840,28718,235,\N,\N,\N,\N
10841,30350,237,\N,\N,\N,\N
10842,30325,233,\N,\N,\N,\N
10843,16181,209,\N,\N,\N,\N
10844,3290,225,\N,\N,\N,\N
10845,14652,252,\N,\N,\N,\N
10846,12532,243,\N,\N,\N,\N
10847,33504,214,\N,\N,\N,\N
10848,30235,230,\N,\N,\N,\N
10849,8730,202,\N,\N,\N,\N
10850,11798,223,\N,\N,\N,\N
10851,33018,264,\N,\N,\N,\N
10852,39358,260,\N,\N,\N,\N
10853,8192,312,\N,\N,\N,\N
10854,17328,213,\N,\N,\N,\N
10855,20633,204,\N,\N,\N,\N
10856,32837,210,\N,\N,\N,\N
10857,36633,212,\N,\N,\N,\N
10858,19355,203,\N,\N,\N,\N
10859,29740,219,\N,\N,\N,\N
10860,31367,205,\N,\N,\N,\N
10861,7043,242,\N,\N,\N,\N
10862,24151,228,\N,\N,\N,\N
10863,15785,224,\N,\N,\N,\N
10864,8543,215,\N,\N,\N,\N
10865,31654,222,\N,\N,\N,\N
10866,31884,208,\N,\N,\N,\N
10867,31945,229,\N,\N,\N,\N
10868,38058,220,\N,\N,\N,\N
10869,18563,227,\N,\N,\N,\N
10870,19579,218,\N,\N,\N,\N
10871,25280,234,\N,\N,\N,\N
10872,9284,235,\N,\N,\N,\N
10873,8953,237,\N,\N,\N,\N
10874,31220,233,\N,\N,\N,\N
10875,2852,209,\N,\N,\N,\N
10876,32655,225,\N,\N,\N,\N
10877,16980,252,\N,\N,\N,\N
10878,27073,243,\N,\N,\N,\N
10879,5316,214,\N,\N,\N,\N
10880,4361,230,\N,\N,\N,\N
10881,21491,202,\N,\N,\N,\N
10882,30674,223,\N,\N,\N,\N
10883,36183,264,\N,\N,\N,\N
10884,5817,260,\N,\N,\N,\N
10885,17741,312,\N,\N,\N,\N
10886,30536,213,\N,\N,\N,\N
10887,15186,204,\N,\N,\N,\N
10888,22891,210,\N,\N,\N,\N
10889,21016,212,\N,\N,\N,\N
10890,2394,203,\N,\N,\N,\N
10891,15572,219,\N,\N,\N,\N
10892,25433,205,\N,\N,\N,\N
10893,33555,242,\N,\N,\N,\N
10894,20850,228,\N,\N,\N,\N
10895,12001,224,\N,\N,\N,\N
10896,7688,215,\N,\N,\N,\N
10897,12662,222,\N,\N,\N,\N
10898,33452,208,\N,\N,\N,\N
10899,35549,229,\N,\N,\N,\N
10900,5258,220,\N,\N,\N,\N
10901,28053,227,\N,\N,\N,\N
10902,6919,218,\N,\N,\N,\N
10903,34372,234,\N,\N,\N,\N
10904,2774,235,\N,\N,\N,\N
10905,9974,237,\N,\N,\N,\N
10906,20351,233,\N,\N,\N,\N
10907,38847,209,\N,\N,\N,\N
10908,38149,225,\N,\N,\N,\N
10909,20645,252,\N,\N,\N,\N
10910,18742,243,\N,\N,\N,\N
10911,34695,214,\N,\N,\N,\N
10912,34301,230,\N,\N,\N,\N
10913,10439,202,\N,\N,\N,\N
10914,7710,223,\N,\N,\N,\N
10915,25416,264,\N,\N,\N,\N
10916,11937,260,\N,\N,\N,\N
10917,11421,312,\N,\N,\N,\N
10918,10173,213,\N,\N,\N,\N
10919,9296,204,\N,\N,\N,\N
10920,7638,210,\N,\N,\N,\N
10921,27199,212,\N,\N,\N,\N
10922,22050,203,\N,\N,\N,\N
10923,20078,219,\N,\N,\N,\N
10924,32865,205,\N,\N,\N,\N
10925,19504,242,\N,\N,\N,\N
10926,34230,228,\N,\N,\N,\N
10927,274,224,\N,\N,\N,\N
10928,15583,215,\N,\N,\N,\N
10929,31256,222,\N,\N,\N,\N
10930,8142,208,\N,\N,\N,\N
10931,17378,229,\N,\N,\N,\N
10932,19564,220,\N,\N,\N,\N
10933,18064,227,\N,\N,\N,\N
10934,19873,218,\N,\N,\N,\N
10935,16672,234,\N,\N,\N,\N
10936,32058,235,\N,\N,\N,\N
10937,20193,237,\N,\N,\N,\N
10938,24478,233,\N,\N,\N,\N
10939,34125,209,\N,\N,\N,\N
10940,8557,225,\N,\N,\N,\N
10941,13785,252,\N,\N,\N,\N
10942,7279,243,\N,\N,\N,\N
10943,23306,214,\N,\N,\N,\N
10944,10306,230,\N,\N,\N,\N
10945,25008,202,\N,\N,\N,\N
10946,32049,223,\N,\N,\N,\N
10947,1315,264,\N,\N,\N,\N
10948,35773,260,\N,\N,\N,\N
10949,17358,312,\N,\N,\N,\N
10950,27850,213,\N,\N,\N,\N
10951,14823,204,\N,\N,\N,\N
10952,27755,210,\N,\N,\N,\N
10953,35682,212,\N,\N,\N,\N
10954,37095,203,\N,\N,\N,\N
10955,20661,219,\N,\N,\N,\N
10956,36464,205,\N,\N,\N,\N
10957,35604,242,\N,\N,\N,\N
10958,19335,228,\N,\N,\N,\N
10959,36782,224,\N,\N,\N,\N
10960,38248,215,\N,\N,\N,\N
10961,6160,222,\N,\N,\N,\N
10962,14201,208,\N,\N,\N,\N
10963,30679,229,\N,\N,\N,\N
10964,39621,220,\N,\N,\N,\N
10965,28694,227,\N,\N,\N,\N
10966,10223,218,\N,\N,\N,\N
10967,18392,234,\N,\N,\N,\N
10968,8629,235,\N,\N,\N,\N
10969,25495,237,\N,\N,\N,\N
10970,2942,233,\N,\N,\N,\N
10971,37708,209,\N,\N,\N,\N
10972,15309,225,\N,\N,\N,\N
10973,497,252,\N,\N,\N,\N
10974,17384,243,\N,\N,\N,\N
10975,8602,214,\N,\N,\N,\N
10976,7520,230,\N,\N,\N,\N
10977,39284,202,\N,\N,\N,\N
10978,16143,223,\N,\N,\N,\N
10979,17568,264,\N,\N,\N,\N
10980,11402,260,\N,\N,\N,\N
10981,14337,312,\N,\N,\N,\N
10982,14058,213,\N,\N,\N,\N
10983,5864,204,\N,\N,\N,\N
10984,34672,210,\N,\N,\N,\N
10985,1986,212,\N,\N,\N,\N
10986,39404,203,\N,\N,\N,\N
10987,28324,219,\N,\N,\N,\N
10988,18254,205,\N,\N,\N,\N
10989,17923,242,\N,\N,\N,\N
10990,14956,228,\N,\N,\N,\N
10991,18855,224,\N,\N,\N,\N
10992,11498,215,\N,\N,\N,\N
10993,11943,222,\N,\N,\N,\N
10994,5043,208,\N,\N,\N,\N
10995,10075,229,\N,\N,\N,\N
10996,723,220,\N,\N,\N,\N
10997,2574,227,\N,\N,\N,\N
10998,14712,218,\N,\N,\N,\N
10999,19675,234,\N,\N,\N,\N
11000,20070,235,\N,\N,\N,\N
11001,37244,237,\N,\N,\N,\N
11002,38122,233,\N,\N,\N,\N
11003,33608,209,\N,\N,\N,\N
11004,35742,225,\N,\N,\N,\N
11005,15625,252,\N,\N,\N,\N
11006,9733,243,\N,\N,\N,\N
11007,6780,214,\N,\N,\N,\N
11008,28453,230,\N,\N,\N,\N
11009,37868,202,\N,\N,\N,\N
11010,19957,223,\N,\N,\N,\N
11011,36295,264,\N,\N,\N,\N
11012,15479,260,\N,\N,\N,\N
11013,7309,312,\N,\N,\N,\N
11014,26144,213,\N,\N,\N,\N
11015,24315,204,\N,\N,\N,\N
11016,6201,210,\N,\N,\N,\N
11017,24249,212,\N,\N,\N,\N
11018,26690,203,\N,\N,\N,\N
11019,34563,219,\N,\N,\N,\N
11020,25277,205,\N,\N,\N,\N
11021,7573,242,\N,\N,\N,\N
11022,306,228,\N,\N,\N,\N
11023,16195,224,\N,\N,\N,\N
11024,28027,215,\N,\N,\N,\N
11025,36142,222,\N,\N,\N,\N
11026,31563,208,\N,\N,\N,\N
11027,322,229,\N,\N,\N,\N
11028,21157,220,\N,\N,\N,\N
11029,5675,227,\N,\N,\N,\N
11030,2778,218,\N,\N,\N,\N
11031,11055,234,\N,\N,\N,\N
11032,18717,235,\N,\N,\N,\N
11033,21758,237,\N,\N,\N,\N
11034,15924,233,\N,\N,\N,\N
11035,3173,209,\N,\N,\N,\N
11036,22959,225,\N,\N,\N,\N
11037,4234,252,\N,\N,\N,\N
11038,27727,243,\N,\N,\N,\N
11039,22799,214,\N,\N,\N,\N
11040,23282,230,\N,\N,\N,\N
11041,1459,202,\N,\N,\N,\N
11042,16464,223,\N,\N,\N,\N
11043,39147,264,\N,\N,\N,\N
11044,15803,260,\N,\N,\N,\N
11045,39218,312,\N,\N,\N,\N
11046,8674,213,\N,\N,\N,\N
11047,5966,204,\N,\N,\N,\N
11048,1007,210,\N,\N,\N,\N
11049,37196,212,\N,\N,\N,\N
11050,17756,203,\N,\N,\N,\N
11051,21282,219,\N,\N,\N,\N
11052,18662,205,\N,\N,\N,\N
11053,38477,242,\N,\N,\N,\N
11054,13859,228,\N,\N,\N,\N
11055,2320,224,\N,\N,\N,\N
11056,22285,215,\N,\N,\N,\N
11057,6363,222,\N,\N,\N,\N
11058,12241,208,\N,\N,\N,\N
11059,32026,229,\N,\N,\N,\N
11060,5541,220,\N,\N,\N,\N
11061,11262,227,\N,\N,\N,\N
11062,9838,218,\N,\N,\N,\N
11063,11279,234,\N,\N,\N,\N
11064,14458,235,\N,\N,\N,\N
11065,39067,237,\N,\N,\N,\N
11066,21822,233,\N,\N,\N,\N
11067,4918,209,\N,\N,\N,\N
11068,30152,225,\N,\N,\N,\N
11069,38135,252,\N,\N,\N,\N
11070,26386,243,\N,\N,\N,\N
11071,12296,214,\N,\N,\N,\N
11072,3627,230,\N,\N,\N,\N
11073,34703,202,\N,\N,\N,\N
11074,14052,223,\N,\N,\N,\N
11075,34345,264,\N,\N,\N,\N
11076,8496,260,\N,\N,\N,\N
11077,24985,312,\N,\N,\N,\N
11078,29452,213,\N,\N,\N,\N
11079,5726,204,\N,\N,\N,\N
11080,8505,210,\N,\N,\N,\N
11081,29070,212,\N,\N,\N,\N
11082,19068,203,\N,\N,\N,\N
11083,19466,219,\N,\N,\N,\N
11084,38664,205,\N,\N,\N,\N
11085,27335,242,\N,\N,\N,\N
11086,5117,228,\N,\N,\N,\N
11087,19139,224,\N,\N,\N,\N
11088,5591,215,\N,\N,\N,\N
11089,38576,222,\N,\N,\N,\N
11090,2869,208,\N,\N,\N,\N
11091,14600,229,\N,\N,\N,\N
11092,11912,220,\N,\N,\N,\N
11093,20706,227,\N,\N,\N,\N
11094,15452,218,\N,\N,\N,\N
11095,38920,234,\N,\N,\N,\N
11096,22632,235,\N,\N,\N,\N
11097,20204,237,\N,\N,\N,\N
11098,26932,233,\N,\N,\N,\N
11099,18588,209,\N,\N,\N,\N
11100,7464,225,\N,\N,\N,\N
11101,34837,252,\N,\N,\N,\N
11102,36763,243,\N,\N,\N,\N
11103,28829,214,\N,\N,\N,\N
11104,9245,230,\N,\N,\N,\N
11105,18523,202,\N,\N,\N,\N
11106,34287,223,\N,\N,\N,\N
11107,621,264,\N,\N,\N,\N
11108,12437,260,\N,\N,\N,\N
11109,32726,312,\N,\N,\N,\N
11110,37306,213,\N,\N,\N,\N
11111,37736,204,\N,\N,\N,\N
11112,30435,210,\N,\N,\N,\N
11113,11256,212,\N,\N,\N,\N
11114,10686,203,\N,\N,\N,\N
11115,35830,219,\N,\N,\N,\N
11116,16226,205,\N,\N,\N,\N
11117,3688,242,\N,\N,\N,\N
11118,9075,228,\N,\N,\N,\N
11119,23637,224,\N,\N,\N,\N
11120,25647,215,\N,\N,\N,\N
11121,26216,222,\N,\N,\N,\N
11122,9537,208,\N,\N,\N,\N
11123,2985,229,\N,\N,\N,\N
11124,22242,220,\N,\N,\N,\N
11125,11178,227,\N,\N,\N,\N
11126,10583,218,\N,\N,\N,\N
11127,22074,234,\N,\N,\N,\N
11128,38814,235,\N,\N,\N,\N
11129,9550,237,\N,\N,\N,\N
11130,30538,233,\N,\N,\N,\N
11131,35173,209,\N,\N,\N,\N
11132,27482,225,\N,\N,\N,\N
11133,32878,252,\N,\N,\N,\N
11134,20774,243,\N,\N,\N,\N
11135,14250,214,\N,\N,\N,\N
11136,24136,230,\N,\N,\N,\N
11137,13497,202,\N,\N,\N,\N
11138,24100,223,\N,\N,\N,\N
11139,15377,264,\N,\N,\N,\N
11140,10353,260,\N,\N,\N,\N
11141,6002,312,\N,\N,\N,\N
11142,39851,213,\N,\N,\N,\N
11143,1269,204,\N,\N,\N,\N
11144,39534,210,\N,\N,\N,\N
11145,24444,212,\N,\N,\N,\N
11146,29316,203,\N,\N,\N,\N
11147,25953,219,\N,\N,\N,\N
11148,12254,205,\N,\N,\N,\N
11149,35465,242,\N,\N,\N,\N
11150,12404,228,\N,\N,\N,\N
11151,18321,224,\N,\N,\N,\N
11152,29351,215,\N,\N,\N,\N
11153,34128,222,\N,\N,\N,\N
11154,1774,208,\N,\N,\N,\N
11155,25796,229,\N,\N,\N,\N
11156,27926,220,\N,\N,\N,\N
11157,27395,227,\N,\N,\N,\N
11158,26044,218,\N,\N,\N,\N
11159,28540,234,\N,\N,\N,\N
11160,24161,235,\N,\N,\N,\N
11161,16856,237,\N,\N,\N,\N
11162,30454,233,\N,\N,\N,\N
11163,13423,209,\N,\N,\N,\N
11164,21229,225,\N,\N,\N,\N
11165,15674,252,\N,\N,\N,\N
11166,2306,243,\N,\N,\N,\N
11167,30275,214,\N,\N,\N,\N
11168,25480,230,\N,\N,\N,\N
11169,35601,202,\N,\N,\N,\N
11170,5881,223,\N,\N,\N,\N
11171,17212,264,\N,\N,\N,\N
11172,22218,260,\N,\N,\N,\N
11173,29870,312,\N,\N,\N,\N
11174,32286,213,\N,\N,\N,\N
11175,7544,204,\N,\N,\N,\N
11176,7016,210,\N,\N,\N,\N
11177,7584,212,\N,\N,\N,\N
11178,32311,203,\N,\N,\N,\N
11179,39736,219,\N,\N,\N,\N
11180,24287,205,\N,\N,\N,\N
11181,28587,242,\N,\N,\N,\N
11182,26439,228,\N,\N,\N,\N
11183,3963,224,\N,\N,\N,\N
11184,29353,215,\N,\N,\N,\N
11185,33870,222,\N,\N,\N,\N
11186,1453,208,\N,\N,\N,\N
11187,23499,229,\N,\N,\N,\N
11188,3600,220,\N,\N,\N,\N
11189,35392,227,\N,\N,\N,\N
11190,37621,218,\N,\N,\N,\N
11191,27367,234,\N,\N,\N,\N
11192,4218,235,\N,\N,\N,\N
11193,11129,237,\N,\N,\N,\N
11194,20365,233,\N,\N,\N,\N
11195,24965,209,\N,\N,\N,\N
11196,28632,225,\N,\N,\N,\N
11197,30092,252,\N,\N,\N,\N
11198,28382,243,\N,\N,\N,\N
11199,35381,214,\N,\N,\N,\N
11200,37531,230,\N,\N,\N,\N
11201,36695,202,\N,\N,\N,\N
11202,36877,223,\N,\N,\N,\N
11203,17588,264,\N,\N,\N,\N
11204,242,260,\N,\N,\N,\N
11205,32198,312,\N,\N,\N,\N
11206,10195,213,\N,\N,\N,\N
11207,38796,204,\N,\N,\N,\N
11208,13487,210,\N,\N,\N,\N
11209,11505,212,\N,\N,\N,\N
11210,38473,203,\N,\N,\N,\N
11211,13829,219,\N,\N,\N,\N
11212,14373,205,\N,\N,\N,\N
11213,11772,242,\N,\N,\N,\N
11214,26244,228,\N,\N,\N,\N
11215,37971,224,\N,\N,\N,\N
11216,742,215,\N,\N,\N,\N
11217,2194,222,\N,\N,\N,\N
11218,37909,208,\N,\N,\N,\N
11219,35835,229,\N,\N,\N,\N
11220,35178,220,\N,\N,\N,\N
11221,35643,227,\N,\N,\N,\N
11222,37593,218,\N,\N,\N,\N
11223,27105,234,\N,\N,\N,\N
11224,9826,235,\N,\N,\N,\N
11225,12042,237,\N,\N,\N,\N
11226,28333,233,\N,\N,\N,\N
11227,10681,209,\N,\N,\N,\N
11228,13239,225,\N,\N,\N,\N
11229,22606,252,\N,\N,\N,\N
11230,5944,243,\N,\N,\N,\N
11231,1522,214,\N,\N,\N,\N
11232,4142,230,\N,\N,\N,\N
11233,435,202,\N,\N,\N,\N
11234,26784,223,\N,\N,\N,\N
11235,2247,264,\N,\N,\N,\N
11236,29268,260,\N,\N,\N,\N
11237,25173,312,\N,\N,\N,\N
11238,18027,213,\N,\N,\N,\N
11239,28991,204,\N,\N,\N,\N
11240,35349,210,\N,\N,\N,\N
11241,20274,212,\N,\N,\N,\N
11242,26865,203,\N,\N,\N,\N
11243,4625,219,\N,\N,\N,\N
11244,28168,205,\N,\N,\N,\N
11245,33836,242,\N,\N,\N,\N
11246,23240,228,\N,\N,\N,\N
11247,31522,224,\N,\N,\N,\N
11248,10285,215,\N,\N,\N,\N
11249,16596,222,\N,\N,\N,\N
11250,35600,208,\N,\N,\N,\N
11251,3059,229,\N,\N,\N,\N
11252,23783,220,\N,\N,\N,\N
11253,29235,227,\N,\N,\N,\N
11254,17999,218,\N,\N,\N,\N
11255,34637,234,\N,\N,\N,\N
11256,8166,235,\N,\N,\N,\N
11257,3156,237,\N,\N,\N,\N
11258,34771,233,\N,\N,\N,\N
11259,11074,209,\N,\N,\N,\N
11260,1450,225,\N,\N,\N,\N
11261,3980,252,\N,\N,\N,\N
11262,13652,243,\N,\N,\N,\N
11263,30722,214,\N,\N,\N,\N
11264,8393,230,\N,\N,\N,\N
11265,12808,202,\N,\N,\N,\N
11266,33649,223,\N,\N,\N,\N
11267,14463,264,\N,\N,\N,\N
11268,6557,260,\N,\N,\N,\N
11269,29086,312,\N,\N,\N,\N
11270,393,213,\N,\N,\N,\N
11271,7039,204,\N,\N,\N,\N
11272,11625,210,\N,\N,\N,\N
11273,16010,212,\N,\N,\N,\N
11274,34380,203,\N,\N,\N,\N
11275,30477,219,\N,\N,\N,\N
11276,24412,205,\N,\N,\N,\N
11277,2566,242,\N,\N,\N,\N
11278,13957,228,\N,\N,\N,\N
11279,27272,224,\N,\N,\N,\N
11280,12080,215,\N,\N,\N,\N
11281,16602,222,\N,\N,\N,\N
11282,20452,208,\N,\N,\N,\N
11283,4521,229,\N,\N,\N,\N
11284,6680,220,\N,\N,\N,\N
11285,36726,227,\N,\N,\N,\N
11286,37473,218,\N,\N,\N,\N
11287,28699,234,\N,\N,\N,\N
11288,35107,235,\N,\N,\N,\N
11289,14437,237,\N,\N,\N,\N
11290,39225,233,\N,\N,\N,\N
11291,24171,209,\N,\N,\N,\N
11292,12068,225,\N,\N,\N,\N
11293,12327,252,\N,\N,\N,\N
11294,20953,243,\N,\N,\N,\N
11295,25613,214,\N,\N,\N,\N
11296,33056,230,\N,\N,\N,\N
11297,11579,202,\N,\N,\N,\N
11298,18705,223,\N,\N,\N,\N
11299,16234,264,\N,\N,\N,\N
11300,33250,260,\N,\N,\N,\N
11301,27916,312,\N,\N,\N,\N
11302,14457,213,\N,\N,\N,\N
11303,19519,204,\N,\N,\N,\N
11304,23352,210,\N,\N,\N,\N
11305,32251,212,\N,\N,\N,\N
11306,26641,203,\N,\N,\N,\N
11307,25441,219,\N,\N,\N,\N
11308,11815,205,\N,\N,\N,\N
11309,16161,242,\N,\N,\N,\N
11310,37660,228,\N,\N,\N,\N
11311,7307,224,\N,\N,\N,\N
11312,38845,215,\N,\N,\N,\N
11313,23761,222,\N,\N,\N,\N
11314,21802,208,\N,\N,\N,\N
11315,29780,229,\N,\N,\N,\N
11316,23792,220,\N,\N,\N,\N
11317,14223,227,\N,\N,\N,\N
11318,22233,218,\N,\N,\N,\N
11319,28476,234,\N,\N,\N,\N
11320,13650,235,\N,\N,\N,\N
11321,5599,237,\N,\N,\N,\N
11322,13422,233,\N,\N,\N,\N
11323,39398,209,\N,\N,\N,\N
11324,9214,225,\N,\N,\N,\N
11325,10906,252,\N,\N,\N,\N
11326,33270,243,\N,\N,\N,\N
11327,3805,214,\N,\N,\N,\N
11328,21484,230,\N,\N,\N,\N
11329,38590,202,\N,\N,\N,\N
11330,34798,223,\N,\N,\N,\N
11331,9188,264,\N,\N,\N,\N
11332,28233,260,\N,\N,\N,\N
11333,5320,312,\N,\N,\N,\N
11334,33592,213,\N,\N,\N,\N
11335,35314,204,\N,\N,\N,\N
11336,14803,210,\N,\N,\N,\N
11337,18539,212,\N,\N,\N,\N
11338,3191,203,\N,\N,\N,\N
11339,6824,219,\N,\N,\N,\N
11340,32325,205,\N,\N,\N,\N
11341,29562,242,\N,\N,\N,\N
11342,30891,228,\N,\N,\N,\N
11343,36948,224,\N,\N,\N,\N
11344,4989,215,\N,\N,\N,\N
11345,8636,222,\N,\N,\N,\N
11346,26769,208,\N,\N,\N,\N
11347,15783,229,\N,\N,\N,\N
11348,11500,220,\N,\N,\N,\N
11349,25439,227,\N,\N,\N,\N
11350,8881,218,\N,\N,\N,\N
11351,9895,234,\N,\N,\N,\N
11352,31281,235,\N,\N,\N,\N
11353,36306,237,\N,\N,\N,\N
11354,34059,233,\N,\N,\N,\N
11355,39297,209,\N,\N,\N,\N
11356,23983,225,\N,\N,\N,\N
11357,9300,252,\N,\N,\N,\N
11358,9427,243,\N,\N,\N,\N
11359,30102,214,\N,\N,\N,\N
11360,5670,230,\N,\N,\N,\N
11361,39977,202,\N,\N,\N,\N
11362,22791,223,\N,\N,\N,\N
11363,8843,264,\N,\N,\N,\N
11364,14601,260,\N,\N,\N,\N
11365,9989,312,\N,\N,\N,\N
11366,17263,213,\N,\N,\N,\N
11367,26087,204,\N,\N,\N,\N
11368,2373,210,\N,\N,\N,\N
11369,18342,212,\N,\N,\N,\N
11370,20998,203,\N,\N,\N,\N
11371,18318,219,\N,\N,\N,\N
11372,16386,205,\N,\N,\N,\N
11373,30568,242,\N,\N,\N,\N
11374,30515,228,\N,\N,\N,\N
11375,144,224,\N,\N,\N,\N
11376,14209,215,\N,\N,\N,\N
11377,4733,222,\N,\N,\N,\N
11378,35913,208,\N,\N,\N,\N
11379,32954,229,\N,\N,\N,\N
11380,8299,220,\N,\N,\N,\N
11381,19723,227,\N,\N,\N,\N
11382,35138,218,\N,\N,\N,\N
11383,30442,234,\N,\N,\N,\N
11384,31739,235,\N,\N,\N,\N
11385,31785,237,\N,\N,\N,\N
11386,19481,233,\N,\N,\N,\N
11387,23888,209,\N,\N,\N,\N
11388,719,225,\N,\N,\N,\N
11389,11713,252,\N,\N,\N,\N
11390,21349,243,\N,\N,\N,\N
11391,17186,214,\N,\N,\N,\N
11392,22519,230,\N,\N,\N,\N
11393,22755,202,\N,\N,\N,\N
11394,36169,223,\N,\N,\N,\N
11395,38769,264,\N,\N,\N,\N
11396,16542,260,\N,\N,\N,\N
11397,33197,312,\N,\N,\N,\N
11398,1997,213,\N,\N,\N,\N
11399,33313,204,\N,\N,\N,\N
11400,22815,210,\N,\N,\N,\N
11401,3021,212,\N,\N,\N,\N
11402,35642,203,\N,\N,\N,\N
11403,9894,219,\N,\N,\N,\N
11404,899,205,\N,\N,\N,\N
11405,27076,242,\N,\N,\N,\N
11406,13914,228,\N,\N,\N,\N
11407,29231,224,\N,\N,\N,\N
11408,24426,215,\N,\N,\N,\N
11409,35621,222,\N,\N,\N,\N
11410,36036,208,\N,\N,\N,\N
11411,32580,229,\N,\N,\N,\N
11412,17802,220,\N,\N,\N,\N
11413,29123,227,\N,\N,\N,\N
11414,36947,218,\N,\N,\N,\N
11415,25226,234,\N,\N,\N,\N
11416,13667,235,\N,\N,\N,\N
11417,27810,237,\N,\N,\N,\N
11418,2565,233,\N,\N,\N,\N
11419,2893,209,\N,\N,\N,\N
11420,35343,225,\N,\N,\N,\N
11421,16974,252,\N,\N,\N,\N
11422,36299,243,\N,\N,\N,\N
11423,32046,214,\N,\N,\N,\N
11424,12505,230,\N,\N,\N,\N
11425,34234,202,\N,\N,\N,\N
11426,16853,223,\N,\N,\N,\N
11427,22790,264,\N,\N,\N,\N
11428,24397,260,\N,\N,\N,\N
11429,37717,312,\N,\N,\N,\N
11430,36127,213,\N,\N,\N,\N
11431,29968,204,\N,\N,\N,\N
11432,23581,210,\N,\N,\N,\N
11433,12007,212,\N,\N,\N,\N
11434,24963,203,\N,\N,\N,\N
11435,4485,219,\N,\N,\N,\N
11436,35047,205,\N,\N,\N,\N
11437,6778,242,\N,\N,\N,\N
11438,32863,228,\N,\N,\N,\N
11439,411,224,\N,\N,\N,\N
11440,3744,215,\N,\N,\N,\N
11441,28537,222,\N,\N,\N,\N
11442,13713,208,\N,\N,\N,\N
11443,3573,229,\N,\N,\N,\N
11444,11383,220,\N,\N,\N,\N
11445,33548,227,\N,\N,\N,\N
11446,6929,218,\N,\N,\N,\N
11447,9538,234,\N,\N,\N,\N
11448,19984,235,\N,\N,\N,\N
11449,14762,237,\N,\N,\N,\N
11450,1544,233,\N,\N,\N,\N
11451,6639,209,\N,\N,\N,\N
11452,23082,225,\N,\N,\N,\N
11453,28413,252,\N,\N,\N,\N
11454,16042,243,\N,\N,\N,\N
11455,7676,214,\N,\N,\N,\N
11456,18397,230,\N,\N,\N,\N
11457,21755,202,\N,\N,\N,\N
11458,29525,223,\N,\N,\N,\N
11459,31671,264,\N,\N,\N,\N
11460,8797,260,\N,\N,\N,\N
11461,19303,312,\N,\N,\N,\N
11462,14041,213,\N,\N,\N,\N
11463,466,204,\N,\N,\N,\N
11464,27425,210,\N,\N,\N,\N
11465,29888,212,\N,\N,\N,\N
11466,8902,203,\N,\N,\N,\N
11467,9493,219,\N,\N,\N,\N
11468,13254,205,\N,\N,\N,\N
11469,10281,242,\N,\N,\N,\N
11470,33151,228,\N,\N,\N,\N
11471,30510,224,\N,\N,\N,\N
11472,14211,215,\N,\N,\N,\N
11473,2927,222,\N,\N,\N,\N
11474,21330,208,\N,\N,\N,\N
11475,36581,229,\N,\N,\N,\N
11476,37320,220,\N,\N,\N,\N
11477,10465,227,\N,\N,\N,\N
11478,35188,218,\N,\N,\N,\N
11479,10917,234,\N,\N,\N,\N
11480,37952,235,\N,\N,\N,\N
11481,8788,237,\N,\N,\N,\N
11482,14053,233,\N,\N,\N,\N
11483,38441,209,\N,\N,\N,\N
11484,28107,225,\N,\N,\N,\N
11485,5562,252,\N,\N,\N,\N
11486,12335,243,\N,\N,\N,\N
11487,18275,214,\N,\N,\N,\N
11488,399,230,\N,\N,\N,\N
11489,24063,202,\N,\N,\N,\N
11490,17875,223,\N,\N,\N,\N
11491,20677,264,\N,\N,\N,\N
11492,18226,260,\N,\N,\N,\N
11493,16384,312,\N,\N,\N,\N
11494,18965,213,\N,\N,\N,\N
11495,19395,204,\N,\N,\N,\N
11496,29420,210,\N,\N,\N,\N
11497,23801,212,\N,\N,\N,\N
11498,31,203,\N,\N,\N,\N
11499,4028,219,\N,\N,\N,\N
11500,38057,205,\N,\N,\N,\N
11501,20375,242,\N,\N,\N,\N
11502,26621,228,\N,\N,\N,\N
11503,27391,224,\N,\N,\N,\N
11504,16610,215,\N,\N,\N,\N
11505,11778,222,\N,\N,\N,\N
11506,35783,208,\N,\N,\N,\N
11507,5255,229,\N,\N,\N,\N
11508,20297,220,\N,\N,\N,\N
11509,32960,227,\N,\N,\N,\N
11510,38694,218,\N,\N,\N,\N
11511,6318,234,\N,\N,\N,\N
11512,3484,235,\N,\N,\N,\N
11513,37956,237,\N,\N,\N,\N
11514,3324,233,\N,\N,\N,\N
11515,18886,209,\N,\N,\N,\N
11516,27680,225,\N,\N,\N,\N
11517,36133,252,\N,\N,\N,\N
11518,19016,243,\N,\N,\N,\N
11519,11883,214,\N,\N,\N,\N
11520,7873,230,\N,\N,\N,\N
11521,23342,202,\N,\N,\N,\N
11522,477,223,\N,\N,\N,\N
11523,18554,264,\N,\N,\N,\N
11524,13117,260,\N,\N,\N,\N
11525,25109,312,\N,\N,\N,\N
11526,38910,213,\N,\N,\N,\N
11527,16294,204,\N,\N,\N,\N
11528,35554,210,\N,\N,\N,\N
11529,3659,212,\N,\N,\N,\N
11530,12485,203,\N,\N,\N,\N
11531,21781,219,\N,\N,\N,\N
11532,17449,205,\N,\N,\N,\N
11533,12227,242,\N,\N,\N,\N
11534,10890,228,\N,\N,\N,\N
11535,36743,224,\N,\N,\N,\N
11536,24467,215,\N,\N,\N,\N
11537,14854,222,\N,\N,\N,\N
11538,39134,208,\N,\N,\N,\N
11539,26687,229,\N,\N,\N,\N
11540,33248,220,\N,\N,\N,\N
11541,2709,227,\N,\N,\N,\N
11542,30936,218,\N,\N,\N,\N
11543,1296,234,\N,\N,\N,\N
11544,22253,235,\N,\N,\N,\N
11545,21632,237,\N,\N,\N,\N
11546,15774,233,\N,\N,\N,\N
11547,28516,209,\N,\N,\N,\N
11548,14230,225,\N,\N,\N,\N
11549,6734,252,\N,\N,\N,\N
11550,39259,243,\N,\N,\N,\N
11551,11668,214,\N,\N,\N,\N
11552,38519,230,\N,\N,\N,\N
11553,30977,202,\N,\N,\N,\N
11554,32610,223,\N,\N,\N,\N
11555,23431,264,\N,\N,\N,\N
11556,23522,260,\N,\N,\N,\N
11557,2228,312,\N,\N,\N,\N
11558,21029,213,\N,\N,\N,\N
11559,23551,204,\N,\N,\N,\N
11560,5516,210,\N,\N,\N,\N
11561,31663,212,\N,\N,\N,\N
11562,18574,203,\N,\N,\N,\N
11563,10921,219,\N,\N,\N,\N
11564,34687,205,\N,\N,\N,\N
11565,38254,242,\N,\N,\N,\N
11566,26372,228,\N,\N,\N,\N
11567,15775,224,\N,\N,\N,\N
11568,32759,215,\N,\N,\N,\N
11569,8821,222,\N,\N,\N,\N
11570,13063,208,\N,\N,\N,\N
11571,9338,229,\N,\N,\N,\N
11572,31156,220,\N,\N,\N,\N
11573,25034,227,\N,\N,\N,\N
11574,29741,218,\N,\N,\N,\N
11575,8398,234,\N,\N,\N,\N
11576,7933,235,\N,\N,\N,\N
11577,38112,237,\N,\N,\N,\N
11578,11812,233,\N,\N,\N,\N
11579,26856,209,\N,\N,\N,\N
11580,5134,225,\N,\N,\N,\N
11581,26792,252,\N,\N,\N,\N
11582,16849,243,\N,\N,\N,\N
11583,39003,214,\N,\N,\N,\N
11584,16653,230,\N,\N,\N,\N
11585,33828,202,\N,\N,\N,\N
11586,30464,223,\N,\N,\N,\N
11587,25537,264,\N,\N,\N,\N
11588,8729,260,\N,\N,\N,\N
11589,34504,312,\N,\N,\N,\N
11590,39457,213,\N,\N,\N,\N
11591,25976,204,\N,\N,\N,\N
11592,17728,210,\N,\N,\N,\N
11593,3223,212,\N,\N,\N,\N
11594,13507,203,\N,\N,\N,\N
11595,20067,219,\N,\N,\N,\N
11596,14943,205,\N,\N,\N,\N
11597,14005,242,\N,\N,\N,\N
11598,32479,228,\N,\N,\N,\N
11599,30437,224,\N,\N,\N,\N
11600,347,215,\N,\N,\N,\N
11601,11834,222,\N,\N,\N,\N
11602,13433,208,\N,\N,\N,\N
11603,10015,229,\N,\N,\N,\N
11604,36527,220,\N,\N,\N,\N
11605,20054,227,\N,\N,\N,\N
11606,11110,218,\N,\N,\N,\N
11607,13026,234,\N,\N,\N,\N
11608,10705,235,\N,\N,\N,\N
11609,22207,237,\N,\N,\N,\N
11610,12156,233,\N,\N,\N,\N
11611,29784,209,\N,\N,\N,\N
11612,10105,225,\N,\N,\N,\N
11613,15440,252,\N,\N,\N,\N
11614,19827,243,\N,\N,\N,\N
11615,8144,214,\N,\N,\N,\N
11616,17210,230,\N,\N,\N,\N
11617,24170,202,\N,\N,\N,\N
11618,38672,223,\N,\N,\N,\N
11619,15955,264,\N,\N,\N,\N
11620,19943,260,\N,\N,\N,\N
11621,10789,312,\N,\N,\N,\N
11622,18382,213,\N,\N,\N,\N
11623,17866,204,\N,\N,\N,\N
11624,29469,210,\N,\N,\N,\N
11625,6868,212,\N,\N,\N,\N
11626,38339,203,\N,\N,\N,\N
11627,28908,219,\N,\N,\N,\N
11628,27760,205,\N,\N,\N,\N
11629,38678,242,\N,\N,\N,\N
11630,33930,228,\N,\N,\N,\N
11631,21274,224,\N,\N,\N,\N
11632,28281,215,\N,\N,\N,\N
11633,14054,222,\N,\N,\N,\N
11634,29719,208,\N,\N,\N,\N
11635,31646,229,\N,\N,\N,\N
11636,31816,220,\N,\N,\N,\N
11637,36365,227,\N,\N,\N,\N
11638,21053,218,\N,\N,\N,\N
11639,8623,234,\N,\N,\N,\N
11640,20148,235,\N,\N,\N,\N
11641,33671,237,\N,\N,\N,\N
11642,22003,233,\N,\N,\N,\N
11643,30907,209,\N,\N,\N,\N
11644,32800,225,\N,\N,\N,\N
11645,18240,252,\N,\N,\N,\N
11646,36922,243,\N,\N,\N,\N
11647,3945,214,\N,\N,\N,\N
11648,16192,230,\N,\N,\N,\N
11649,22949,202,\N,\N,\N,\N
11650,11342,223,\N,\N,\N,\N
11651,30703,264,\N,\N,\N,\N
11652,6766,260,\N,\N,\N,\N
11653,9673,312,\N,\N,\N,\N
11654,19900,213,\N,\N,\N,\N
11655,34003,204,\N,\N,\N,\N
11656,9222,210,\N,\N,\N,\N
11657,26121,212,\N,\N,\N,\N
11658,30609,203,\N,\N,\N,\N
11659,20459,219,\N,\N,\N,\N
11660,11719,205,\N,\N,\N,\N
11661,13102,242,\N,\N,\N,\N
11662,23346,228,\N,\N,\N,\N
11663,392,224,\N,\N,\N,\N
11664,11410,215,\N,\N,\N,\N
11665,10928,222,\N,\N,\N,\N
11666,7549,208,\N,\N,\N,\N
11667,9200,229,\N,\N,\N,\N
11668,37302,220,\N,\N,\N,\N
11669,30011,227,\N,\N,\N,\N
11670,31421,218,\N,\N,\N,\N
11671,30265,234,\N,\N,\N,\N
11672,19326,235,\N,\N,\N,\N
11673,34657,237,\N,\N,\N,\N
11674,19851,233,\N,\N,\N,\N
11675,3384,209,\N,\N,\N,\N
11676,37257,225,\N,\N,\N,\N
11677,20818,252,\N,\N,\N,\N
11678,14715,243,\N,\N,\N,\N
11679,7002,214,\N,\N,\N,\N
11680,22085,230,\N,\N,\N,\N
11681,6210,202,\N,\N,\N,\N
11682,39427,223,\N,\N,\N,\N
11683,13083,264,\N,\N,\N,\N
11684,16740,260,\N,\N,\N,\N
11685,34788,312,\N,\N,\N,\N
11686,31297,213,\N,\N,\N,\N
11687,2064,204,\N,\N,\N,\N
11688,38957,210,\N,\N,\N,\N
11689,19738,212,\N,\N,\N,\N
11690,30424,203,\N,\N,\N,\N
11691,15660,219,\N,\N,\N,\N
11692,10044,205,\N,\N,\N,\N
11693,10388,242,\N,\N,\N,\N
11694,24423,228,\N,\N,\N,\N
11695,6083,224,\N,\N,\N,\N
11696,12757,215,\N,\N,\N,\N
11697,39155,222,\N,\N,\N,\N
11698,25554,208,\N,\N,\N,\N
11699,26892,229,\N,\N,\N,\N
11700,11001,220,\N,\N,\N,\N
11701,27175,227,\N,\N,\N,\N
11702,28502,218,\N,\N,\N,\N
11703,25346,234,\N,\N,\N,\N
11704,30423,235,\N,\N,\N,\N
11705,37314,237,\N,\N,\N,\N
11706,8182,233,\N,\N,\N,\N
11707,19773,209,\N,\N,\N,\N
11708,27009,225,\N,\N,\N,\N
11709,5947,252,\N,\N,\N,\N
11710,20407,243,\N,\N,\N,\N
11711,13251,214,\N,\N,\N,\N
11712,33585,230,\N,\N,\N,\N
11713,23834,202,\N,\N,\N,\N
11714,38172,223,\N,\N,\N,\N
11715,29823,264,\N,\N,\N,\N
11716,29603,260,\N,\N,\N,\N
11717,37265,312,\N,\N,\N,\N
11718,34195,213,\N,\N,\N,\N
11719,26226,204,\N,\N,\N,\N
11720,7066,210,\N,\N,\N,\N
11721,998,212,\N,\N,\N,\N
11722,26222,203,\N,\N,\N,\N
11723,16543,219,\N,\N,\N,\N
11724,13451,205,\N,\N,\N,\N
11725,8527,242,\N,\N,\N,\N
11726,22135,228,\N,\N,\N,\N
11727,30099,224,\N,\N,\N,\N
11728,35968,215,\N,\N,\N,\N
11729,21780,222,\N,\N,\N,\N
11730,15641,208,\N,\N,\N,\N
11731,173,229,\N,\N,\N,\N
11732,39918,220,\N,\N,\N,\N
11733,6710,227,\N,\N,\N,\N
11734,38888,218,\N,\N,\N,\N
11735,14919,234,\N,\N,\N,\N
11736,850,235,\N,\N,\N,\N
11737,2621,237,\N,\N,\N,\N
11738,38079,233,\N,\N,\N,\N
11739,28529,209,\N,\N,\N,\N
11740,13007,225,\N,\N,\N,\N
11741,20865,252,\N,\N,\N,\N
11742,34374,243,\N,\N,\N,\N
11743,11359,214,\N,\N,\N,\N
11744,56,230,\N,\N,\N,\N
11745,25931,202,\N,\N,\N,\N
11746,36652,223,\N,\N,\N,\N
11747,15304,264,\N,\N,\N,\N
11748,1543,260,\N,\N,\N,\N
11749,33940,312,\N,\N,\N,\N
11750,39090,213,\N,\N,\N,\N
11751,14488,204,\N,\N,\N,\N
11752,16372,210,\N,\N,\N,\N
11753,6130,212,\N,\N,\N,\N
11754,21783,203,\N,\N,\N,\N
11755,37142,219,\N,\N,\N,\N
11756,32728,205,\N,\N,\N,\N
11757,38711,242,\N,\N,\N,\N
11758,39455,228,\N,\N,\N,\N
11759,39466,224,\N,\N,\N,\N
11760,14813,215,\N,\N,\N,\N
11761,7825,222,\N,\N,\N,\N
11762,3052,208,\N,\N,\N,\N
11763,22933,229,\N,\N,\N,\N
11764,23177,220,\N,\N,\N,\N
11765,26054,227,\N,\N,\N,\N
11766,36536,218,\N,\N,\N,\N
11767,25374,234,\N,\N,\N,\N
11768,27518,235,\N,\N,\N,\N
11769,24050,237,\N,\N,\N,\N
11770,644,233,\N,\N,\N,\N
11771,22894,209,\N,\N,\N,\N
11772,29279,225,\N,\N,\N,\N
11773,29362,252,\N,\N,\N,\N
11774,38301,243,\N,\N,\N,\N
11775,2272,214,\N,\N,\N,\N
11776,1060,230,\N,\N,\N,\N
11777,2706,202,\N,\N,\N,\N
11778,27033,223,\N,\N,\N,\N
11779,31229,264,\N,\N,\N,\N
11780,5452,260,\N,\N,\N,\N
11781,26516,312,\N,\N,\N,\N
11782,20125,213,\N,\N,\N,\N
11783,16787,204,\N,\N,\N,\N
11784,32380,210,\N,\N,\N,\N
11785,12382,212,\N,\N,\N,\N
11786,11052,203,\N,\N,\N,\N
11787,12118,219,\N,\N,\N,\N
11788,3693,205,\N,\N,\N,\N
11789,9836,242,\N,\N,\N,\N
11790,35198,228,\N,\N,\N,\N
11791,1607,224,\N,\N,\N,\N
11792,24451,215,\N,\N,\N,\N
11793,14497,222,\N,\N,\N,\N
11794,1740,208,\N,\N,\N,\N
11795,26449,229,\N,\N,\N,\N
11796,3590,220,\N,\N,\N,\N
11797,22445,227,\N,\N,\N,\N
11798,17808,218,\N,\N,\N,\N
11799,24111,234,\N,\N,\N,\N
11800,10861,235,\N,\N,\N,\N
11801,8940,237,\N,\N,\N,\N
11802,6977,233,\N,\N,\N,\N
11803,3335,209,\N,\N,\N,\N
11804,13862,225,\N,\N,\N,\N
11805,10834,252,\N,\N,\N,\N
11806,39822,243,\N,\N,\N,\N
11807,2741,214,\N,\N,\N,\N
11808,2210,230,\N,\N,\N,\N
11809,5833,202,\N,\N,\N,\N
11810,3872,223,\N,\N,\N,\N
11811,13147,264,\N,\N,\N,\N
11812,2678,260,\N,\N,\N,\N
11813,2514,312,\N,\N,\N,\N
11814,1108,213,\N,\N,\N,\N
11815,36682,204,\N,\N,\N,\N
11816,8167,210,\N,\N,\N,\N
11817,4390,212,\N,\N,\N,\N
11818,670,203,\N,\N,\N,\N
11819,18153,219,\N,\N,\N,\N
11820,20686,205,\N,\N,\N,\N
11821,8523,242,\N,\N,\N,\N
11822,8288,228,\N,\N,\N,\N
11823,26777,224,\N,\N,\N,\N
11824,24070,215,\N,\N,\N,\N
11825,12188,222,\N,\N,\N,\N
11826,3788,208,\N,\N,\N,\N
11827,945,229,\N,\N,\N,\N
11828,15152,220,\N,\N,\N,\N
11829,5251,227,\N,\N,\N,\N
11830,22092,218,\N,\N,\N,\N
11831,31690,234,\N,\N,\N,\N
11832,209,235,\N,\N,\N,\N
11833,36050,237,\N,\N,\N,\N
11834,28146,233,\N,\N,\N,\N
11835,21182,209,\N,\N,\N,\N
11836,37412,225,\N,\N,\N,\N
11837,20876,252,\N,\N,\N,\N
11838,25766,243,\N,\N,\N,\N
11839,6834,214,\N,\N,\N,\N
11840,29414,230,\N,\N,\N,\N
11841,20272,202,\N,\N,\N,\N
11842,21675,223,\N,\N,\N,\N
11843,35851,264,\N,\N,\N,\N
11844,15861,260,\N,\N,\N,\N
11845,39293,312,\N,\N,\N,\N
11846,13599,213,\N,\N,\N,\N
11847,35652,204,\N,\N,\N,\N
11848,7133,210,\N,\N,\N,\N
11849,17419,212,\N,\N,\N,\N
11850,25506,203,\N,\N,\N,\N
11851,11844,219,\N,\N,\N,\N
11852,36628,205,\N,\N,\N,\N
11853,18734,242,\N,\N,\N,\N
11854,2191,228,\N,\N,\N,\N
11855,12572,224,\N,\N,\N,\N
11856,10975,215,\N,\N,\N,\N
11857,29812,222,\N,\N,\N,\N
11858,151,208,\N,\N,\N,\N
11859,19600,229,\N,\N,\N,\N
11860,13826,220,\N,\N,\N,\N
11861,19739,227,\N,\N,\N,\N
11862,9551,218,\N,\N,\N,\N
11863,17338,234,\N,\N,\N,\N
11864,18531,235,\N,\N,\N,\N
11865,36263,237,\N,\N,\N,\N
11866,39083,233,\N,\N,\N,\N
11867,13166,209,\N,\N,\N,\N
11868,11783,225,\N,\N,\N,\N
11869,29987,252,\N,\N,\N,\N
11870,21916,243,\N,\N,\N,\N
11871,35918,214,\N,\N,\N,\N
11872,9909,230,\N,\N,\N,\N
11873,17047,202,\N,\N,\N,\N
11874,17458,223,\N,\N,\N,\N
11875,4465,264,\N,\N,\N,\N
11876,4472,260,\N,\N,\N,\N
11877,8885,312,\N,\N,\N,\N
11878,9376,213,\N,\N,\N,\N
11879,30262,204,\N,\N,\N,\N
11880,6638,210,\N,\N,\N,\N
11881,15313,212,\N,\N,\N,\N
11882,28066,203,\N,\N,\N,\N
11883,22162,219,\N,\N,\N,\N
11884,34277,205,\N,\N,\N,\N
11885,24513,242,\N,\N,\N,\N
11886,10077,228,\N,\N,\N,\N
11887,21373,224,\N,\N,\N,\N
11888,14456,215,\N,\N,\N,\N
11889,3452,222,\N,\N,\N,\N
11890,21381,208,\N,\N,\N,\N
11891,38943,229,\N,\N,\N,\N
11892,25387,220,\N,\N,\N,\N
11893,16907,227,\N,\N,\N,\N
11894,11627,218,\N,\N,\N,\N
11895,29211,234,\N,\N,\N,\N
11896,32392,235,\N,\N,\N,\N
11897,30027,237,\N,\N,\N,\N
11898,13094,233,\N,\N,\N,\N
11899,42,209,\N,\N,\N,\N
11900,23191,225,\N,\N,\N,\N
11901,1488,252,\N,\N,\N,\N
11902,29618,243,\N,\N,\N,\N
11903,6150,214,\N,\N,\N,\N
11904,30613,230,\N,\N,\N,\N
11905,18629,202,\N,\N,\N,\N
11906,19135,223,\N,\N,\N,\N
11907,5298,264,\N,\N,\N,\N
11908,20915,260,\N,\N,\N,\N
11909,3178,312,\N,\N,\N,\N
11910,11679,213,\N,\N,\N,\N
11911,35793,204,\N,\N,\N,\N
11912,2676,210,\N,\N,\N,\N
11913,9212,212,\N,\N,\N,\N
11914,34177,203,\N,\N,\N,\N
11915,22863,219,\N,\N,\N,\N
11916,547,205,\N,\N,\N,\N
11917,12290,242,\N,\N,\N,\N
11918,16971,228,\N,\N,\N,\N
11919,14224,224,\N,\N,\N,\N
11920,22491,215,\N,\N,\N,\N
11921,15690,222,\N,\N,\N,\N
11922,21236,208,\N,\N,\N,\N
11923,16218,229,\N,\N,\N,\N
11924,27815,220,\N,\N,\N,\N
11925,3619,227,\N,\N,\N,\N
11926,12724,218,\N,\N,\N,\N
11927,29322,234,\N,\N,\N,\N
11928,14203,235,\N,\N,\N,\N
11929,34420,237,\N,\N,\N,\N
11930,31219,233,\N,\N,\N,\N
11931,21898,209,\N,\N,\N,\N
11932,27829,225,\N,\N,\N,\N
11933,17539,252,\N,\N,\N,\N
11934,29631,243,\N,\N,\N,\N
11935,13902,214,\N,\N,\N,\N
11936,4772,230,\N,\N,\N,\N
11937,21821,202,\N,\N,\N,\N
11938,6286,223,\N,\N,\N,\N
11939,7497,264,\N,\N,\N,\N
11940,7274,260,\N,\N,\N,\N
11941,36398,312,\N,\N,\N,\N
11942,11581,213,\N,\N,\N,\N
11943,12244,204,\N,\N,\N,\N
11944,25324,210,\N,\N,\N,\N
11945,34910,212,\N,\N,\N,\N
11946,19808,203,\N,\N,\N,\N
11947,28374,219,\N,\N,\N,\N
11948,21799,205,\N,\N,\N,\N
11949,33710,242,\N,\N,\N,\N
11950,33124,228,\N,\N,\N,\N
11951,33568,224,\N,\N,\N,\N
11952,1182,215,\N,\N,\N,\N
11953,7991,222,\N,\N,\N,\N
11954,12648,208,\N,\N,\N,\N
11955,15555,229,\N,\N,\N,\N
11956,16336,220,\N,\N,\N,\N
11957,35666,227,\N,\N,\N,\N
11958,34640,218,\N,\N,\N,\N
11959,28624,234,\N,\N,\N,\N
11960,12704,235,\N,\N,\N,\N
11961,9692,237,\N,\N,\N,\N
11962,37406,233,\N,\N,\N,\N
11963,1619,209,\N,\N,\N,\N
11964,31537,225,\N,\N,\N,\N
11965,3334,252,\N,\N,\N,\N
11966,8637,243,\N,\N,\N,\N
11967,33106,214,\N,\N,\N,\N
11968,15396,230,\N,\N,\N,\N
11969,11600,202,\N,\N,\N,\N
11970,21902,223,\N,\N,\N,\N
11971,1139,264,\N,\N,\N,\N
11972,2955,260,\N,\N,\N,\N
11973,19769,312,\N,\N,\N,\N
11974,24971,213,\N,\N,\N,\N
11975,22505,204,\N,\N,\N,\N
11976,19563,210,\N,\N,\N,\N
11977,20048,212,\N,\N,\N,\N
11978,10528,203,\N,\N,\N,\N
11979,4181,219,\N,\N,\N,\N
11980,9324,205,\N,\N,\N,\N
11981,21762,242,\N,\N,\N,\N
11982,4351,228,\N,\N,\N,\N
11983,24143,224,\N,\N,\N,\N
11984,36206,215,\N,\N,\N,\N
11985,17224,222,\N,\N,\N,\N
11986,4060,208,\N,\N,\N,\N
11987,34722,229,\N,\N,\N,\N
11988,30494,220,\N,\N,\N,\N
11989,25117,227,\N,\N,\N,\N
11990,2837,218,\N,\N,\N,\N
11991,1569,234,\N,\N,\N,\N
11992,27946,235,\N,\N,\N,\N
11993,23607,237,\N,\N,\N,\N
11994,22428,233,\N,\N,\N,\N
11995,6825,209,\N,\N,\N,\N
11996,32405,225,\N,\N,\N,\N
11997,36312,252,\N,\N,\N,\N
11998,599,243,\N,\N,\N,\N
11999,12698,214,\N,\N,\N,\N
12000,14140,230,\N,\N,\N,\N
12001,36996,202,\N,\N,\N,\N
12002,17916,223,\N,\N,\N,\N
12003,22998,264,\N,\N,\N,\N
12004,25310,260,\N,\N,\N,\N
12005,37811,312,\N,\N,\N,\N
12006,36074,213,\N,\N,\N,\N
12007,5096,204,\N,\N,\N,\N
12008,10926,210,\N,\N,\N,\N
12009,6963,212,\N,\N,\N,\N
12010,25024,203,\N,\N,\N,\N
12011,31514,219,\N,\N,\N,\N
12012,12095,205,\N,\N,\N,\N
12013,29498,242,\N,\N,\N,\N
12014,18271,228,\N,\N,\N,\N
12015,23765,224,\N,\N,\N,\N
12016,19801,215,\N,\N,\N,\N
12017,37757,222,\N,\N,\N,\N
12018,31379,208,\N,\N,\N,\N
12019,28091,229,\N,\N,\N,\N
12020,14146,220,\N,\N,\N,\N
12021,38448,227,\N,\N,\N,\N
12022,35037,218,\N,\N,\N,\N
12023,21914,234,\N,\N,\N,\N
12024,7420,235,\N,\N,\N,\N
12025,12019,237,\N,\N,\N,\N
12026,18247,233,\N,\N,\N,\N
12027,23985,209,\N,\N,\N,\N
12028,33418,225,\N,\N,\N,\N
12029,1942,252,\N,\N,\N,\N
12030,4661,243,\N,\N,\N,\N
12031,11016,214,\N,\N,\N,\N
12032,27977,230,\N,\N,\N,\N
12033,6213,202,\N,\N,\N,\N
12034,10258,223,\N,\N,\N,\N
12035,36409,264,\N,\N,\N,\N
12036,33431,260,\N,\N,\N,\N
12037,7598,312,\N,\N,\N,\N
12038,5926,213,\N,\N,\N,\N
12039,24653,204,\N,\N,\N,\N
12040,29429,210,\N,\N,\N,\N
12041,12202,212,\N,\N,\N,\N
12042,32143,203,\N,\N,\N,\N
12043,4396,219,\N,\N,\N,\N
12044,25017,205,\N,\N,\N,\N
12045,30311,242,\N,\N,\N,\N
12046,20224,228,\N,\N,\N,\N
12047,6420,224,\N,\N,\N,\N
12048,11653,215,\N,\N,\N,\N
12049,25649,222,\N,\N,\N,\N
12050,22356,208,\N,\N,\N,\N
12051,12148,229,\N,\N,\N,\N
12052,9960,220,\N,\N,\N,\N
12053,32588,227,\N,\N,\N,\N
12054,37194,218,\N,\N,\N,\N
12055,23005,234,\N,\N,\N,\N
12056,20201,235,\N,\N,\N,\N
12057,16915,237,\N,\N,\N,\N
12058,19532,233,\N,\N,\N,\N
12059,14027,209,\N,\N,\N,\N
12060,3778,225,\N,\N,\N,\N
12061,28685,252,\N,\N,\N,\N
12062,1185,243,\N,\N,\N,\N
12063,29431,214,\N,\N,\N,\N
12064,9087,230,\N,\N,\N,\N
12065,4595,202,\N,\N,\N,\N
12066,14792,223,\N,\N,\N,\N
12067,37126,264,\N,\N,\N,\N
12068,10766,260,\N,\N,\N,\N
12069,35190,312,\N,\N,\N,\N
12070,21669,213,\N,\N,\N,\N
12071,26248,204,\N,\N,\N,\N
12072,38924,210,\N,\N,\N,\N
12073,11589,212,\N,\N,\N,\N
12074,39349,203,\N,\N,\N,\N
12075,21419,219,\N,\N,\N,\N
12076,22212,205,\N,\N,\N,\N
12077,23922,242,\N,\N,\N,\N
12078,38262,228,\N,\N,\N,\N
12079,8682,224,\N,\N,\N,\N
12080,33136,215,\N,\N,\N,\N
12081,11626,222,\N,\N,\N,\N
12082,19281,208,\N,\N,\N,\N
12083,21603,229,\N,\N,\N,\N
12084,32478,220,\N,\N,\N,\N
12085,28831,227,\N,\N,\N,\N
12086,8896,218,\N,\N,\N,\N
12087,14449,234,\N,\N,\N,\N
12088,32128,235,\N,\N,\N,\N
12089,5066,237,\N,\N,\N,\N
12090,15724,233,\N,\N,\N,\N
12091,22914,209,\N,\N,\N,\N
12092,9969,225,\N,\N,\N,\N
12093,2513,252,\N,\N,\N,\N
12094,11194,243,\N,\N,\N,\N
12095,18661,214,\N,\N,\N,\N
12096,32562,230,\N,\N,\N,\N
12097,687,202,\N,\N,\N,\N
12098,20038,223,\N,\N,\N,\N
12099,21035,264,\N,\N,\N,\N
12100,25519,260,\N,\N,\N,\N
12101,7023,312,\N,\N,\N,\N
12102,29425,213,\N,\N,\N,\N
12103,38598,204,\N,\N,\N,\N
12104,5168,210,\N,\N,\N,\N
12105,37193,212,\N,\N,\N,\N
12106,38659,203,\N,\N,\N,\N
12107,36770,219,\N,\N,\N,\N
12108,11329,205,\N,\N,\N,\N
12109,4070,242,\N,\N,\N,\N
12110,15091,228,\N,\N,\N,\N
12111,21712,224,\N,\N,\N,\N
12112,24081,215,\N,\N,\N,\N
12113,25730,222,\N,\N,\N,\N
12114,22765,208,\N,\N,\N,\N
12115,779,229,\N,\N,\N,\N
12116,1529,220,\N,\N,\N,\N
12117,10213,227,\N,\N,\N,\N
12118,26125,218,\N,\N,\N,\N
12119,34957,234,\N,\N,\N,\N
12120,24196,235,\N,\N,\N,\N
12121,26179,237,\N,\N,\N,\N
12122,12164,233,\N,\N,\N,\N
12123,24727,209,\N,\N,\N,\N
12124,6009,225,\N,\N,\N,\N
12125,31662,252,\N,\N,\N,\N
12126,27804,243,\N,\N,\N,\N
12127,5922,214,\N,\N,\N,\N
12128,33281,230,\N,\N,\N,\N
12129,19044,202,\N,\N,\N,\N
12130,37468,223,\N,\N,\N,\N
12131,30505,264,\N,\N,\N,\N
12132,6162,260,\N,\N,\N,\N
12133,18325,312,\N,\N,\N,\N
12134,8181,213,\N,\N,\N,\N
12135,29297,204,\N,\N,\N,\N
12136,20685,210,\N,\N,\N,\N
12137,9255,212,\N,\N,\N,\N
12138,20833,203,\N,\N,\N,\N
12139,22220,219,\N,\N,\N,\N
12140,10384,205,\N,\N,\N,\N
12141,28797,242,\N,\N,\N,\N
12142,24435,228,\N,\N,\N,\N
12143,26894,224,\N,\N,\N,\N
12144,20080,215,\N,\N,\N,\N
12145,34803,222,\N,\N,\N,\N
12146,3755,208,\N,\N,\N,\N
12147,39719,229,\N,\N,\N,\N
12148,8277,220,\N,\N,\N,\N
12149,14631,227,\N,\N,\N,\N
12150,39125,218,\N,\N,\N,\N
12151,6369,234,\N,\N,\N,\N
12152,22645,235,\N,\N,\N,\N
12153,37535,237,\N,\N,\N,\N
12154,7571,233,\N,\N,\N,\N
12155,29538,209,\N,\N,\N,\N
12156,13376,225,\N,\N,\N,\N
12157,37590,252,\N,\N,\N,\N
12158,16313,243,\N,\N,\N,\N
12159,29022,214,\N,\N,\N,\N
12160,16789,230,\N,\N,\N,\N
12161,8374,202,\N,\N,\N,\N
12162,324,223,\N,\N,\N,\N
12163,18655,264,\N,\N,\N,\N
12164,20544,260,\N,\N,\N,\N
12165,23248,312,\N,\N,\N,\N
12166,21779,213,\N,\N,\N,\N
12167,32851,204,\N,\N,\N,\N
12168,3205,210,\N,\N,\N,\N
12169,18663,212,\N,\N,\N,\N
12170,6243,203,\N,\N,\N,\N
12171,32716,219,\N,\N,\N,\N
12172,6135,205,\N,\N,\N,\N
12173,2828,242,\N,\N,\N,\N
12174,39462,228,\N,\N,\N,\N
12175,32504,224,\N,\N,\N,\N
12176,34350,215,\N,\N,\N,\N
12177,31053,222,\N,\N,\N,\N
12178,30344,208,\N,\N,\N,\N
12179,7883,229,\N,\N,\N,\N
12180,16242,220,\N,\N,\N,\N
12181,24116,227,\N,\N,\N,\N
12182,10515,218,\N,\N,\N,\N
12183,18183,234,\N,\N,\N,\N
12184,15393,235,\N,\N,\N,\N
12185,15149,237,\N,\N,\N,\N
12186,22635,233,\N,\N,\N,\N
12187,26916,209,\N,\N,\N,\N
12188,21168,225,\N,\N,\N,\N
12189,17890,252,\N,\N,\N,\N
12190,23936,243,\N,\N,\N,\N
12191,3844,214,\N,\N,\N,\N
12192,289,230,\N,\N,\N,\N
12193,27590,202,\N,\N,\N,\N
12194,31766,223,\N,\N,\N,\N
12195,31105,264,\N,\N,\N,\N
12196,13526,260,\N,\N,\N,\N
12197,24366,312,\N,\N,\N,\N
12198,27851,213,\N,\N,\N,\N
12199,6125,204,\N,\N,\N,\N
12200,38018,210,\N,\N,\N,\N
12201,30727,212,\N,\N,\N,\N
12202,35552,203,\N,\N,\N,\N
12203,33783,219,\N,\N,\N,\N
12204,13208,205,\N,\N,\N,\N
12205,26168,242,\N,\N,\N,\N
12206,38220,228,\N,\N,\N,\N
12207,15500,224,\N,\N,\N,\N
12208,35804,215,\N,\N,\N,\N
12209,10780,222,\N,\N,\N,\N
12210,22270,208,\N,\N,\N,\N
12211,28101,229,\N,\N,\N,\N
12212,29808,220,\N,\N,\N,\N
12213,3157,227,\N,\N,\N,\N
12214,36505,218,\N,\N,\N,\N
12215,2263,234,\N,\N,\N,\N
12216,33729,235,\N,\N,\N,\N
12217,39953,237,\N,\N,\N,\N
12218,8820,233,\N,\N,\N,\N
12219,15550,209,\N,\N,\N,\N
12220,14951,225,\N,\N,\N,\N
12221,33722,252,\N,\N,\N,\N
12222,1521,243,\N,\N,\N,\N
12223,30746,214,\N,\N,\N,\N
12224,4470,230,\N,\N,\N,\N
12225,22818,202,\N,\N,\N,\N
12226,25325,223,\N,\N,\N,\N
12227,38443,264,\N,\N,\N,\N
12228,33240,260,\N,\N,\N,\N
12229,25286,312,\N,\N,\N,\N
12230,20621,213,\N,\N,\N,\N
12231,37603,204,\N,\N,\N,\N
12232,20368,210,\N,\N,\N,\N
12233,39847,212,\N,\N,\N,\N
12234,14999,203,\N,\N,\N,\N
12235,19260,219,\N,\N,\N,\N
12236,10253,205,\N,\N,\N,\N
12237,28756,242,\N,\N,\N,\N
12238,24794,228,\N,\N,\N,\N
12239,13662,224,\N,\N,\N,\N
12240,3827,215,\N,\N,\N,\N
12241,13325,222,\N,\N,\N,\N
12242,36629,208,\N,\N,\N,\N
12243,33808,229,\N,\N,\N,\N
12244,1136,220,\N,\N,\N,\N
12245,8713,227,\N,\N,\N,\N
12246,9576,218,\N,\N,\N,\N
12247,1421,234,\N,\N,\N,\N
12248,39129,235,\N,\N,\N,\N
12249,8276,237,\N,\N,\N,\N
12250,33325,233,\N,\N,\N,\N
12251,18902,209,\N,\N,\N,\N
12252,1200,225,\N,\N,\N,\N
12253,39271,252,\N,\N,\N,\N
12254,31667,243,\N,\N,\N,\N
12255,19557,214,\N,\N,\N,\N
12256,10676,230,\N,\N,\N,\N
12257,38055,202,\N,\N,\N,\N
12258,2771,223,\N,\N,\N,\N
12259,5435,264,\N,\N,\N,\N
12260,16817,260,\N,\N,\N,\N
12261,3500,312,\N,\N,\N,\N
12262,820,213,\N,\N,\N,\N
12263,24378,204,\N,\N,\N,\N
12264,9812,210,\N,\N,\N,\N
12265,20238,212,\N,\N,\N,\N
12266,7777,203,\N,\N,\N,\N
12267,6038,219,\N,\N,\N,\N
12268,3950,205,\N,\N,\N,\N
12269,39874,242,\N,\N,\N,\N
12270,30627,228,\N,\N,\N,\N
12271,20900,224,\N,\N,\N,\N
12272,37978,215,\N,\N,\N,\N
12273,15421,222,\N,\N,\N,\N
12274,22831,208,\N,\N,\N,\N
12275,18091,229,\N,\N,\N,\N
12276,23630,220,\N,\N,\N,\N
12277,19097,227,\N,\N,\N,\N
12278,18553,218,\N,\N,\N,\N
12279,37587,234,\N,\N,\N,\N
12280,5850,235,\N,\N,\N,\N
12281,14610,237,\N,\N,\N,\N
12282,23858,233,\N,\N,\N,\N
12283,35924,209,\N,\N,\N,\N
12284,21509,225,\N,\N,\N,\N
12285,24035,252,\N,\N,\N,\N
12286,17428,243,\N,\N,\N,\N
12287,11238,214,\N,\N,\N,\N
12288,7409,230,\N,\N,\N,\N
12289,32230,202,\N,\N,\N,\N
12290,27269,223,\N,\N,\N,\N
12291,17705,264,\N,\N,\N,\N
12292,13256,260,\N,\N,\N,\N
12293,27063,312,\N,\N,\N,\N
12294,13792,213,\N,\N,\N,\N
12295,9683,204,\N,\N,\N,\N
12296,39019,210,\N,\N,\N,\N
12297,2752,212,\N,\N,\N,\N
12298,31089,203,\N,\N,\N,\N
12299,17031,219,\N,\N,\N,\N
12300,36389,205,\N,\N,\N,\N
12301,31741,242,\N,\N,\N,\N
12302,39205,228,\N,\N,\N,\N
12303,16132,224,\N,\N,\N,\N
12304,25568,215,\N,\N,\N,\N
12305,10635,222,\N,\N,\N,\N
12306,27003,208,\N,\N,\N,\N
12307,3507,229,\N,\N,\N,\N
12308,23700,220,\N,\N,\N,\N
12309,11872,227,\N,\N,\N,\N
12310,26316,218,\N,\N,\N,\N
12311,7026,234,\N,\N,\N,\N
12312,16649,235,\N,\N,\N,\N
12313,10299,237,\N,\N,\N,\N
12314,38539,233,\N,\N,\N,\N
12315,32294,209,\N,\N,\N,\N
12316,21500,225,\N,\N,\N,\N
12317,13435,252,\N,\N,\N,\N
12318,20692,243,\N,\N,\N,\N
12319,27526,214,\N,\N,\N,\N
12320,20413,230,\N,\N,\N,\N
12321,28636,202,\N,\N,\N,\N
12322,13741,223,\N,\N,\N,\N
12323,2875,264,\N,\N,\N,\N
12324,16020,260,\N,\N,\N,\N
12325,8090,312,\N,\N,\N,\N
12326,34823,213,\N,\N,\N,\N
12327,21677,204,\N,\N,\N,\N
12328,6507,210,\N,\N,\N,\N
12329,29620,212,\N,\N,\N,\N
12330,39429,203,\N,\N,\N,\N
12331,37494,219,\N,\N,\N,\N
12332,23036,205,\N,\N,\N,\N
12333,22781,242,\N,\N,\N,\N
12334,17637,228,\N,\N,\N,\N
12335,15786,224,\N,\N,\N,\N
12336,6486,215,\N,\N,\N,\N
12337,33834,222,\N,\N,\N,\N
12338,23588,208,\N,\N,\N,\N
12339,1154,229,\N,\N,\N,\N
12340,3268,220,\N,\N,\N,\N
12341,38393,227,\N,\N,\N,\N
12342,29668,218,\N,\N,\N,\N
12343,29674,234,\N,\N,\N,\N
12344,23538,235,\N,\N,\N,\N
12345,10847,237,\N,\N,\N,\N
12346,37228,233,\N,\N,\N,\N
12347,6328,209,\N,\N,\N,\N
12348,25792,225,\N,\N,\N,\N
12349,14621,252,\N,\N,\N,\N
12350,16716,243,\N,\N,\N,\N
12351,33344,214,\N,\N,\N,\N
12352,14924,230,\N,\N,\N,\N
12353,33463,202,\N,\N,\N,\N
12354,30282,223,\N,\N,\N,\N
12355,28133,264,\N,\N,\N,\N
12356,22462,260,\N,\N,\N,\N
12357,38083,312,\N,\N,\N,\N
12358,22807,213,\N,\N,\N,\N
12359,14682,204,\N,\N,\N,\N
12360,12304,210,\N,\N,\N,\N
12361,5927,212,\N,\N,\N,\N
12362,17151,203,\N,\N,\N,\N
12363,27130,219,\N,\N,\N,\N
12364,8489,205,\N,\N,\N,\N
12365,31164,242,\N,\N,\N,\N
12366,3197,228,\N,\N,\N,\N
12367,36563,224,\N,\N,\N,\N
12368,1759,215,\N,\N,\N,\N
12369,38128,222,\N,\N,\N,\N
12370,19803,208,\N,\N,\N,\N
12371,1815,229,\N,\N,\N,\N
12372,22619,220,\N,\N,\N,\N
12373,30407,227,\N,\N,\N,\N
12374,31968,218,\N,\N,\N,\N
12375,12981,234,\N,\N,\N,\N
12376,14126,235,\N,\N,\N,\N
12377,27179,237,\N,\N,\N,\N
12378,36791,233,\N,\N,\N,\N
12379,15714,209,\N,\N,\N,\N
12380,29406,225,\N,\N,\N,\N
12381,3465,252,\N,\N,\N,\N
12382,16270,243,\N,\N,\N,\N
12383,32559,214,\N,\N,\N,\N
12384,29919,230,\N,\N,\N,\N
12385,23679,202,\N,\N,\N,\N
12386,9147,223,\N,\N,\N,\N
12387,22937,264,\N,\N,\N,\N
12388,31300,260,\N,\N,\N,\N
12389,29182,312,\N,\N,\N,\N
12390,12120,213,\N,\N,\N,\N
12391,11470,204,\N,\N,\N,\N
12392,853,210,\N,\N,\N,\N
12393,22926,212,\N,\N,\N,\N
12394,4402,203,\N,\N,\N,\N
12395,865,219,\N,\N,\N,\N
12396,27464,205,\N,\N,\N,\N
12397,5949,242,\N,\N,\N,\N
12398,17949,228,\N,\N,\N,\N
12399,9456,224,\N,\N,\N,\N
12400,16799,215,\N,\N,\N,\N
12401,33484,222,\N,\N,\N,\N
12402,3923,208,\N,\N,\N,\N
12403,26623,229,\N,\N,\N,\N
12404,7288,220,\N,\N,\N,\N
12405,35902,227,\N,\N,\N,\N
12406,22307,218,\N,\N,\N,\N
12407,39832,234,\N,\N,\N,\N
12408,36822,235,\N,\N,\N,\N
12409,24290,237,\N,\N,\N,\N
12410,3026,233,\N,\N,\N,\N
12411,31650,209,\N,\N,\N,\N
12412,558,225,\N,\N,\N,\N
12413,28731,252,\N,\N,\N,\N
12414,17220,243,\N,\N,\N,\N
12415,22089,214,\N,\N,\N,\N
12416,3663,230,\N,\N,\N,\N
12417,38027,202,\N,\N,\N,\N
12418,7404,223,\N,\N,\N,\N
12419,5045,264,\N,\N,\N,\N
12420,21082,260,\N,\N,\N,\N
12421,20050,312,\N,\N,\N,\N
12422,29296,213,\N,\N,\N,\N
12423,32385,204,\N,\N,\N,\N
12424,26751,210,\N,\N,\N,\N
12425,11994,212,\N,\N,\N,\N
12426,35636,203,\N,\N,\N,\N
12427,11253,219,\N,\N,\N,\N
12428,38774,205,\N,\N,\N,\N
12429,5689,242,\N,\N,\N,\N
12430,29015,228,\N,\N,\N,\N
12431,11576,224,\N,\N,\N,\N
12432,26890,215,\N,\N,\N,\N
12433,10853,222,\N,\N,\N,\N
12434,33481,208,\N,\N,\N,\N
12435,1589,229,\N,\N,\N,\N
12436,36368,220,\N,\N,\N,\N
12437,3740,227,\N,\N,\N,\N
12438,15605,218,\N,\N,\N,\N
12439,38785,234,\N,\N,\N,\N
12440,14025,235,\N,\N,\N,\N
12441,24473,237,\N,\N,\N,\N
12442,538,233,\N,\N,\N,\N
12443,11991,209,\N,\N,\N,\N
12444,12375,225,\N,\N,\N,\N
12445,22601,252,\N,\N,\N,\N
12446,17319,243,\N,\N,\N,\N
12447,16388,214,\N,\N,\N,\N
12448,10170,230,\N,\N,\N,\N
12449,30604,202,\N,\N,\N,\N
12450,21548,223,\N,\N,\N,\N
12451,11770,264,\N,\N,\N,\N
12452,14401,260,\N,\N,\N,\N
12453,9025,312,\N,\N,\N,\N
12454,37397,213,\N,\N,\N,\N
12455,12340,204,\N,\N,\N,\N
12456,9610,210,\N,\N,\N,\N
12457,17897,212,\N,\N,\N,\N
12458,5721,203,\N,\N,\N,\N
12459,15459,219,\N,\N,\N,\N
12460,33088,205,\N,\N,\N,\N
12461,16355,242,\N,\N,\N,\N
12462,24679,228,\N,\N,\N,\N
12463,13559,224,\N,\N,\N,\N
12464,12159,215,\N,\N,\N,\N
12465,5694,222,\N,\N,\N,\N
12466,8076,208,\N,\N,\N,\N
12467,18849,229,\N,\N,\N,\N
12468,25601,220,\N,\N,\N,\N
12469,30642,227,\N,\N,\N,\N
12470,10229,218,\N,\N,\N,\N
12471,39702,234,\N,\N,\N,\N
12472,19971,235,\N,\N,\N,\N
12473,16465,237,\N,\N,\N,\N
12474,7029,233,\N,\N,\N,\N
12475,25407,209,\N,\N,\N,\N
12476,37040,225,\N,\N,\N,\N
12477,11757,252,\N,\N,\N,\N
12478,35661,243,\N,\N,\N,\N
12479,29447,214,\N,\N,\N,\N
12480,16124,230,\N,\N,\N,\N
12481,34938,202,\N,\N,\N,\N
12482,29409,223,\N,\N,\N,\N
12483,27255,264,\N,\N,\N,\N
12484,3725,260,\N,\N,\N,\N
12485,34084,312,\N,\N,\N,\N
12486,19539,213,\N,\N,\N,\N
12487,6122,204,\N,\N,\N,\N
12488,17209,210,\N,\N,\N,\N
12489,36978,212,\N,\N,\N,\N
12490,18039,203,\N,\N,\N,\N
12491,22264,219,\N,\N,\N,\N
12492,13553,205,\N,\N,\N,\N
12493,5091,242,\N,\N,\N,\N
12494,38156,228,\N,\N,\N,\N
12495,18808,224,\N,\N,\N,\N
12496,6296,215,\N,\N,\N,\N
12497,1303,222,\N,\N,\N,\N
12498,10415,208,\N,\N,\N,\N
12499,20380,229,\N,\N,\N,\N
12500,7144,220,\N,\N,\N,\N
12501,4652,227,\N,\N,\N,\N
12502,21933,218,\N,\N,\N,\N
12503,12946,234,\N,\N,\N,\N
12504,19420,235,\N,\N,\N,\N
12505,10457,237,\N,\N,\N,\N
12506,25809,233,\N,\N,\N,\N
12507,32396,209,\N,\N,\N,\N
12508,3623,225,\N,\N,\N,\N
12509,3572,252,\N,\N,\N,\N
12510,16619,243,\N,\N,\N,\N
12511,11084,214,\N,\N,\N,\N
12512,4698,230,\N,\N,\N,\N
12513,18653,202,\N,\N,\N,\N
12514,20493,223,\N,\N,\N,\N
12515,8449,264,\N,\N,\N,\N
12516,38597,260,\N,\N,\N,\N
12517,29575,312,\N,\N,\N,\N
12518,25767,213,\N,\N,\N,\N
12519,21722,204,\N,\N,\N,\N
12520,318,210,\N,\N,\N,\N
12521,32318,212,\N,\N,\N,\N
12522,9396,203,\N,\N,\N,\N
12523,26535,219,\N,\N,\N,\N
12524,8306,205,\N,\N,\N,\N
12525,2923,242,\N,\N,\N,\N
12526,4742,228,\N,\N,\N,\N
12527,6347,224,\N,\N,\N,\N
12528,8086,215,\N,\N,\N,\N
12529,38041,222,\N,\N,\N,\N
12530,29521,208,\N,\N,\N,\N
12531,23682,229,\N,\N,\N,\N
12532,22147,220,\N,\N,\N,\N
12533,32041,227,\N,\N,\N,\N
12534,27188,218,\N,\N,\N,\N
12535,37685,234,\N,\N,\N,\N
12536,13137,235,\N,\N,\N,\N
12537,24018,237,\N,\N,\N,\N
12538,26257,233,\N,\N,\N,\N
12539,34610,209,\N,\N,\N,\N
12540,36421,225,\N,\N,\N,\N
12541,1267,252,\N,\N,\N,\N
12542,14661,243,\N,\N,\N,\N
12543,25434,214,\N,\N,\N,\N
12544,28310,230,\N,\N,\N,\N
12545,12295,202,\N,\N,\N,\N
12546,28629,223,\N,\N,\N,\N
12547,11398,264,\N,\N,\N,\N
12548,29943,260,\N,\N,\N,\N
12549,17552,312,\N,\N,\N,\N
12550,1943,213,\N,\N,\N,\N
12551,8237,204,\N,\N,\N,\N
12552,32449,210,\N,\N,\N,\N
12553,39813,212,\N,\N,\N,\N
12554,31706,203,\N,\N,\N,\N
12555,35140,219,\N,\N,\N,\N
12556,23007,205,\N,\N,\N,\N
12557,2655,242,\N,\N,\N,\N
12558,21008,228,\N,\N,\N,\N
12559,26378,224,\N,\N,\N,\N
12560,32169,215,\N,\N,\N,\N
12561,27289,222,\N,\N,\N,\N
12562,4381,208,\N,\N,\N,\N
12563,35172,229,\N,\N,\N,\N
12564,36351,220,\N,\N,\N,\N
12565,27319,227,\N,\N,\N,\N
12566,2221,218,\N,\N,\N,\N
12567,29650,234,\N,\N,\N,\N
12568,16728,235,\N,\N,\N,\N
12569,534,237,\N,\N,\N,\N
12570,32518,233,\N,\N,\N,\N
12571,19977,209,\N,\N,\N,\N
12572,14836,225,\N,\N,\N,\N
12573,16750,252,\N,\N,\N,\N
12574,33164,243,\N,\N,\N,\N
12575,32545,214,\N,\N,\N,\N
12576,11618,230,\N,\N,\N,\N
12577,12782,202,\N,\N,\N,\N
12578,8320,223,\N,\N,\N,\N
12579,3683,264,\N,\N,\N,\N
12580,24711,260,\N,\N,\N,\N
12581,30871,312,\N,\N,\N,\N
12582,37828,213,\N,\N,\N,\N
12583,2277,204,\N,\N,\N,\N
12584,35439,210,\N,\N,\N,\N
12585,35532,212,\N,\N,\N,\N
12586,12603,203,\N,\N,\N,\N
12587,17432,219,\N,\N,\N,\N
12588,14494,205,\N,\N,\N,\N
12589,20622,242,\N,\N,\N,\N
12590,34452,228,\N,\N,\N,\N
12591,39860,224,\N,\N,\N,\N
12592,16640,215,\N,\N,\N,\N
12593,6934,222,\N,\N,\N,\N
12594,20143,208,\N,\N,\N,\N
12595,30113,229,\N,\N,\N,\N
12596,32175,220,\N,\N,\N,\N
12597,37079,227,\N,\N,\N,\N
12598,21996,218,\N,\N,\N,\N
12599,31217,234,\N,\N,\N,\N
12600,20100,235,\N,\N,\N,\N
12601,6854,237,\N,\N,\N,\N
12602,2068,233,\N,\N,\N,\N
12603,4636,209,\N,\N,\N,\N
12604,16825,225,\N,\N,\N,\N
12605,10009,252,\N,\N,\N,\N
12606,30109,243,\N,\N,\N,\N
12607,1628,214,\N,\N,\N,\N
12608,34604,230,\N,\N,\N,\N
12609,15204,202,\N,\N,\N,\N
12610,16365,223,\N,\N,\N,\N
12611,4328,264,\N,\N,\N,\N
12612,33393,260,\N,\N,\N,\N
12613,31248,312,\N,\N,\N,\N
12614,2435,213,\N,\N,\N,\N
12615,31506,204,\N,\N,\N,\N
12616,30632,210,\N,\N,\N,\N
12617,20051,212,\N,\N,\N,\N
12618,1920,203,\N,\N,\N,\N
12619,16469,219,\N,\N,\N,\N
12620,18099,205,\N,\N,\N,\N
12621,29817,242,\N,\N,\N,\N
12622,9287,228,\N,\N,\N,\N
12623,26484,224,\N,\N,\N,\N
12624,11862,215,\N,\N,\N,\N
12625,34769,222,\N,\N,\N,\N
12626,34240,208,\N,\N,\N,\N
12627,29111,229,\N,\N,\N,\N
12628,22577,220,\N,\N,\N,\N
12629,14539,227,\N,\N,\N,\N
12630,35102,218,\N,\N,\N,\N
12631,30705,234,\N,\N,\N,\N
12632,28622,235,\N,\N,\N,\N
12633,13994,237,\N,\N,\N,\N
12634,16940,233,\N,\N,\N,\N
12635,29496,209,\N,\N,\N,\N
12636,38655,225,\N,\N,\N,\N
12637,16199,252,\N,\N,\N,\N
12638,30724,243,\N,\N,\N,\N
12639,29737,214,\N,\N,\N,\N
12640,4555,230,\N,\N,\N,\N
12641,34335,202,\N,\N,\N,\N
12642,29099,223,\N,\N,\N,\N
12643,39386,264,\N,\N,\N,\N
12644,34800,260,\N,\N,\N,\N
12645,26857,312,\N,\N,\N,\N
12646,18221,213,\N,\N,\N,\N
12647,27519,204,\N,\N,\N,\N
12648,5523,210,\N,\N,\N,\N
12649,23539,212,\N,\N,\N,\N
12650,16546,203,\N,\N,\N,\N
12651,8891,219,\N,\N,\N,\N
12652,16844,205,\N,\N,\N,\N
12653,39757,242,\N,\N,\N,\N
12654,12405,228,\N,\N,\N,\N
12655,12326,224,\N,\N,\N,\N
12656,32802,215,\N,\N,\N,\N
12657,26380,222,\N,\N,\N,\N
12658,30228,208,\N,\N,\N,\N
12659,25640,229,\N,\N,\N,\N
12660,16273,220,\N,\N,\N,\N
12661,13141,227,\N,\N,\N,\N
12662,31277,218,\N,\N,\N,\N
12663,3126,234,\N,\N,\N,\N
12664,21348,235,\N,\N,\N,\N
12665,29895,237,\N,\N,\N,\N
12666,27409,233,\N,\N,\N,\N
12667,2206,209,\N,\N,\N,\N
12668,1006,225,\N,\N,\N,\N
12669,10984,252,\N,\N,\N,\N
12670,28037,243,\N,\N,\N,\N
12671,11887,214,\N,\N,\N,\N
12672,35572,230,\N,\N,\N,\N
12673,16097,202,\N,\N,\N,\N
12674,38183,223,\N,\N,\N,\N
12675,38675,264,\N,\N,\N,\N
12676,12708,260,\N,\N,\N,\N
12677,31756,312,\N,\N,\N,\N
12678,28528,213,\N,\N,\N,\N
12679,26189,204,\N,\N,\N,\N
12680,20467,210,\N,\N,\N,\N
12681,24341,212,\N,\N,\N,\N
12682,3761,203,\N,\N,\N,\N
12683,33184,219,\N,\N,\N,\N
12684,21400,205,\N,\N,\N,\N
12685,25185,242,\N,\N,\N,\N
12686,37114,228,\N,\N,\N,\N
12687,34677,224,\N,\N,\N,\N
12688,22704,215,\N,\N,\N,\N
12689,31058,222,\N,\N,\N,\N
12690,11069,208,\N,\N,\N,\N
12691,34258,229,\N,\N,\N,\N
12692,761,220,\N,\N,\N,\N
12693,19740,227,\N,\N,\N,\N
12694,34099,218,\N,\N,\N,\N
12695,19235,234,\N,\N,\N,\N
12696,18123,235,\N,\N,\N,\N
12697,8737,237,\N,\N,\N,\N
12698,30769,233,\N,\N,\N,\N
12699,28508,209,\N,\N,\N,\N
12700,19162,225,\N,\N,\N,\N
12701,1106,252,\N,\N,\N,\N
12702,30808,243,\N,\N,\N,\N
12703,31137,214,\N,\N,\N,\N
12704,31577,230,\N,\N,\N,\N
12705,32132,202,\N,\N,\N,\N
12706,15948,223,\N,\N,\N,\N
12707,14369,264,\N,\N,\N,\N
12708,10677,260,\N,\N,\N,\N
12709,25170,312,\N,\N,\N,\N
12710,14452,213,\N,\N,\N,\N
12711,35476,204,\N,\N,\N,\N
12712,21704,210,\N,\N,\N,\N
12713,26383,212,\N,\N,\N,\N
12714,30881,203,\N,\N,\N,\N
12715,37487,219,\N,\N,\N,\N
12716,13753,205,\N,\N,\N,\N
12717,30973,242,\N,\N,\N,\N
12718,13135,228,\N,\N,\N,\N
12719,22525,224,\N,\N,\N,\N
12720,17108,215,\N,\N,\N,\N
12721,31901,222,\N,\N,\N,\N
12722,38509,208,\N,\N,\N,\N
12723,33519,229,\N,\N,\N,\N
12724,30443,220,\N,\N,\N,\N
12725,31645,227,\N,\N,\N,\N
12726,14344,218,\N,\N,\N,\N
12727,4312,234,\N,\N,\N,\N
12728,17008,235,\N,\N,\N,\N
12729,39535,237,\N,\N,\N,\N
12730,4926,233,\N,\N,\N,\N
12731,25012,209,\N,\N,\N,\N
12732,16435,225,\N,\N,\N,\N
12733,1714,252,\N,\N,\N,\N
12734,4870,243,\N,\N,\N,\N
12735,12661,214,\N,\N,\N,\N
12736,12288,230,\N,\N,\N,\N
12737,24428,202,\N,\N,\N,\N
12738,16300,223,\N,\N,\N,\N
12739,8938,264,\N,\N,\N,\N
12740,23620,260,\N,\N,\N,\N
12741,31060,312,\N,\N,\N,\N
12742,28940,213,\N,\N,\N,\N
12743,35254,204,\N,\N,\N,\N
12744,714,210,\N,\N,\N,\N
12745,3747,212,\N,\N,\N,\N
12746,12820,203,\N,\N,\N,\N
12747,38838,219,\N,\N,\N,\N
12748,6947,205,\N,\N,\N,\N
12749,13469,242,\N,\N,\N,\N
12750,30965,228,\N,\N,\N,\N
12751,37217,224,\N,\N,\N,\N
12752,6345,215,\N,\N,\N,\N
12753,26201,222,\N,\N,\N,\N
12754,39118,208,\N,\N,\N,\N
12755,689,229,\N,\N,\N,\N
12756,37143,220,\N,\N,\N,\N
12757,13986,227,\N,\N,\N,\N
12758,33475,218,\N,\N,\N,\N
12759,1655,234,\N,\N,\N,\N
12760,29172,235,\N,\N,\N,\N
12761,35618,237,\N,\N,\N,\N
12762,19146,233,\N,\N,\N,\N
12763,15467,209,\N,\N,\N,\N
12764,17436,225,\N,\N,\N,\N
12765,7399,252,\N,\N,\N,\N
12766,4622,243,\N,\N,\N,\N
12767,35434,214,\N,\N,\N,\N
12768,21578,230,\N,\N,\N,\N
12769,29191,202,\N,\N,\N,\N
12770,20905,223,\N,\N,\N,\N
12771,17231,264,\N,\N,\N,\N
12772,25963,260,\N,\N,\N,\N
12773,31132,312,\N,\N,\N,\N
12774,19888,213,\N,\N,\N,\N
12775,1223,204,\N,\N,\N,\N
12776,29000,210,\N,\N,\N,\N
12777,9717,212,\N,\N,\N,\N
12778,31666,203,\N,\N,\N,\N
12779,23640,219,\N,\N,\N,\N
12780,37938,205,\N,\N,\N,\N
12781,20701,242,\N,\N,\N,\N
12782,16645,228,\N,\N,\N,\N
12783,33406,224,\N,\N,\N,\N
12784,1337,215,\N,\N,\N,\N
12785,1791,222,\N,\N,\N,\N
12786,2549,208,\N,\N,\N,\N
12787,5642,229,\N,\N,\N,\N
12788,22292,220,\N,\N,\N,\N
12789,13731,227,\N,\N,\N,\N
12790,6788,218,\N,\N,\N,\N
12791,22756,234,\N,\N,\N,\N
12792,30229,235,\N,\N,\N,\N
12793,34972,237,\N,\N,\N,\N
12794,18879,233,\N,\N,\N,\N
12795,3110,209,\N,\N,\N,\N
12796,440,225,\N,\N,\N,\N
12797,6298,252,\N,\N,\N,\N
12798,39417,243,\N,\N,\N,\N
12799,39644,214,\N,\N,\N,\N
12800,7164,230,\N,\N,\N,\N
12801,38980,202,\N,\N,\N,\N
12802,12585,223,\N,\N,\N,\N
12803,11252,264,\N,\N,\N,\N
12804,7814,260,\N,\N,\N,\N
12805,27989,312,\N,\N,\N,\N
12806,31165,213,\N,\N,\N,\N
12807,2165,204,\N,\N,\N,\N
12808,5187,210,\N,\N,\N,\N
12809,3486,212,\N,\N,\N,\N
12810,5011,203,\N,\N,\N,\N
12811,14124,219,\N,\N,\N,\N
12812,23376,205,\N,\N,\N,\N
12813,24888,242,\N,\N,\N,\N
12814,30391,228,\N,\N,\N,\N
12815,17092,224,\N,\N,\N,\N
12816,3120,215,\N,\N,\N,\N
12817,32525,222,\N,\N,\N,\N
12818,31672,208,\N,\N,\N,\N
12819,9687,229,\N,\N,\N,\N
12820,37104,220,\N,\N,\N,\N
12821,36779,227,\N,\N,\N,\N
12822,23862,218,\N,\N,\N,\N
12823,23498,234,\N,\N,\N,\N
12824,1987,235,\N,\N,\N,\N
12825,14284,237,\N,\N,\N,\N
12826,3111,233,\N,\N,\N,\N
12827,34406,209,\N,\N,\N,\N
12828,11669,225,\N,\N,\N,\N
12829,21504,252,\N,\N,\N,\N
12830,17469,243,\N,\N,\N,\N
12831,18584,214,\N,\N,\N,\N
12832,17642,230,\N,\N,\N,\N
12833,26231,202,\N,\N,\N,\N
12834,38906,223,\N,\N,\N,\N
12835,15821,264,\N,\N,\N,\N
12836,28698,260,\N,\N,\N,\N
12837,37457,312,\N,\N,\N,\N
12838,11313,213,\N,\N,\N,\N
12839,9652,204,\N,\N,\N,\N
12840,3217,210,\N,\N,\N,\N
12841,20703,212,\N,\N,\N,\N
12842,23891,203,\N,\N,\N,\N
12843,28459,219,\N,\N,\N,\N
12844,31556,205,\N,\N,\N,\N
12845,10937,242,\N,\N,\N,\N
12846,28553,228,\N,\N,\N,\N
12847,16876,224,\N,\N,\N,\N
12848,22109,215,\N,\N,\N,\N
12849,37284,222,\N,\N,\N,\N
12850,26796,208,\N,\N,\N,\N
12851,27809,229,\N,\N,\N,\N
12852,35631,220,\N,\N,\N,\N
12853,8833,227,\N,\N,\N,\N
12854,24291,218,\N,\N,\N,\N
12855,5161,234,\N,\N,\N,\N
12856,36408,235,\N,\N,\N,\N
12857,2578,237,\N,\N,\N,\N
12858,24598,233,\N,\N,\N,\N
12859,9021,209,\N,\N,\N,\N
12860,2762,225,\N,\N,\N,\N
12861,2275,252,\N,\N,\N,\N
12862,38306,243,\N,\N,\N,\N
12863,1879,214,\N,\N,\N,\N
12864,32755,230,\N,\N,\N,\N
12865,36009,202,\N,\N,\N,\N
12866,31225,223,\N,\N,\N,\N
12867,21771,264,\N,\N,\N,\N
12868,22782,260,\N,\N,\N,\N
12869,28293,312,\N,\N,\N,\N
12870,6518,213,\N,\N,\N,\N
12871,22154,204,\N,\N,\N,\N
12872,7993,210,\N,\N,\N,\N
12873,14235,212,\N,\N,\N,\N
12874,37148,203,\N,\N,\N,\N
12875,18244,219,\N,\N,\N,\N
12876,37255,205,\N,\N,\N,\N
12877,1238,242,\N,\N,\N,\N
12878,28408,228,\N,\N,\N,\N
12879,25306,224,\N,\N,\N,\N
12880,9861,215,\N,\N,\N,\N
12881,8133,222,\N,\N,\N,\N
12882,34958,208,\N,\N,\N,\N
12883,34691,229,\N,\N,\N,\N
12884,19239,220,\N,\N,\N,\N
12885,9115,227,\N,\N,\N,\N
12886,26387,218,\N,\N,\N,\N
12887,6000,234,\N,\N,\N,\N
12888,16340,235,\N,\N,\N,\N
12889,6060,233,\N,\N,\N,\N
12890,27738,209,\N,\N,\N,\N
12891,12897,225,\N,\N,\N,\N
12892,9164,252,\N,\N,\N,\N
12893,31930,243,\N,\N,\N,\N
12894,25908,214,\N,\N,\N,\N
12895,20906,230,\N,\N,\N,\N
12896,31119,202,\N,\N,\N,\N
12897,23159,223,\N,\N,\N,\N
12898,36936,264,\N,\N,\N,\N
12899,38264,260,\N,\N,\N,\N
12900,16080,235,\N,\N,\N,\N
